date,dlog_GoldPrice,dlog_VNIndex_pos,dlog_VNIndex_neg,dlog_OilPrice_pos,dlog_OilPrice_neg,dlog_ExchangeRate_pos,dlog_ExchangeRate_neg,d_CPI_pos,d_CPI_neg,d_IR_pos,d_IR_neg,dlog_GoldReserve_pos,dlog_GoldReserve_neg,dlog_M2_pos,dlog_M2_neg,dlog_GoldDemand_pos,dlog_GoldDemand_neg,dlog_VNIndex,dlog_OilPrice,dlog_ExchangeRate,d_CPI,d_IR,dlog_M2,dlog_GoldReserve,dlog_GoldDemand
2010-10-01,0.09601537,0.374821297,0.0,2.006010803,0.0,0.154122815,0.0,0.0025,0.0,0.0,0.0,0.058779262,0.0,0.013174801,0.0,-0.0869325343988212,-0.0869325343988212,0.374821297,2.006010803,0.154122815,0.0025,0.0,0.013174801,0.058779262,-0.0869325343988212
2010-10-04,0.986797758,0.0,-0.441112316,0.0,-0.171779183,0.076972422,0.0,0.0025,0.0,0.0,0.0,0.058779262,0.0,0.013174801,0.0,-0.0869325343988212,-0.0869325343988212,-0.441112316,-0.171779183,0.076972422,0.0025,0.0,0.013174801,0.058779262,-0.0869325343988212
2010-10-05,0.820193872,0.0,-2.574865188,1.704655913,0.0,0.0,-0.025650892,0.0025,0.0,0.0,0.0,0.058779262,0.0,0.013174801,0.0,-0.0869325343988212,-0.0869325343988212,-2.574865188,1.704655913,-0.025650892,0.0025,0.0,0.013174801,0.058779262,-0.0869325343988212
2010-10-06,2.573241397,2.68532582,0.0,0.45772183,0.0,0.0,-0.051321531,0.0025,0.0,0.0,0.0,0.058779262,0.0,0.013174801,0.0,-0.0869325343988212,-0.0869325343988212,2.68532582,0.45772183,-0.051321531,0.0025,0.0,0.013174801,0.058779262,-0.0869325343988212
2010-10-07,-0.606982137,1.989354052,0.0,0.0,-2.272963243,0.076972422,0.0,0.0025,0.0,0.0,0.0,0.058779262,0.0,0.013174801,0.0,-0.0869325343988212,-0.0869325343988212,1.989354052,-2.272963243,0.076972422,0.0025,0.0,0.013174801,0.058779262,-0.0869325343988212
2010-10-08,-2.153929425,0.0,0.0,1.60979086,0.0,0.0,0.0,0.0025,0.0,0.0,0.0,0.058779262,0.0,0.013174801,0.0,-0.0869325343988212,-0.0869325343988212,0.0,1.60979086,0.0,0.0025,0.0,0.013174801,0.058779262,-0.0869325343988212
2010-10-11,1.359304217,0.0,-1.000660949,0.0,-0.582384563,0.0,-0.128320305,0.0025,0.0,0.0,0.0,0.058779262,0.0,0.013174801,0.0,-0.0869325343988212,-0.0869325343988212,-1.000660949,-0.582384563,-0.128320305,0.0025,0.0,0.013174801,0.058779262,-0.0869325343988212
2010-10-12,-0.245775853,0.0,-0.043734967,0.0,-0.622522609,0.0,-0.102774932,0.0025,0.0,0.0,0.0,0.058779262,0.0,0.013174801,0.0,-0.0869325343988212,-0.0869325343988212,-0.043734967,-0.622522609,-0.102774932,0.0025,0.0,0.013174801,0.058779262,-0.0869325343988212
2010-10-13,0.704983763,0.0,-0.878740277,1.65152509,0.0,0.246482614,0.0,0.0025,0.0,0.0,0.0,0.058779262,0.0,0.013174801,0.0,-0.0869325343988212,-0.0869325343988212,-0.878740277,1.65152509,0.246482614,0.0025,0.0,0.013174801,0.058779262,-0.0869325343988212
2010-10-14,1.274675832,1.445808318,0.0,0.0,-0.386147457,0.0,-0.015387377,0.0025,0.0,0.0,0.0,0.058779262,0.0,0.013174801,0.0,-0.0869325343988212,-0.0869325343988212,1.445808318,-0.386147457,-0.015387377,0.0025,0.0,0.013174801,0.058779262,-0.0869325343988212
2010-10-15,0.21087521,0.0,-0.588942699,0.0,-1.805587664,0.010258515,0.0,0.0025,0.0,0.0,0.0,0.058779262,0.0,0.013174801,0.0,-0.0869325343988212,-0.0869325343988212,-0.588942699,-1.805587664,0.010258515,0.0025,0.0,0.013174801,0.058779262,-0.0869325343988212
2010-10-18,-0.180722941,0.283998006,0.0,2.227860114,0.0,0.0,-0.010258515,0.0025,0.0,0.0,0.0,0.058779262,0.0,0.013174801,0.0,-0.0869325343988212,-0.0869325343988212,0.283998006,2.227860114,-0.010258515,0.0025,0.0,0.013174801,0.058779262,-0.0869325343988212
2010-10-19,0.631106527,0.0,0.0,0.0,-4.292610081,0.0,-0.025650892,0.0025,0.0,0.0,0.0,0.058779262,0.0,0.013174801,0.0,-0.0869325343988212,-0.0869325343988212,0.0,-4.292610081,-0.025650892,0.0025,0.0,0.013174801,0.058779262,-0.0869325343988212
2010-10-20,-1.175243299,0.0,-1.671838323,2.922808676,0.0,0.0,-0.205444346,0.0025,0.0,0.0,0.0,0.058779262,0.0,0.013174801,0.0,-0.0869325343988212,-0.0869325343988212,-1.671838323,2.922808676,-0.205444346,0.0025,0.0,0.013174801,0.058779262,-0.0869325343988212
2010-10-21,0.393284428,0.0,-1.948768133,0.0,-2.346365977,0.205444346,0.0,0.0025,0.0,0.0,0.0,0.058779262,0.0,0.013174801,0.0,-0.0869325343988212,-0.0869325343988212,-1.948768133,-2.346365977,0.205444346,0.0025,0.0,0.013174801,0.058779262,-0.0869325343988212
2010-10-22,-1.092907053,0.60886421,0.0,1.389772958,0.0,0.0,-0.102669414,0.0025,0.0,0.0,0.0,0.058779262,0.0,0.013174801,0.0,-0.0869325343988212,-0.0869325343988212,0.60886421,1.389772958,-0.102669414,0.0025,0.0,0.013174801,0.058779262,-0.0869325343988212
2010-10-25,0.699622626,0.0,-0.022484542,1.04199533,0.0,0.0,-0.102774932,0.0025,0.0,0.0,0.0,0.058779262,0.0,0.013174801,0.0,-0.0869325343988212,-0.0869325343988212,-0.022484542,1.04199533,-0.102774932,0.0025,0.0,0.013174801,0.058779262,-0.0869325343988212
2010-10-26,-0.242792229,1.229203096,0.0,0.729043326,0.0,0.205444346,0.0,0.0025,0.0,0.0,0.0,0.058779262,0.0,0.013174801,0.0,-0.0869325343988212,-0.0869325343988212,1.229203096,0.729043326,0.205444346,0.0025,0.0,0.013174801,0.058779262,-0.0869325343988212
2010-10-27,-0.030390518,1.104495434,0.0,0.0,-0.851068967,0.0,0.0,0.0025,0.0,0.0,0.0,0.058779262,0.0,0.013174801,0.0,-0.0869325343988212,-0.0869325343988212,1.104495434,-0.851068967,0.0,0.0025,0.0,0.013174801,0.058779262,-0.0869325343988212
2010-10-28,-0.09122701,0.0,-1.460526073,0.36563112,0.0,0.0,0.0,0.0025,0.0,0.0,0.0,0.058779262,0.0,0.013174801,0.0,-0.0869325343988212,-0.0869325343988212,-1.460526073,0.36563112,0.0,0.0025,0.0,0.013174801,0.058779262,-0.0869325343988212
2010-10-29,0.546117862,0.422645496,0.0,0.0,-0.916596701,0.0,-0.051321531,0.0025,0.0,0.0,0.0,0.058779262,0.0,0.013174801,0.0,-0.0869325343988212,-0.0869325343988212,0.422645496,-0.916596701,-0.051321531,0.0025,0.0,0.013174801,0.058779262,-0.0869325343988212
2010-11-01,1.561124469,0.288152699,0.0,1.812811977,0.0,0.076972422,0.0,0.0144,0.0,0.0,0.0,0.057021412,0.0,0.012787677,0.0,-0.0869325343988212,-0.0869325343988212,0.288152699,1.812811977,0.076972422,0.0144,0.0,0.012787677,0.057021412,-0.0869325343988212
2010-11-02,0.445832214,0.0,-0.710798195,1.162734106,0.0,0.0,-0.076972422,0.0144,0.0,0.0,0.0,0.057021412,0.0,0.012787677,0.0,-0.0869325343988212,-0.0869325343988212,-0.710798195,1.162734106,-0.076972422,0.0144,0.0,0.012787677,0.057021412,-0.0869325343988212
2010-11-03,0.207376759,0.0,-0.738340976,0.641484737,0.0,0.0,0.0,0.0144,0.0,0.0,0.0,0.057021412,0.0,0.012787677,0.0,-0.0869325343988212,-0.0869325343988212,-0.738340976,0.641484737,0.0,0.0144,0.0,0.012787677,0.057021412,-0.0869325343988212
2010-11-04,1.206074334,0.0,-0.269845003,2.386915706,0.0,0.0,0.0,0.0144,0.0,0.0,0.0,0.057021412,0.0,0.012787677,0.0,-0.0869325343988212,-0.0869325343988212,-0.269845003,2.386915706,0.0,0.0144,0.0,0.012787677,0.057021412,-0.0869325343988212
2010-11-05,2.08340869,1.851698194,0.0,0.415369237,0.0,0.051321531,0.0,0.0144,0.0,0.0,0.0,0.057021412,0.0,0.012787677,0.0,-0.0869325343988212,-0.0869325343988212,1.851698194,0.415369237,0.051321531,0.0144,0.0,0.012787677,0.057021412,-0.0869325343988212
2010-11-08,2.573241397,1.121014047,0.0,0.252990015,0.0,0.0,-0.051321531,0.0144,0.0,0.0,0.0,0.057021412,0.0,0.012787677,0.0,-0.0869325343988212,-0.0869325343988212,1.121014047,0.252990015,-0.051321531,0.0144,0.0,0.012787677,0.057021412,-0.0869325343988212
2010-11-09,2.573241397,0.0,-0.416165314,0.0,-0.034460973,0.0,0.0,0.0144,0.0,0.0,0.0,0.057021412,0.0,0.012787677,0.0,-0.0869325343988212,-0.0869325343988212,-0.416165314,-0.034460973,0.0,0.0144,0.0,0.012787677,0.057021412,-0.0869325343988212
2010-11-10,-1.223007498,0.0,-1.749186633,0.83519735,0.0,0.076972422,0.0,0.0144,0.0,0.0,0.0,0.057021412,0.0,0.012787677,0.0,-0.0869325343988212,-0.0869325343988212,-1.749186633,0.83519735,0.076972422,0.0144,0.0,0.012787677,0.057021412,-0.0869325343988212
2010-11-11,-0.685967843,0.778733494,0.0,0.0,0.0,0.0,-0.025650892,0.0144,0.0,0.0,0.0,0.057021412,0.0,0.012787677,0.0,-0.0869325343988212,-0.0869325343988212,0.778733494,0.0,-0.025650892,0.0144,0.0,0.012787677,0.057021412,-0.0869325343988212
2010-11-12,-1.190984857,0.0,-1.428595725,0.0,-3.336345585,0.0,0.0,0.0144,0.0,0.0,0.0,0.057021412,0.0,0.012787677,0.0,-0.0869325343988212,-0.0869325343988212,-1.428595725,-3.336345585,0.0,0.0144,0.0,0.012787677,0.057021412,-0.0869325343988212
2010-11-15,-2.345690035,0.0,-0.948730857,0.0,-0.011780644,0.0,-0.051321531,0.0144,0.0,0.0,0.0,0.057021412,0.0,0.012787677,0.0,-0.0869325343988212,-0.0869325343988212,-0.948730857,-0.011780644,-0.051321531,0.0144,0.0,0.012787677,0.057021412,-0.0869325343988212
2010-11-16,-0.171477607,0.0,-2.179735262,0.0,-3.0502933,0.0,0.0,0.0144,0.0,0.0,0.0,0.057021412,0.0,0.012787677,0.0,-0.0869325343988212,-0.0869325343988212,-2.179735262,-3.0502933,0.0,0.0144,0.0,0.012787677,0.057021412,-0.0869325343988212
2010-11-17,-1.440531969,0.0,-0.979028799,0.0,-2.334832039,0.076972422,0.0,0.0144,0.0,0.0,0.0,0.057021412,0.0,0.012787677,0.0,-0.0869325343988212,-0.0869325343988212,-0.979028799,-2.334832039,0.076972422,0.0144,0.0,0.012787677,0.057021412,-0.0869325343988212
2010-11-18,2.573241397,0.187222147,0.0,1.786751988,0.0,0.0,-0.025650892,0.0144,0.0,0.0,0.0,0.057021412,0.0,0.012787677,0.0,-0.0869325343988212,-0.0869325343988212,0.187222147,1.786751988,-0.025650892,0.0144,0.0,0.012787677,0.057021412,-0.0869325343988212
2010-11-19,0.280741341,1.554375339,0.0,0.0,-0.281294138,0.0,0.0,0.0144,0.0,0.0,0.0,0.057021412,0.0,0.012787677,0.0,-0.0869325343988212,-0.0869325343988212,1.554375339,-0.281294138,0.0,0.0144,0.0,0.012787677,0.057021412,-0.0869325343988212
2010-11-22,0.168067266,0.0,-2.730306105,0.0,-0.50340827,0.0,0.0,0.0144,0.0,0.0,0.0,0.057021412,0.0,0.012787677,0.0,-0.0869325343988212,-0.0869325343988212,-2.730306105,-0.50340827,0.0,0.0144,0.0,0.012787677,0.057021412,-0.0869325343988212
2010-11-23,-0.027991603,0.824601209,0.0,0.0,-0.555454122,0.0,0.0,0.0144,0.0,0.0,0.0,0.057021412,0.0,0.012787677,0.0,-0.0869325343988212,-0.0869325343988212,0.824601209,-0.555454122,0.0,0.0144,0.0,0.012787677,0.057021412,-0.0869325343988212
2010-11-24,0.69745017,1.00386042,0.0,2.951433742,0.0,0.025650892,0.0,0.0144,0.0,0.0,0.0,0.057021412,0.0,0.012787677,0.0,-0.0869325343988212,-0.0869325343988212,1.00386042,2.951433742,0.025650892,0.0144,0.0,0.012787677,0.057021412,-0.0869325343988212
2010-11-25,-0.417886107,0.970881413,0.0,0.0,0.0,0.0,0.0,0.0144,0.0,0.0,0.0,0.057021412,0.0,0.012787677,0.0,-0.0869325343988212,-0.0869325343988212,0.970881413,0.0,0.0,0.0144,0.0,0.012787677,0.057021412,-0.0869325343988212
2010-11-26,-0.083787185,1.642747414,0.0,0.790044808,0.0,0.0,0.0,0.0144,0.0,0.0,0.0,0.057021412,0.0,0.012787677,0.0,-0.0869325343988212,-0.0869325343988212,1.642747414,0.790044808,0.0,0.0144,0.0,0.012787677,0.057021412,-0.0869325343988212
2010-11-29,0.027936863,0.0,-0.909303833,2.193484169,0.0,0.0,0.0,0.0144,0.0,0.0,0.0,0.057021412,0.0,0.012787677,0.0,-0.0869325343988212,-0.0869325343988212,-0.909303833,2.193484169,0.0,0.0144,0.0,0.012787677,0.057021412,-0.0869325343988212
2010-11-30,0.47373643,2.770135467,0.0,0.0,-1.895847186,0.015387377,0.0,0.0116,0.0,0.0,0.0,0.014517264,0.0,0.0,-0.024921843,-0.0869325343988212,-0.0869325343988212,2.770135467,-1.895847186,0.015387377,0.0116,0.0,-0.024921843,0.014517264,-0.0869325343988212
2010-12-01,1.050894627,0.177541103,0.0,3.078606799,0.0,0.0,-0.015387377,0.0116,0.0,0.0,0.0,0.014517264,0.0,0.0,-0.024921843,-0.0869325343988212,-0.0869325343988212,0.177541103,3.078606799,-0.015387377,0.0116,0.0,-0.024921843,0.014517264,-0.0869325343988212
2010-12-02,-0.165198275,0.0,-0.19975592,1.407909709,0.0,0.0,0.0,0.0116,0.0,0.0,0.0,0.014517264,0.0,0.0,-0.024921843,-0.0869325343988212,-0.0869325343988212,-0.19975592,1.407909709,0.0,0.0116,0.0,-0.024921843,0.014517264,-0.0869325343988212
2010-12-03,-0.303574126,2.67442507,0.0,1.354728328,0.0,0.015387377,0.0,0.0116,0.0,0.0,0.0,0.014517264,0.0,0.0,-0.024921843,-0.0869325343988212,-0.0869325343988212,2.67442507,1.354728328,0.015387377,0.0116,0.0,-0.024921843,0.014517264,-0.0869325343988212
2010-12-06,1.154176044,1.075741871,0.0,0.168057851,0.0,0.0,0.0,0.0116,0.0,0.0,0.0,0.014517264,0.0,0.0,-0.024921843,-0.0869325343988212,-0.0869325343988212,1.075741871,0.168057851,0.0,0.0116,0.0,-0.024921843,0.014517264,-0.0869325343988212
2010-12-07,-0.027326138,0.0,-1.205612019,0.0,-0.719023433,0.0,-0.041038269,0.0116,0.0,0.0,0.0,0.014517264,0.0,0.0,-0.024921843,-0.0869325343988212,-0.0869325343988212,-1.205612019,-0.719023433,-0.041038269,0.0116,0.0,-0.024921843,0.014517264,-0.0869325343988212
2010-12-08,-1.84807356,0.0,-0.499403926,0.0,-0.440703578,0.041038269,0.0,0.0116,0.0,0.0,0.0,0.014517264,0.0,0.0,-0.024921843,-0.0869325343988212,-0.0869325343988212,-0.499403926,-0.440703578,0.041038269,0.0116,0.0,-0.024921843,0.014517264,-0.0869325343988212
2010-12-09,-0.334635003,0.0,-1.934126226,0.056609116,0.0,0.0,-0.015387377,0.0116,0.0,0.0,0.0,0.014517264,0.0,0.0,-0.024921843,-0.0869325343988212,-0.0869325343988212,-1.934126226,0.056609116,-0.015387377,0.0116,0.0,-0.024921843,0.014517264,-0.0869325343988212
2010-12-10,0.0,3.102717754,0.0,0.0,-0.613080939,0.0,-0.025650892,0.0116,0.0,0.0,0.0,0.014517264,0.0,0.0,-0.024921843,-0.0869325343988212,-0.0869325343988212,3.102717754,-0.613080939,-0.025650892,0.0116,0.0,-0.024921843,0.014517264,-0.0869325343988212
2010-12-13,0.0,3.540507138,0.0,0.91821764,0.0,0.041038269,0.0,0.0116,0.0,0.0,0.0,0.014517264,0.0,0.0,-0.024921843,-0.0869325343988212,-0.0869325343988212,3.540507138,0.91821764,0.041038269,0.0116,0.0,-0.024921843,0.014517264,-0.0869325343988212
2010-12-14,0.0,1.61310287,0.0,0.0,-0.327776501,0.0,-0.041038269,0.0116,0.0,0.0,0.0,0.014517264,0.0,0.0,-0.024921843,-0.0869325343988212,-0.0869325343988212,1.61310287,-0.327776501,-0.041038269,0.0116,0.0,-0.024921843,0.014517264,-0.0869325343988212
2010-12-15,0.0,0.0,-0.182463305,0.372902856,0.0,0.041038269,0.0,0.0116,0.0,0.0,0.0,0.014517264,0.0,0.0,-0.024921843,-0.0869325343988212,-0.0869325343988212,-0.182463305,0.372902856,0.041038269,0.0116,0.0,-0.024921843,0.014517264,-0.0869325343988212
2010-12-16,0.0,0.0,-1.657326937,0.0,-1.077291135,0.0,-0.015387377,0.0116,0.0,0.0,0.0,0.014517264,0.0,0.0,-0.024921843,-0.0869325343988212,-0.0869325343988212,-1.657326937,-1.077291135,-0.015387377,0.0116,0.0,-0.024921843,0.014517264,-0.0869325343988212
2010-12-17,0.0,0.0,-0.35134892,0.352814342,0.0,0.0,0.0,0.0116,0.0,0.0,0.0,0.014517264,0.0,0.0,-0.024921843,-0.0869325343988212,-0.0869325343988212,-0.35134892,0.352814342,0.0,0.0116,0.0,-0.024921843,0.014517264,-0.0869325343988212
2010-12-20,0.0,0.947874395,0.0,0.747032337,0.0,0.0,0.0,0.0116,0.0,0.0,0.0,0.014517264,0.0,0.0,-0.024921843,-0.0869325343988212,-0.0869325343988212,0.947874395,0.747032337,0.0,0.0116,0.0,-0.024921843,0.014517264,-0.0869325343988212
2010-12-21,0.0,0.0,-3.421276527,0.696710313,0.0,0.0,0.0,0.0116,0.0,0.0,0.0,0.014517264,0.0,0.0,-0.024921843,-0.0869325343988212,-0.0869325343988212,-3.421276527,0.696710313,0.0,0.0116,0.0,-0.024921843,0.014517264,-0.0869325343988212
2010-12-22,0.0,3.540507138,0.0,0.591750736,0.0,0.0,0.0,0.0116,0.0,0.0,0.0,0.014517264,0.0,0.0,-0.024921843,-0.0869325343988212,-0.0869325343988212,3.540507138,0.591750736,0.0,0.0116,0.0,-0.024921843,0.014517264,-0.0869325343988212
2010-12-23,0.0,0.0,-1.360845743,1.1180722,0.0,0.0,-0.025650892,0.0116,0.0,0.0,0.0,0.014517264,0.0,0.0,-0.024921843,-0.0869325343988212,-0.0869325343988212,-1.360845743,1.1180722,-0.025650892,0.0116,0.0,-0.024921843,0.014517264,-0.0869325343988212
2010-12-24,0.0,0.0,-1.569234,0.0,0.0,0.041038269,0.0,0.0116,0.0,0.0,0.0,0.014517264,0.0,0.0,-0.024921843,-0.0869325343988212,-0.0869325343988212,-1.569234,0.0,0.041038269,0.0116,0.0,-0.024921843,0.014517264,-0.0869325343988212
2010-12-27,0.0,0.315822981,0.0,0.164989313,0.0,0.0,-0.041038269,0.0116,0.0,0.0,0.0,0.014517264,0.0,0.0,-0.024921843,-0.0869325343988212,-0.0869325343988212,0.315822981,0.164989313,-0.041038269,0.0116,0.0,-0.024921843,0.014517264,-0.0869325343988212
2010-12-28,0.0,0.0,-0.844421315,0.537075879,0.0,0.0,-0.051321531,0.0116,0.0,0.0,0.0,0.014517264,0.0,0.0,-0.024921843,-0.0869325343988212,-0.0869325343988212,-0.844421315,0.537075879,-0.051321531,0.0116,0.0,-0.024921843,0.014517264,-0.0869325343988212
2010-12-29,0.0,1.848403812,0.0,0.0,-0.383331065,0.051321531,0.0,0.0116,0.0,0.0,0.0,0.014517264,0.0,0.0,-0.024921843,-0.0869325343988212,-0.0869325343988212,1.848403812,-0.383331065,0.051321531,0.0116,0.0,-0.024921843,0.014517264,-0.0869325343988212
2010-12-30,0.0,0.0,-0.689153819,0.0,-1.414544528,0.0,-0.205444346,0.0116,0.0,0.0,0.0,0.014517264,0.0,0.0,-0.024921843,-0.0869325343988212,-0.0869325343988212,-0.689153819,-1.414544528,-0.205444346,0.0116,0.0,-0.024921843,0.014517264,-0.0869325343988212
2010-12-31,0.0,0.772365806,0.0,1.688502291,0.0,0.231095237,0.0,0.0209,0.0,0.01,0.0,0.025987235,0.0,0.005150021,0.0,-0.0869325343988212,-0.0869325343988212,0.772365806,1.688502291,0.231095237,0.0209,0.01,0.005150021,0.025987235,-0.0869325343988212
2011-01-03,0.0,0.0,0.0,0.229545928,0.0,0.0,0.0,0.0209,0.0,0.01,0.0,0.025987235,0.0,0.005150021,0.0,0.3453528116689526,0.3453528116689526,0.0,0.229545928,0.0,0.0209,0.01,0.005150021,0.025987235,0.3453528116689526
2011-01-04,0.0,0.993180107,0.0,0.0,-2.431327632,0.015387377,0.0,0.0209,0.0,0.01,0.0,0.025987235,0.0,0.005150021,0.0,0.3453528116689526,0.3453528116689526,0.993180107,-2.431327632,0.015387377,0.0209,0.01,0.005150021,0.025987235,0.3453528116689526
2011-01-05,0.0,0.451931747,0.0,1.012864132,0.0,0.0,0.0,0.0209,0.0,0.01,0.0,0.025987235,0.0,0.005150021,0.0,0.3453528116689526,0.3453528116689526,0.451931747,1.012864132,0.0,0.0209,0.01,0.005150021,0.025987235,0.3453528116689526
2011-01-06,0.0,0.0,-1.445111854,0.0,-2.160491489,0.0,-0.015387377,0.0209,0.0,0.01,0.0,0.025987235,0.0,0.005150021,0.0,0.3453528116689526,0.3453528116689526,-1.445111854,-2.160491489,-0.015387377,0.0209,0.01,0.005150021,0.025987235,0.3453528116689526
2011-01-07,0.0,0.394314094,0.0,0.0,-0.340059271,0.015387377,0.0,0.0209,0.0,0.01,0.0,0.025987235,0.0,0.005150021,0.0,0.3453528116689526,0.3453528116689526,0.394314094,-0.340059271,0.015387377,0.0209,0.01,0.005150021,0.025987235,0.3453528116689526
2011-01-10,0.0,0.186239061,0.0,1.319741675,0.0,0.0,-0.015387377,0.0209,0.0,0.01,0.0,0.025987235,0.0,0.005150021,0.0,0.3453528116689526,0.3453528116689526,0.186239061,1.319741675,-0.015387377,0.0209,0.01,0.005150021,0.025987235,0.3453528116689526
2011-01-11,0.0,0.0,-1.185414734,2.073819816,0.0,0.0,-0.231095237,0.0209,0.0,0.01,0.0,0.025987235,0.0,0.005150021,0.0,0.3453528116689526,0.3453528116689526,-1.185414734,2.073819816,-0.231095237,0.0209,0.01,0.005150021,0.025987235,0.3453528116689526
2011-01-12,0.0,0.584065073,0.0,0.808924394,0.0,0.231095237,0.0,0.0209,0.0,0.01,0.0,0.025987235,0.0,0.005150021,0.0,0.3453528116689526,0.3453528116689526,0.584065073,0.808924394,0.231095237,0.0209,0.01,0.005150021,0.025987235,0.3453528116689526
2011-01-13,0.0,0.0,-0.166527932,0.0,-0.502074838,0.0,-0.076972422,0.0209,0.0,0.01,0.0,0.025987235,0.0,0.005150021,0.0,0.3453528116689526,0.3453528116689526,-0.166527932,-0.502074838,-0.076972422,0.0209,0.01,0.005150021,0.025987235,0.3453528116689526
2011-01-14,0.0,1.468333691,0.0,0.153072411,0.0,0.076972422,0.0,0.0209,0.0,0.01,0.0,0.025987235,0.0,0.005150021,0.0,0.3453528116689526,0.3453528116689526,1.468333691,0.153072411,0.076972422,0.0209,0.01,0.005150021,0.025987235,0.3453528116689526
2011-01-17,0.0,1.18368729,0.0,0.0,0.0,0.0,-0.025650892,0.0209,0.0,0.01,0.0,0.025987235,0.0,0.005150021,0.0,0.3453528116689526,0.3453528116689526,1.18368729,0.0,-0.025650892,0.0209,0.01,0.005150021,0.025987235,0.3453528116689526
2011-01-18,0.0,0.848489939,0.0,0.0,-0.164015126,0.041038269,0.0,0.0209,0.0,0.01,0.0,0.025987235,0.0,0.005150021,0.0,0.3453528116689526,0.3453528116689526,0.848489939,-0.164015126,0.041038269,0.0209,0.01,0.005150021,0.025987235,0.3453528116689526
2011-01-19,0.0,1.556917676,0.0,0.0,-0.581684129,0.0,-0.015387377,0.0209,0.0,0.01,0.0,0.025987235,0.0,0.005150021,0.0,0.3453528116689526,0.3453528116689526,1.556917676,-0.581684129,-0.015387377,0.0209,0.01,0.005150021,0.025987235,0.3453528116689526
2011-01-20,0.0,1.044241584,0.0,0.0,-2.552950644,0.0,-0.025650892,0.0209,0.0,0.01,0.0,0.025987235,0.0,0.005150021,0.0,0.3453528116689526,0.3453528116689526,1.044241584,-2.552950644,-0.025650892,0.0209,0.01,0.005150021,0.025987235,0.3453528116689526
2011-01-21,0.0,1.575141949,0.0,0.0,-0.384659372,0.025650892,0.0,0.0209,0.0,0.01,0.0,0.025987235,0.0,0.005150021,0.0,0.3453528116689526,0.3453528116689526,1.575141949,-0.384659372,0.025650892,0.0209,0.01,0.005150021,0.025987235,0.3453528116689526
2011-01-24,-1.123607327,1.417648263,0.0,0.0,-1.691855627,0.015387377,0.0,0.0209,0.0,0.01,0.0,0.025987235,0.0,0.005150021,0.0,0.3453528116689526,0.3453528116689526,1.417648263,-1.691855627,0.015387377,0.0209,0.01,0.005150021,0.025987235,0.3453528116689526
2011-01-25,-0.651837365,0.0,-4.195604674,0.0,-1.932314808,0.0,0.0,0.0209,0.0,0.01,0.0,0.025987235,0.0,0.005150021,0.0,0.3453528116689526,0.3453528116689526,-4.195604674,-1.932314808,0.0,0.0209,0.01,0.005150021,0.025987235,0.3453528116689526
2011-01-26,0.085263612,0.0,-1.177305826,1.249797264,0.0,0.0,-0.015387377,0.0209,0.0,0.01,0.0,0.025987235,0.0,0.005150021,0.0,0.3453528116689526,0.3453528116689526,-1.177305826,1.249797264,-0.015387377,0.0209,0.01,0.005150021,0.025987235,0.3453528116689526
2011-01-27,0.566573754,0.620312144,0.0,0.0,-1.993031972,0.0,0.0,0.0209,0.0,0.01,0.0,0.025987235,0.0,0.005150021,0.0,0.3453528116689526,0.3453528116689526,0.620312144,-1.993031972,0.0,0.0209,0.01,0.005150021,0.025987235,0.3453528116689526
2011-01-28,-0.908065264,0.298775245,0.0,4.288026559,0.0,0.0,0.0,0.0209,0.0,0.01,0.0,0.025987235,0.0,0.005150021,0.0,0.3453528116689526,0.3453528116689526,0.298775245,4.288026559,0.0,0.0209,0.01,0.005150021,0.025987235,0.3453528116689526
2011-01-31,0.0,0.0,0.0,3.170970152,0.0,0.0,0.0,0.0226,0.0,0.0,0.0,0.035582194,0.0,0.039680291,0.0,0.3453528116689526,0.3453528116689526,0.0,3.170970152,0.0,0.0226,0.0,0.039680291,0.035582194,0.3453528116689526
2011-02-01,0.0,0.0,0.0,0.0,-1.606415756,0.0,-0.025650892,0.0226,0.0,0.0,0.0,0.035582194,0.0,0.039680291,0.0,0.3453528116689526,0.3453528116689526,0.0,-1.606415756,-0.025650892,0.0226,0.0,0.039680291,0.035582194,0.3453528116689526
2011-02-02,0.0,0.0,0.0,0.267678054,0.0,0.0,0.0,0.0226,0.0,0.0,0.0,0.035582194,0.0,0.039680291,0.0,0.3453528116689526,0.3453528116689526,0.0,0.267678054,0.0,0.0226,0.0,0.039680291,0.035582194,0.3453528116689526
2011-02-03,0.0,0.0,0.0,0.0,-0.401786255,0.0,0.0,0.0226,0.0,0.0,0.0,0.035582194,0.0,0.039680291,0.0,0.3453528116689526,0.3453528116689526,0.0,-0.401786255,0.0,0.0226,0.0,0.039680291,0.035582194,0.3453528116689526
2011-02-04,0.0,0.0,0.0,0.0,-1.74859213,0.0,0.0,0.0226,0.0,0.0,0.0,0.035582194,0.0,0.039680291,0.0,0.3453528116689526,0.3453528116689526,0.0,-1.74859213,0.0,0.0226,0.0,0.039680291,0.035582194,0.3453528116689526
2011-02-07,0.0,0.0,0.0,0.0,-1.802885142,0.0,0.0,0.0226,0.0,0.0,0.0,0.035582194,0.0,0.039680291,0.0,0.3453528116689526,0.3453528116689526,0.0,-1.802885142,0.0,0.0226,0.0,0.039680291,0.035582194,0.3453528116689526
2011-02-08,2.449791666,2.533272434,0.0,0.0,-0.522801075,0.041038269,0.0,0.0226,0.0,0.0,0.0,0.035582194,0.0,0.039680291,0.0,0.3453528116689526,0.3453528116689526,2.533272434,-0.522801075,0.041038269,0.0226,0.0,0.039680291,0.035582194,0.3453528116689526
2011-02-09,0.277777956,2.489596218,0.0,0.0,-0.303313345,0.0,-0.015387377,0.0226,0.0,0.0,0.0,0.035582194,0.0,0.039680291,0.0,0.3453528116689526,0.3453528116689526,2.489596218,-0.303313345,-0.015387377,0.0226,0.0,0.039680291,0.035582194,0.3453528116689526
2011-02-10,-0.277777956,0.0,-1.026624986,0.0,-0.175407868,0.0,-0.076972422,0.0226,0.0,0.0,0.0,0.035582194,0.0,0.039680291,0.0,0.3453528116689526,0.3453528116689526,-1.026624986,-0.175407868,-0.076972422,0.0226,0.0,0.039680291,0.035582194,0.3453528116689526
2011-02-11,0.0,0.0,-0.095593163,0.0,-1.236546404,0.507615303,0.0,0.0226,0.0,0.0,0.0,0.035582194,0.0,0.039680291,0.0,0.3453528116689526,0.3453528116689526,-0.095593163,-1.236546404,0.507615303,0.0226,0.0,0.039680291,0.035582194,0.3453528116689526
2011-02-14,0.277777956,0.0,-0.402492158,0.0,-0.868794516,0.507615303,0.0,0.0226,0.0,0.0,0.0,0.035582194,0.0,0.039680291,0.0,0.3453528116689526,0.3453528116689526,-0.402492158,-0.868794516,0.507615303,0.0226,0.0,0.039680291,0.035582194,0.3453528116689526
2011-02-15,0.166297156,0.0,-2.213682628,0.0,-0.635531847,0.0,0.0,0.0226,0.0,0.0,0.0,0.035582194,0.0,0.039680291,0.0,0.3453528116689526,0.3453528116689526,-2.213682628,-0.635531847,0.0,0.0226,0.0,0.039680291,0.035582194,0.3453528116689526
2011-02-16,0.689943402,2.079157768,0.0,0.802735995,0.0,0.0,-0.436554171,0.0226,0.0,0.0,0.0,0.035582194,0.0,0.039680291,0.0,0.3453528116689526,0.3453528116689526,2.079157768,0.802735995,-0.436554171,0.0226,0.0,0.039680291,0.035582194,0.3453528116689526
2011-02-17,1.25719065,0.0,-1.804647792,1.480631135,0.0,0.359842058,0.0,0.0226,0.0,0.0,0.0,0.035582194,0.0,0.039680291,0.0,0.3453528116689526,0.3453528116689526,-1.804647792,1.480631135,0.359842058,0.0226,0.0,0.039680291,0.035582194,0.3453528116689526
2011-02-18,0.676684136,0.0,-0.313787275,0.0,-0.023518344,0.0,0.0,0.0226,0.0,0.0,0.0,0.035582194,0.0,0.039680291,0.0,0.3453528116689526,0.3453528116689526,-0.313787275,-0.023518344,0.0,0.0226,0.0,0.039680291,0.035582194,0.3453528116689526
2011-02-21,1.233259598,0.0,-2.264697504,0.0,0.0,0.0,-0.047904193,0.0226,0.0,0.0,0.0,0.035582194,0.0,0.039680291,0.0,0.3453528116689526,0.3453528116689526,-2.264697504,0.0,-0.047904193,0.0226,0.0,0.039680291,0.035582194,0.3453528116689526
2011-02-22,1.112889069,0.0,-4.195604674,6.428831324,0.0,0.023954965,0.0,0.0226,0.0,0.0,0.0,0.035582194,0.0,0.039680291,0.0,0.3453528116689526,0.3453528116689526,-4.195604674,6.428831324,0.023954965,0.0226,0.0,0.039680291,0.035582194,0.3453528116689526
2011-02-23,-0.714005413,0.341734634,0.0,3.593581862,0.0,0.023949228,0.0,0.0226,0.0,0.0,0.0,0.035582194,0.0,0.039680291,0.0,0.3453528116689526,0.3453528116689526,0.341734634,3.593581862,0.023949228,0.0226,0.0,0.039680291,0.035582194,0.3453528116689526
2011-02-24,0.502979221,0.0,-1.417245109,0.0,-0.2188983,0.047881255,0.0,0.0226,0.0,0.0,0.0,0.035582194,0.0,0.039680291,0.0,0.3453528116689526,0.3453528116689526,-1.417245109,-0.2188983,0.047881255,0.0226,0.0,0.039680291,0.035582194,0.3453528116689526
2011-02-25,-0.370370794,0.0,-0.390032997,0.71744524,0.0,0.0,-0.023937762,0.0226,0.0,0.0,0.0,0.035582194,0.0,0.039680291,0.0,0.3453528116689526,0.3453528116689526,-0.390032997,0.71744524,-0.023937762,0.0226,0.0,0.039680291,0.035582194,0.3453528116689526
2011-02-28,0.052994172,1.401338012,0.0,0.599113454,0.0,0.0,-0.047892721,0.0202,0.0,0.0,0.0,0.0,-0.054775138,0.033617635,0.0,0.3453528116689526,0.3453528116689526,1.401338012,0.599113454,-0.047892721,0.0202,0.0,0.033617635,-0.054775138,0.3453528116689526
2011-03-01,-0.424741812,0.0,-1.923759749,2.572194876,0.0,0.0,-0.023954965,0.0202,0.0,0.0,0.0,0.0,-0.054775138,0.033617635,0.0,0.3453528116689526,0.3453528116689526,-1.923759749,2.572194876,-0.023954965,0.0202,0.0,0.033617635,-0.054775138,0.3453528116689526
2011-03-02,-0.159744443,1.322512501,0.0,2.615305076,0.0,0.0,-0.047927152,0.0202,0.0,0.0,0.0,0.0,-0.054775138,0.033617635,0.0,0.3453528116689526,0.3453528116689526,1.322512501,2.615305076,-0.047927152,0.0202,0.0,0.033617635,-0.054775138,0.3453528116689526
2011-03-03,0.716848948,0.0,-3.17278555,0.0,-0.342818299,0.0,-0.436554171,0.0202,0.0,0.0,0.0,0.0,-0.054775138,0.033617635,0.0,0.3453528116689526,0.3453528116689526,-3.17278555,-0.342818299,-0.436554171,0.0202,0.0,0.033617635,-0.054775138,0.3453528116689526
2011-03-04,-0.37105794,1.083482131,0.0,2.346660577,0.0,0.168410962,0.0,0.0202,0.0,0.0,0.0,0.0,-0.054775138,0.033617635,0.0,0.3453528116689526,0.3453528116689526,1.083482131,2.346660577,0.168410962,0.0202,0.0,0.033617635,-0.054775138,0.3453528116689526
2011-03-07,0.185701075,2.282955981,0.0,0.982316802,0.0,0.288046287,0.0,0.0202,0.0,0.0,0.0,0.0,-0.054775138,0.033617635,0.0,0.3453528116689526,0.3453528116689526,2.282955981,0.982316802,0.288046287,0.0202,0.0,0.033617635,-0.054775138,0.3453528116689526
2011-03-08,-0.29197101,1.408774633,0.0,0.0,-0.294635009,0.023966447,0.0,0.0202,0.0,0.0,0.0,0.0,-0.054775138,0.033617635,0.0,0.3453528116689526,0.3453528116689526,1.408774633,-0.294635009,0.023966447,0.0202,0.0,0.033617635,-0.054775138,0.3453528116689526
2011-03-09,-0.212879271,0.633849576,0.0,0.0,-0.639773011,0.0,0.0,0.0202,0.0,0.0,0.0,0.0,-0.054775138,0.033617635,0.0,0.3453528116689526,0.3453528116689526,0.633849576,-0.639773011,0.0,0.0202,0.0,0.033617635,-0.054775138,0.3453528116689526
2011-03-10,-0.079946706,0.0,-1.549431401,0.0,-1.602969819,0.0,-0.215905086,0.0202,0.0,0.0,0.0,0.0,-0.054775138,0.033617635,0.0,0.3453528116689526,0.3453528116689526,-1.549431401,-1.602969819,-0.215905086,0.0202,0.0,0.033617635,-0.054775138,0.3453528116689526
2011-03-11,-1.639601305,3.540507138,0.0,0.0,-1.559849158,0.23986579,0.0,0.0202,0.0,0.0,0.0,0.0,-0.054775138,0.033617635,0.0,0.3453528116689526,0.3453528116689526,3.540507138,-1.559849158,0.23986579,0.0202,0.0,0.033617635,-0.054775138,0.3453528116689526
2011-03-14,0.863470017,0.386926458,0.0,0.05930612,0.0,0.0,-0.335973438,0.0202,0.0,0.0,0.0,0.0,-0.054775138,0.033617635,0.0,0.3453528116689526,0.3453528116689526,0.386926458,0.05930612,-0.335973438,0.0202,0.0,0.033617635,-0.054775138,0.3453528116689526
2011-03-15,-0.457789947,0.0,-4.195604674,0.0,-4.001945103,0.312012734,0.0,0.0202,0.0,0.0,0.0,0.0,-0.054775138,0.033617635,0.0,0.3453528116689526,0.3453528116689526,-4.195604674,-4.001945103,0.312012734,0.0202,0.0,0.033617635,-0.054775138,0.3453528116689526
2011-03-16,-0.459895305,0.0,-0.703852751,0.778612683,0.0,0.0,-0.023966447,0.0202,0.0,0.0,0.0,0.0,-0.054775138,0.033617635,0.0,0.3453528116689526,0.3453528116689526,-0.703852751,0.778612683,-0.023966447,0.0202,0.0,0.033617635,-0.054775138,0.3453528116689526
2011-03-17,0.054215236,0.0,-1.227537757,3.489775564,0.0,0.0,0.0,0.0202,0.0,0.0,0.0,0.0,-0.054775138,0.033617635,0.0,0.3453528116689526,0.3453528116689526,-1.227537757,3.489775564,0.0,0.0202,0.0,0.033617635,-0.054775138,0.3453528116689526
2011-03-18,0.486618965,0.0,-0.456076369,0.0,-0.404878843,0.0,-0.047950133,0.0202,0.0,0.0,0.0,0.0,-0.054775138,0.033617635,0.0,0.3453528116689526,0.3453528116689526,-0.456076369,-0.404878843,-0.047950133,0.0202,0.0,0.033617635,-0.054775138,0.3453528116689526
2011-03-21,0.107816722,1.683614126,0.0,1.278161143,0.0,0.095877284,0.0,0.0202,0.0,0.0,0.0,0.0,-0.054775138,0.033617635,0.0,0.3453528116689526,0.3453528116689526,1.683614126,1.278161143,0.095877284,0.0202,0.0,0.033617635,-0.054775138,0.3453528116689526
2011-03-22,-0.242751299,0.640070459,0.0,2.097810025,0.0,0.0,-0.191846582,0.0202,0.0,0.0,0.0,0.0,-0.054775138,0.033617635,0.0,0.3453528116689526,0.3453528116689526,0.640070459,2.097810025,-0.191846582,0.0202,0.0,0.033617635,-0.054775138,0.3453528116689526
2011-03-23,-0.162162198,0.0,-1.327358388,0.648424128,0.0,0.28763203,0.0,0.0202,0.0,0.0,0.0,0.0,-0.054775138,0.033617635,0.0,0.3453528116689526,0.3453528116689526,-1.327358388,0.648424128,0.28763203,0.0202,0.0,0.033617635,-0.054775138,0.3453528116689526
2011-03-24,0.0,0.2367884,0.0,0.0,-0.161712283,0.0,-0.023937762,0.0202,0.0,0.0,0.0,0.0,-0.054775138,0.033617635,0.0,0.3453528116689526,0.3453528116689526,0.2367884,-0.161712283,-0.023937762,0.0202,0.0,0.033617635,-0.054775138,0.3453528116689526
2011-03-25,-0.135336331,0.0,-0.842064784,0.0,-0.142904802,0.0,-0.119774838,0.0202,0.0,0.0,0.0,0.0,-0.054775138,0.033617635,0.0,0.3453528116689526,0.3453528116689526,-0.842064784,-0.142904802,-0.119774838,0.0202,0.0,0.033617635,-0.054775138,0.3453528116689526
2011-03-28,-0.652176225,0.0,-0.608962299,0.0,-1.29541705,0.1437126,0.0,0.0202,0.0,0.0,0.0,0.0,-0.054775138,0.033617635,0.0,0.3453528116689526,0.3453528116689526,-0.608962299,-1.29541705,0.1437126,0.0202,0.0,0.033617635,-0.054775138,0.3453528116689526
2011-03-29,-0.629018893,0.500490654,0.0,0.769678612,0.0,0.0,-0.119746152,0.0202,0.0,0.0,0.0,0.0,-0.054775138,0.033617635,0.0,0.3453528116689526,0.3453528116689526,0.500490654,0.769678612,-0.119746152,0.0202,0.0,0.033617635,-0.054775138,0.3453528116689526
2011-03-30,0.273972774,0.0,-1.047358472,0.0,-0.518882686,0.143678186,0.0,0.0202,0.0,0.0,0.0,0.0,-0.054775138,0.033617635,0.0,0.3453528116689526,0.3453528116689526,-1.047358472,-0.518882686,0.143678186,0.0202,0.0,0.033617635,-0.054775138,0.3453528116689526
2011-03-31,0.817443244,1.394054377,0.0,2.276397168,0.0,0.0,-0.071813289,0.0248,0.0,0.02,0.0,0.049547931,0.0,0.0,-0.159490666,0.3453528116689526,0.3453528116689526,1.394054377,2.276397168,-0.071813289,0.0248,0.02,-0.159490666,0.049547931,0.3453528116689526
2011-04-01,0.162689841,0.0,-0.324992161,1.27259133,0.0,0.143575043,0.0,0.0248,0.0,0.02,0.0,0.049547931,0.0,0.0,-0.159490666,0.20079246847740162,0.20079246847740162,-0.324992161,1.27259133,0.143575043,0.0248,0.02,-0.159490666,0.049547931,0.2007924684774016
2011-04-04,-0.597827867,0.0,-0.17376199,0.547082824,0.0,0.0,-0.383325817,0.0248,0.0,0.02,0.0,0.049547931,0.0,0.0,-0.159490666,0.20079246847740162,0.20079246847740162,-0.17376199,0.547082824,-0.383325817,0.0248,0.02,-0.159490666,0.049547931,0.2007924684774016
2011-04-05,-0.136369856,0.0,-0.392071946,0.0,-0.296351393,0.0,0.0,0.0248,0.0,0.02,0.0,0.049547931,0.0,0.0,-0.159490666,0.20079246847740162,0.20079246847740162,-0.392071946,-0.296351393,0.0,0.0248,0.02,-0.159490666,0.049547931,0.2007924684774016
2011-04-06,0.571507883,0.065452168,0.0,0.518040011,0.0,0.263694268,0.0,0.0248,0.0,0.02,0.0,0.049547931,0.0,0.0,-0.159490666,0.20079246847740162,0.20079246847740162,0.065452168,0.518040011,0.263694268,0.0248,0.02,-0.159490666,0.049547931,0.2007924684774016
2011-04-07,0.027133361,1.343174439,0.0,1.319909171,0.0,0.023937762,0.0,0.0248,0.0,0.02,0.0,0.049547931,0.0,0.0,-0.159490666,0.20079246847740162,0.20079246847740162,1.343174439,1.319909171,0.023937762,0.0248,0.02,-0.159490666,0.049547931,0.2007924684774016
2011-04-08,0.702895568,0.0,-0.474547914,2.206402262,0.0,0.0,-0.431758886,0.0248,0.0,0.02,0.0,0.049547931,0.0,0.0,-0.159490666,0.20079246847740162,0.20079246847740162,-0.474547914,2.206402262,-0.431758886,0.0248,0.02,-0.159490666,0.049547931,0.2007924684774016
2011-04-11,0.349603691,0.0,0.0,0.0,-2.498213521,0.0,0.0,0.0248,0.0,0.02,0.0,0.049547931,0.0,0.0,-0.159490666,0.20079246847740162,0.20079246847740162,0.0,-2.498213521,0.0,0.0248,0.02,-0.159490666,0.049547931,0.2007924684774016
2011-04-12,0.0,0.0,0.0,0.0,-3.484673133,0.0,0.0,0.0248,0.0,0.02,0.0,0.049547931,0.0,0.0,-0.159490666,0.20079246847740162,0.20079246847740162,0.0,-3.484673133,0.0,0.0248,0.02,-0.159490666,0.049547931,0.2007924684774016
2011-04-13,-0.754517188,0.366893689,0.0,0.800569381,0.0,0.479617226,0.0,0.0248,0.0,0.02,0.0,0.049547931,0.0,0.0,-0.159490666,0.20079246847740162,0.20079246847740162,0.366893689,0.800569381,0.479617226,0.0248,0.02,-0.159490666,0.049547931,0.2007924684774016
2011-04-14,0.027045301,0.0,-0.930641929,1.054458517,0.0,0.0,-0.19157094,0.0248,0.0,0.02,0.0,0.049547931,0.0,0.0,-0.159490666,0.20079246847740162,0.20079246847740162,-0.930641929,1.054458517,-0.19157094,0.0248,0.02,-0.159490666,0.049547931,0.2007924684774016
2011-04-15,0.377868196,0.498862329,0.0,1.327820339,0.0,0.0,0.0,0.0248,0.0,0.02,0.0,0.049547931,0.0,0.0,-0.159490666,0.20079246847740162,0.20079246847740162,0.498862329,1.327820339,0.0,0.0248,0.02,-0.159490666,0.049547931,0.2007924684774016
2011-04-18,0.188400002,0.0,-0.825553244,0.0,-2.288514198,0.0,0.0,0.0248,0.0,0.02,0.0,0.049547931,0.0,0.0,-0.159490666,0.20079246847740162,0.20079246847740162,-0.825553244,-2.288514198,0.0,0.0248,0.02,-0.159490666,0.049547931,0.2007924684774016
2011-04-19,0.295341871,0.0,-1.052641299,0.448850576,0.0,0.19157094,0.0,0.0248,0.0,0.02,0.0,0.049547931,0.0,0.0,-0.159490666,0.20079246847740162,0.20079246847740162,-1.052641299,0.448850576,0.19157094,0.0248,0.02,-0.159490666,0.049547931,0.2007924684774016
2011-04-20,0.0,0.2202159,0.0,3.357805593,0.0,0.023920584,0.0,0.0248,0.0,0.02,0.0,0.049547931,0.0,0.0,-0.159490666,0.20079246847740162,0.20079246847740162,0.2202159,3.357805593,0.023920584,0.0248,0.02,-0.159490666,0.049547931,0.2007924684774016
2011-04-21,0.827664583,0.832425398,0.0,0.790802108,0.0,0.071727439,0.0,0.0248,0.0,0.02,0.0,0.049547931,0.0,0.0,-0.159490666,0.20079246847740162,0.20079246847740162,0.832425398,0.790802108,0.071727439,0.0248,0.02,-0.159490666,0.049547931,0.2007924684774016
2011-04-22,-0.239584834,0.543893433,0.0,0.0,0.0,0.0,-0.311191155,0.0248,0.0,0.02,0.0,0.049547931,0.0,0.0,-0.159490666,0.20079246847740162,0.20079246847740162,0.543893433,0.0,-0.311191155,0.0248,0.02,-0.159490666,0.049547931,0.2007924684774016
2011-04-25,0.133173545,0.0,-0.413088967,0.0,-0.035810206,0.215543132,0.0,0.0248,0.0,0.02,0.0,0.049547931,0.0,0.0,-0.159490666,0.20079246847740162,0.20079246847740162,-0.413088967,-0.035810206,0.215543132,0.0248,0.02,-0.159490666,0.049547931,0.2007924684774016
2011-04-26,-0.400053874,1.040321476,0.0,0.035810206,0.0,0.0,-0.436554171,0.0248,0.0,0.02,0.0,0.049547931,0.0,0.0,-0.159490666,0.20079246847740162,0.20079246847740162,1.040321476,0.035810206,-0.436554171,0.0248,0.02,-0.159490666,0.049547931,0.2007924684774016
2011-04-27,-0.026727249,0.47322093,0.0,0.52671639,0.0,0.0,-0.387597384,0.0248,0.0,0.02,0.0,0.049547931,0.0,0.0,-0.159490666,0.20079246847740162,0.20079246847740162,0.47322093,0.52671639,-0.387597384,0.0248,0.02,-0.159490666,0.049547931,0.2007924684774016
2011-04-28,0.825240941,1.321699053,0.0,0.062308071,0.0,0.0,-0.436554171,0.0248,0.0,0.02,0.0,0.049547931,0.0,0.0,-0.159490666,0.20079246847740162,0.20079246847740162,1.321699053,0.062308071,-0.436554171,0.0248,0.02,-0.159490666,0.049547931,0.2007924684774016
2011-04-29,-0.026514649,1.095208925,0.0,0.89472183,0.0,0.340881752,0.0,0.0248,0.0,0.02,0.0,0.049547931,0.0,0.0,-0.159490666,0.20079246847740162,0.20079246847740162,1.095208925,0.89472183,0.340881752,0.0248,0.02,-0.159490666,0.049547931,0.2007924684774016
2011-05-02,0.026514649,0.0,0.0,0.0,-0.317993378,0.0,0.0,0.0262,0.0,0.01,0.0,0.009155769,0.0,0.067977113,0.0,0.20079246847740162,0.20079246847740162,0.0,-0.317993378,0.0,0.0262,0.01,0.067977113,0.009155769,0.2007924684774016
2011-05-03,0.0,0.0,0.0,0.0,-2.173318111,0.145737213,0.0,0.0262,0.0,0.01,0.0,0.009155769,0.0,0.067977113,0.0,0.20079246847740162,0.20079246847740162,0.0,-2.173318111,0.145737213,0.0262,0.01,0.067977113,0.009155769,0.2007924684774016
2011-05-04,0.502447176,1.228286495,0.0,0.0,-1.650067066,0.145525129,0.0,0.0262,0.0,0.01,0.0,0.009155769,0.0,0.067977113,0.0,0.20079246847740162,0.20079246847740162,1.228286495,-1.650067066,0.145525129,0.0262,0.01,0.067977113,0.009155769,0.2007924684774016
2011-05-05,-0.688197528,0.557104505,0.0,0.0,-6.814898374,0.0,-0.194080604,0.0262,0.0,0.01,0.0,0.009155769,0.0,0.067977113,0.0,0.20079246847740162,0.20079246847740162,0.557104505,-6.814898374,-0.194080604,0.0262,0.01,0.067977113,0.009155769,0.2007924684774016
2011-05-06,-0.93396276,0.0,-2.817087697,0.0,-3.069970711,0.024280685,0.0,0.0262,0.0,0.01,0.0,0.009155769,0.0,0.067977113,0.0,0.20079246847740162,0.20079246847740162,-2.817087697,-3.069970711,0.024280685,0.0262,0.01,0.067977113,0.009155769,0.2007924684774016
2011-05-09,0.668005156,0.0,-0.743497849,3.499520345,0.0,0.024274791,0.0,0.0262,0.0,0.01,0.0,0.009155769,0.0,0.067977113,0.0,0.20079246847740162,0.20079246847740162,-0.743497849,3.499520345,0.024274791,0.0262,0.01,0.067977113,0.009155769,0.2007924684774016
2011-05-10,0.0,2.109782896,0.0,3.014316871,0.0,0.0,0.0,0.0262,0.0,0.01,0.0,0.009155769,0.0,0.067977113,0.0,0.20079246847740162,0.20079246847740162,2.109782896,3.014316871,0.0,0.0262,0.01,0.067977113,0.009155769,0.2007924684774016
2011-05-11,0.133067219,0.020874648,0.0,0.0,-5.476600702,0.0,-0.097134539,0.0262,0.0,0.01,0.0,0.009155769,0.0,0.067977113,0.0,0.20079246847740162,0.20079246847740162,0.020874648,-5.476600702,-0.097134539,0.0262,0.01,0.067977113,0.009155769,0.2007924684774016
2011-05-12,-0.801072375,0.831432767,0.0,0.661883176,0.0,0.0,0.0,0.0262,0.0,0.01,0.0,0.009155769,0.0,0.067977113,0.0,0.20079246847740162,0.20079246847740162,0.831432767,0.661883176,0.0,0.0262,0.01,0.067977113,0.009155769,0.2007924684774016
2011-05-13,0.401338331,0.0,-0.227955751,0.687774533,0.0,0.048579063,0.0,0.0262,0.0,0.01,0.0,0.009155769,0.0,0.067977113,0.0,0.20079246847740162,0.20079246847740162,-0.227955751,0.687774533,0.048579063,0.0262,0.01,0.067977113,0.009155769,0.2007924684774016
2011-05-16,-0.374532273,0.0,-0.624351664,0.0,-2.345610292,0.0,0.0,0.0262,0.0,0.01,0.0,0.009155769,0.0,0.067977113,0.0,0.20079246847740162,0.20079246847740162,-0.624351664,-2.345610292,0.0,0.0262,0.01,0.067977113,0.009155769,0.2007924684774016
2011-05-17,0.080375088,0.0,-1.578149534,0.0,-0.527651113,0.290979837,0.0,0.0262,0.0,0.01,0.0,0.009155769,0.0,0.067977113,0.0,0.20079246847740162,0.20079246847740162,-1.578149534,-0.527651113,0.290979837,0.0262,0.01,0.067977113,0.009155769,0.2007924684774016
2011-05-18,-0.053576213,0.0,-2.817693667,3.185242737,0.0,0.483092727,0.0,0.0262,0.0,0.01,0.0,0.009155769,0.0,0.067977113,0.0,0.20079246847740162,0.20079246847740162,-2.817693667,3.185242737,0.483092727,0.0262,0.01,0.067977113,0.009155769,0.2007924684774016
2011-05-19,-0.026798875,0.0,-1.649657997,0.0,-1.549319634,0.0,-0.289575492,0.0262,0.0,0.01,0.0,0.009155769,0.0,0.067977113,0.0,0.20079246847740162,0.20079246847740162,-1.649657997,-1.549319634,-0.289575492,0.0262,0.01,0.067977113,0.009155769,0.2007924684774016
2011-05-20,0.107152435,0.0,-1.339604762,1.176842232,0.0,0.048320851,0.0,0.0262,0.0,0.01,0.0,0.009155769,0.0,0.067977113,0.0,0.20079246847740162,0.20079246847740162,-1.339604762,1.176842232,0.048320851,0.0262,0.01,0.067977113,0.009155769,0.2007924684774016
2011-05-23,0.133779284,0.0,-3.290221394,0.0,-2.130451099,0.0,-0.145032658,0.0262,0.0,0.01,0.0,0.009155769,0.0,0.067977113,0.0,0.20079246847740162,0.20079246847740162,-3.290221394,-2.130451099,-0.145032658,0.0262,0.01,0.067977113,0.009155769,0.2007924684774016
2011-05-24,0.240352633,0.0,-4.195604674,2.110277607,0.0,0.0,-0.436364329,0.0262,0.0,0.01,0.0,0.009155769,0.0,0.067977113,0.0,0.20079246847740162,0.20079246847740162,-4.195604674,2.110277607,-0.436364329,0.0262,0.01,0.067977113,0.009155769,0.2007924684774016
2011-05-25,0.319574173,0.0,-4.195604674,1.650780321,0.0,0.0,0.0,0.0262,0.0,0.01,0.0,0.009155769,0.0,0.067977113,0.0,0.20079246847740162,0.20079246847740162,-4.195604674,1.650780321,0.0,0.0262,0.01,0.067977113,0.009155769,0.2007924684774016
2011-05-26,-0.212935934,0.0,-0.56774346,0.0,-0.597135532,0.097134539,0.0,0.0262,0.0,0.01,0.0,0.009155769,0.0,0.067977113,0.0,0.20079246847740162,0.20079246847740162,-0.56774346,-0.597135532,0.097134539,0.0262,0.01,0.067977113,0.009155769,0.2007924684774016
2011-05-27,0.026641801,3.540507138,0.0,0.398486281,0.0,0.0,-0.194363521,0.0262,0.0,0.01,0.0,0.009155769,0.0,0.067977113,0.0,0.20079246847740162,0.20079246847740162,3.540507138,0.398486281,-0.194363521,0.0262,0.01,0.067977113,0.009155769,0.2007924684774016
2011-05-30,0.398777612,2.500433703,0.0,0.0,0.0,0.0,-0.24348685,0.0262,0.0,0.01,0.0,0.009155769,0.0,0.067977113,0.0,0.20079246847740162,0.20079246847740162,2.500433703,0.0,-0.24348685,0.0262,0.01,0.067977113,0.009155769,0.2007924684774016
2011-05-31,0.291429535,0.0,-0.504748097,2.085868619,0.0,0.0,-0.048768594,0.041,0.0,0.01,0.0,0.075309392,0.0,0.004107006,0.0,0.20079246847740162,0.20079246847740162,-0.504748097,2.085868619,-0.048768594,0.041,0.01,0.004107006,0.075309392,0.2007924684774016
2011-06-01,-0.317965292,1.909365882,0.0,0.0,-2.364642197,0.340881752,0.0,0.041,0.0,0.01,0.0,0.075309392,0.0,0.004107006,0.0,0.20079246847740162,0.20079246847740162,1.909365882,-2.364642197,0.340881752,0.041,0.01,0.004107006,0.075309392,0.2007924684774016
2011-06-02,0.344416819,3.540507138,0.0,0.109610892,0.0,0.0,-0.340881752,0.041,0.0,0.01,0.0,0.075309392,0.0,0.004107006,0.0,0.20079246847740162,0.20079246847740162,3.540507138,0.109610892,-0.340881752,0.041,0.01,0.004107006,0.075309392,0.2007924684774016
2011-06-03,-0.264830663,3.346118908,0.0,0.0,-0.12955306,0.097513416,0.0,0.041,0.0,0.01,0.0,0.075309392,0.0,0.004107006,0.0,0.20079246847740162,0.20079246847740162,3.346118908,-0.12955306,0.097513416,0.041,0.01,0.004107006,0.075309392,0.2007924684774016
2011-06-06,0.660766247,0.0,-4.195604674,0.0,-1.213960231,0.29197101,0.0,0.041,0.0,0.01,0.0,0.075309392,0.0,0.004107006,0.0,0.20079246847740162,0.20079246847740162,-4.195604674,-1.213960231,0.29197101,0.041,0.01,0.004107006,0.075309392,0.2007924684774016
2011-06-07,0.105318598,1.844944712,0.0,0.110971008,0.0,0.0,-0.243249938,0.041,0.0,0.01,0.0,0.075309392,0.0,0.004107006,0.0,0.20079246847740162,0.20079246847740162,1.844944712,0.110971008,-0.243249938,0.041,0.01,0.004107006,0.075309392,0.2007924684774016
2011-06-08,-0.369101395,0.517727662,0.0,1.590431123,0.0,0.243249938,0.0,0.041,0.0,0.01,0.0,0.075309392,0.0,0.004107006,0.0,0.20079246847740162,0.20079246847740162,0.517727662,1.590431123,0.243249938,0.041,0.01,0.004107006,0.075309392,0.2007924684774016
2011-06-09,-0.132152788,0.0,-1.26526767,1.164180473,0.0,0.0,-0.243249938,0.041,0.0,0.01,0.0,0.075309392,0.0,0.004107006,0.0,0.20079246847740162,0.20079246847740162,-1.26526767,1.164180473,-0.243249938,0.041,0.01,0.004107006,0.075309392,0.2007924684774016
2011-06-10,0.369588594,1.51193222,0.0,0.0,-2.633692597,0.0,-0.048721073,0.041,0.0,0.01,0.0,0.075309392,0.0,0.004107006,0.0,0.20079246847740162,0.20079246847740162,1.51193222,-2.633692597,-0.048721073,0.041,0.01,0.004107006,0.075309392,0.2007924684774016
2011-06-13,-0.581396987,0.0,-0.674159857,0.0,-2.137485958,0.170420005,0.0,0.041,0.0,0.01,0.0,0.075309392,0.0,0.004107006,0.0,0.20079246847740162,0.20079246847740162,-0.674159857,-2.137485958,0.170420005,0.041,0.01,0.004107006,0.075309392,0.2007924684774016
2011-06-14,-0.132608427,0.0,-0.542619464,2.207954578,0.0,0.0,-0.073001585,0.041,0.0,0.01,0.0,0.075309392,0.0,0.004107006,0.0,0.20079246847740162,0.20079246847740162,-0.542619464,2.207954578,-0.073001585,0.041,0.01,0.004107006,0.075309392,0.2007924684774016
2011-06-15,0.026535757,0.407240382,0.0,0.0,-4.676444235,0.097323609,0.0,0.041,0.0,0.01,0.0,0.075309392,0.0,0.004107006,0.0,0.20079246847740162,0.20079246847740162,0.407240382,-4.676444235,0.097323609,0.041,0.01,0.004107006,0.075309392,0.2007924684774016
2011-06-16,0.238505479,0.0,-0.74787884,0.126462236,0.0,0.194363521,0.0,0.041,0.0,0.01,0.0,0.075309392,0.0,0.004107006,0.0,0.20079246847740162,0.20079246847740162,-0.74787884,0.126462236,0.194363521,0.041,0.01,0.004107006,0.075309392,0.2007924684774016
2011-06-17,0.185111781,1.42294891,0.0,0.0,-2.053591346,0.507615303,0.0,0.041,0.0,0.01,0.0,0.075309392,0.0,0.004107006,0.0,0.20079246847740162,0.20079246847740162,1.42294891,-2.053591346,0.507615303,0.041,0.01,0.004107006,0.075309392,0.2007924684774016
2011-06-20,0.474434206,0.0,-1.764751681,0.225503451,0.0,0.0,-0.436554171,0.041,0.0,0.01,0.0,0.075309392,0.0,0.004107006,0.0,0.20079246847740162,0.20079246847740162,-1.764751681,0.225503451,-0.436554171,0.041,0.01,0.004107006,0.075309392,0.2007924684774016
2011-06-21,0.105124845,0.0,-1.217146729,0.502863094,0.0,0.0,-0.048579063,0.041,0.0,0.01,0.0,0.075309392,0.0,0.004107006,0.0,0.20079246847740162,0.20079246847740162,-1.217146729,0.502863094,-0.048579063,0.041,0.01,0.004107006,0.075309392,0.2007924684774016
2011-06-22,0.078771174,2.622428241,0.0,1.335756106,0.0,0.0,-0.29197101,0.041,0.0,0.01,0.0,0.075309392,0.0,0.004107006,0.0,0.20079246847740162,0.20079246847740162,2.622428241,1.335756106,-0.29197101,0.041,0.01,0.004107006,0.075309392,0.2007924684774016
2011-06-23,-0.131319782,0.0,-1.679567398,0.0,-4.589839318,0.243368336,0.0,0.041,0.0,0.01,0.0,0.075309392,0.0,0.004107006,0.0,0.20079246847740162,0.20079246847740162,-1.679567398,-4.589839318,0.243368336,0.041,0.01,0.004107006,0.075309392,0.2007924684774016
2011-06-24,-0.606302108,0.0,-0.160348219,0.209262701,0.0,0.0,-0.145949916,0.041,0.0,0.01,0.0,0.075309392,0.0,0.004107006,0.0,0.20079246847740162,0.20079246847740162,-0.160348219,0.209262701,-0.145949916,0.041,0.01,0.004107006,0.075309392,0.2007924684774016
2011-06-27,-0.423954,0.183234133,0.0,0.0,-0.264404693,0.145949916,0.0,0.041,0.0,0.01,0.0,0.075309392,0.0,0.004107006,0.0,0.20079246847740162,0.20079246847740162,0.183234133,-0.264404693,0.145949916,0.041,0.01,0.004107006,0.075309392,0.2007924684774016
2011-06-28,-0.079691862,0.0,-1.081340342,2.451770862,0.0,0.0,0.0,0.041,0.0,0.01,0.0,0.075309392,0.0,0.004107006,0.0,0.20079246847740162,0.20079246847740162,-1.081340342,2.451770862,0.0,0.041,0.01,0.004107006,0.075309392,0.2007924684774016
2011-06-29,0.265392937,0.184885655,0.0,2.077305056,0.0,0.0,0.0,0.041,0.0,0.01,0.0,0.075309392,0.0,0.004107006,0.0,0.20079246847740162,0.20079246847740162,0.184885655,2.077305056,0.0,0.041,0.01,0.004107006,0.075309392,0.2007924684774016
2011-06-30,0.052994172,0.34574196,0.0,0.473311428,0.0,0.0,-0.292113158,0.0282,0.0,0.01,0.0,0.00432259,0.0,0.007531263,0.0,0.20079246847740162,0.20079246847740162,0.34574196,0.473311428,-0.292113158,0.0282,0.01,0.007531263,0.00432259,0.2007924684774016
2011-07-01,-0.531209748,0.0,-0.484374145,0.0,-0.515492173,0.0,0.0,0.0282,0.0,0.01,0.0,0.00432259,0.0,0.007531263,0.0,-0.2860395864542773,-0.2860395864542773,-0.484374145,-0.515492173,0.0,0.0282,0.01,0.007531263,0.00432259,-0.2860395864542773
2011-07-04,0.026627613,0.0,-1.749315745,0.0,0.0,0.194836886,0.0,0.0282,0.0,0.01,0.0,0.00432259,0.0,0.007531263,0.0,-0.2860395864542773,-0.2860395864542773,-1.749315745,0.0,0.194836886,0.0282,0.01,0.007531263,0.00432259,-0.2860395864542773
2011-07-05,-0.053262318,0.094073384,0.0,2.201100702,0.0,0.097276272,0.0,0.0282,0.0,0.01,0.0,0.00432259,0.0,0.007531263,0.0,-0.2860395864542773,-0.2860395864542773,0.094073384,2.201100702,0.097276272,0.0282,0.01,0.007531263,0.00432259,-0.2860395864542773
2011-07-06,0.0,1.307818734,0.0,0.0,-0.258277947,0.0,0.0,0.0282,0.0,0.01,0.0,0.00432259,0.0,0.007531263,0.0,-0.2860395864542773,-0.2860395864542773,1.307818734,-0.258277947,0.0,0.0282,0.01,0.007531263,0.00432259,-0.2860395864542773
2011-07-07,0.372241855,0.0,-0.628420548,2.078182996,0.0,0.048602674,0.0,0.0282,0.0,0.01,0.0,0.00432259,0.0,0.007531263,0.0,-0.2860395864542773,-0.2860395864542773,-0.628420548,2.078182996,0.048602674,0.0282,0.01,0.007531263,0.00432259,-0.2860395864542773
2011-07-08,0.212089157,0.396132407,0.0,0.0,-2.565558877,0.0,0.0,0.0282,0.0,0.01,0.0,0.00432259,0.0,0.007531263,0.0,-0.2860395864542773,-0.2860395864542773,0.396132407,-2.565558877,0.0,0.0282,0.01,0.007531263,0.00432259,-0.2860395864542773
2011-07-11,0.686199578,0.069743116,0.0,0.0,-1.086967224,0.0,0.0,0.0282,0.0,0.01,0.0,0.00432259,0.0,0.007531263,0.0,-0.2860395864542773,-0.2860395864542773,0.069743116,-1.086967224,0.0,0.0282,0.01,0.007531263,0.00432259,-0.2860395864542773
2011-07-12,0.157687286,0.0,-1.215820448,2.336918935,0.0,0.0,-0.145878946,0.0282,0.0,0.01,0.0,0.00432259,0.0,0.007531263,0.0,-0.2860395864542773,-0.2860395864542773,-1.215820448,2.336918935,-0.145878946,0.0282,0.01,0.007531263,0.00432259,-0.2860395864542773
2011-07-13,1.304479755,0.0,-0.684529995,0.644668388,0.0,0.048649964,0.0,0.0282,0.0,0.01,0.0,0.00432259,0.0,0.007531263,0.0,-0.2860395864542773,-0.2860395864542773,-0.684529995,0.644668388,0.048649964,0.0282,0.01,0.007531263,0.00432259,-0.2860395864542773
2011-07-14,0.98014713,0.0,-0.975849705,0.0,-2.36349306,0.0,-0.097323609,0.0282,0.0,0.01,0.0,0.00432259,0.0,0.007531263,0.0,-0.2860395864542773,-0.2860395864542773,-0.975849705,-2.36349306,-0.097323609,0.0282,0.01,0.007531263,0.00432259,-0.2860395864542773
2011-07-15,-0.282740196,0.405776902,0.0,1.544152139,0.0,0.048673644,0.0,0.0282,0.0,0.01,0.0,0.00432259,0.0,0.007531263,0.0,-0.2860395864542773,-0.2860395864542773,0.405776902,1.544152139,0.048673644,0.0282,0.01,0.007531263,0.00432259,-0.2860395864542773
2011-07-18,1.304199537,0.0,-1.657297449,0.0,-1.345915337,0.0,-0.048673644,0.0282,0.0,0.01,0.0,0.00432259,0.0,0.007531263,0.0,-0.2860395864542773,-0.2860395864542773,-1.657297449,-1.345915337,-0.048673644,0.0282,0.01,0.007531263,0.00432259,-0.2860395864542773
2011-07-19,0.532118321,0.699894253,0.0,1.602681257,0.0,0.330514542,0.0,0.0282,0.0,0.01,0.0,0.00432259,0.0,0.007531263,0.0,-0.2860395864542773,-0.2860395864542773,0.699894253,1.602681257,0.330514542,0.0282,0.01,0.007531263,0.00432259,-0.2860395864542773
2011-07-20,-0.93945086,0.0,-1.380334303,0.633948953,0.0,0.0,-0.135961952,0.0282,0.0,0.01,0.0,0.00432259,0.0,0.007531263,0.0,-0.2860395864542773,-0.2860395864542773,-1.380334303,0.633948953,-0.135961952,0.0282,0.01,0.007531263,0.00432259,-0.2860395864542773
2011-07-21,0.66107538,1.620545804,0.0,0.862642991,0.0,0.0,-0.145878946,0.0282,0.0,0.01,0.0,0.00432259,0.0,0.007531263,0.0,-0.2860395864542773,-0.2860395864542773,1.620545804,0.862642991,-0.145878946,0.0282,0.01,0.007531263,0.00432259,-0.2860395864542773
2011-07-22,-0.533605637,0.0,-0.901362958,0.574337817,0.0,0.097276272,0.0,0.0282,0.0,0.01,0.0,0.00432259,0.0,0.007531263,0.0,-0.2860395864542773,-0.2860395864542773,-0.901362958,0.574337817,0.097276272,0.0282,0.01,0.007531263,0.00432259,-0.2860395864542773
2011-07-25,0.963496297,0.0,-0.938882678,0.0,-0.564233235,0.0,-0.097276272,0.0282,0.0,0.01,0.0,0.00432259,0.0,0.007531263,0.0,-0.2860395864542773,-0.2860395864542773,-0.938882678,-0.564233235,-0.097276272,0.0282,0.01,0.007531263,0.00432259,-0.2860395864542773
2011-07-26,0.0,0.0,-0.073340671,0.644578725,0.0,0.097276272,0.0,0.0282,0.0,0.01,0.0,0.00432259,0.0,0.007531263,0.0,-0.2860395864542773,-0.2860395864542773,-0.073340671,0.644578725,0.097276272,0.0282,0.01,0.007531263,0.00432259,-0.2860395864542773
2011-07-27,0.0,0.156395125,0.0,0.0,-2.243635051,0.0,-0.097276272,0.0282,0.0,0.01,0.0,0.00432259,0.0,0.007531263,0.0,-0.2860395864542773,-0.2860395864542773,0.156395125,-2.243635051,-0.097276272,0.0282,0.01,0.007531263,0.00432259,-0.2860395864542773
2011-07-28,0.0,0.0,-0.083054454,0.082101811,0.0,0.048649964,0.0,0.0282,0.0,0.01,0.0,0.00432259,0.0,0.007531263,0.0,-0.2860395864542773,-0.2860395864542773,-0.083054454,0.082101811,0.048649964,0.0282,0.01,0.007531263,0.00432259,-0.2860395864542773
2011-07-29,0.779192079,0.0,-0.396680165,0.0,-1.863793855,0.097228982,0.0,0.0282,0.0,0.01,0.0,0.00432259,0.0,0.007531263,0.0,-0.2860395864542773,-0.2860395864542773,-0.396680165,-1.863793855,0.097228982,0.0282,0.01,0.007531263,0.00432259,-0.2860395864542773
2011-08-01,-0.20050132,0.0,-0.674530511,0.0,-0.734294708,0.0,0.0,0.0142,0.0,0.0,0.0,0.0,-0.020365211,0.0216457,0.0,-0.2860395864542773,-0.2860395864542773,-0.674530511,-0.734294708,0.0,0.0142,0.0,0.0216457,-0.020365211,-0.2860395864542773
2011-08-02,0.525460986,0.0,-1.473103179,0.0,-1.271472946,0.0,-0.097228982,0.0142,0.0,0.0,0.0,0.0,-0.020365211,0.0216457,0.0,-0.2860395864542773,-0.2860395864542773,-1.473103179,-1.271472946,-0.097228982,0.0142,0.0,0.0216457,-0.020365211,-0.2860395864542773
2011-08-03,2.538019685,0.0,-1.342573036,0.0,-2.057707938,0.0,-0.292255444,0.0142,0.0,0.0,0.0,0.0,-0.020365211,0.0216457,0.0,-0.2860395864542773,-0.2860395864542773,-1.342573036,-2.057707938,-0.292255444,0.0142,0.0,0.0216457,-0.020365211,-0.2860395864542773
2011-08-04,0.412772226,0.0,-0.170368622,0.0,-5.734411546,0.340881752,0.0,0.0142,0.0,0.0,0.0,0.0,-0.020365211,0.0216457,0.0,-0.2860395864542773,-0.2860395864542773,-0.170368622,-5.734411546,0.340881752,0.0142,0.0,0.0216457,-0.020365211,-0.2860395864542773
2011-08-05,0.386941232,0.482381356,0.0,0.161253202,0.0,0.0,-0.048626308,0.0142,0.0,0.0,0.0,0.0,-0.020365211,0.0216457,0.0,-0.2860395864542773,-0.2860395864542773,0.482381356,0.161253202,-0.048626308,0.0142,0.0,0.0216457,-0.020365211,-0.2860395864542773
2011-08-08,2.573241397,1.100725192,0.0,0.0,-6.686600609,0.2914038,0.0,0.0142,0.0,0.0,0.0,0.0,-0.020365211,0.0216457,0.0,-0.2860395864542773,-0.2860395864542773,1.100725192,-6.686600609,0.2914038,0.0142,0.0,0.0216457,-0.020365211,-0.2860395864542773
2011-08-09,2.573241397,0.0,-2.64489135,0.0,-2.428664111,0.507615303,0.0,0.0142,0.0,0.0,0.0,0.0,-0.020365211,0.0216457,0.0,-0.2860395864542773,-0.2860395864542773,-2.64489135,-2.428664111,0.507615303,0.0142,0.0,0.0216457,-0.020365211,-0.2860395864542773
2011-08-10,-2.345690035,0.0,-0.046309399,4.595253241,0.0,0.0,-0.096292737,0.0142,0.0,0.0,0.0,0.0,-0.020365211,0.0216457,0.0,-0.2860395864542773,-0.2860395864542773,-0.046309399,4.595253241,-0.096292737,0.0142,0.0,0.0216457,-0.020365211,-0.2860395864542773
2011-08-11,2.474816969,0.0,-1.975116182,2.883959439,0.0,0.240558211,0.0,0.0142,0.0,0.0,0.0,0.0,-0.020365211,0.0216457,0.0,-0.2860395864542773,-0.2860395864542773,-1.975116182,2.883959439,0.240558211,0.0142,0.0,0.0216457,-0.020365211,-0.2860395864542773
2011-08-12,-1.11733006,1.085945725,0.0,0.0,-0.33983744,0.0,0.0,0.0142,0.0,0.0,0.0,0.0,-0.020365211,0.0216457,0.0,-0.2860395864542773,-0.2860395864542773,1.085945725,-0.33983744,0.0,0.0142,0.0,0.0216457,-0.020365211,-0.2860395864542773
2011-08-15,-1.129955525,0.0,-0.171504343,3.108819146,0.0,0.0,-0.04806537,0.0142,0.0,0.0,0.0,0.0,-0.020365211,0.0216457,0.0,-0.2860395864542773,-0.2860395864542773,-0.171504343,3.108819146,-0.04806537,0.0142,0.0,0.0216457,-0.020365211,-0.2860395864542773
2011-08-16,1.80185055,0.0,-0.218704524,0.0,-1.409523135,0.0,-0.240674003,0.0142,0.0,0.0,0.0,0.0,-0.020365211,0.0216457,0.0,-0.2860395864542773,-0.2860395864542773,-0.218704524,-1.409523135,-0.240674003,0.0142,0.0,0.0216457,-0.020365211,-0.2860395864542773
2011-08-17,0.0,1.034612696,0.0,1.067564521,0.0,0.144473899,0.0,0.0142,0.0,0.0,0.0,0.0,-0.020365211,0.0216457,0.0,-0.2860395864542773,-0.2860395864542773,1.034612696,1.067564521,0.144473899,0.0142,0.0,0.0216457,-0.020365211,-0.2860395864542773
2011-08-18,1.220203714,2.687663366,0.0,0.0,-6.120997237,0.144265473,0.0,0.0142,0.0,0.0,0.0,0.0,-0.020365211,0.0216457,0.0,-0.2860395864542773,-0.2860395864542773,2.687663366,-6.120997237,0.144265473,0.0142,0.0,0.0216457,-0.020365211,-0.2860395864542773
2011-08-19,2.573241397,0.443504153,0.0,0.0,-0.06071277,0.0,-0.096153854,0.0142,0.0,0.0,0.0,0.0,-0.020365211,0.0216457,0.0,-0.2860395864542773,-0.2860395864542773,0.443504153,-0.06071277,-0.096153854,0.0142,0.0,0.0216457,-0.020365211,-0.2860395864542773
2011-08-22,2.521141935,0.471410738,0.0,2.506877904,0.0,0.144196132,0.0,0.0142,0.0,0.0,0.0,0.0,-0.020365211,0.0216457,0.0,-0.2860395864542773,-0.2860395864542773,0.471410738,2.506877904,0.144196132,0.0142,0.0,0.0216457,-0.020365211,-0.2860395864542773
2011-08-23,-0.103788281,0.822743966,0.0,1.095610889,0.0,0.0,0.0,0.0142,0.0,0.0,0.0,0.0,-0.020365211,0.0216457,0.0,-0.2860395864542773,-0.2860395864542773,0.822743966,1.095610889,0.0,0.0142,0.0,0.0216457,-0.020365211,-0.2860395864542773
2011-08-24,-1.781084275,0.0,-0.489857486,0.0,-0.422684673,0.048019209,0.0,0.0142,0.0,0.0,0.0,0.0,-0.020365211,0.0216457,0.0,-0.2860395864542773,-0.2860395864542773,-0.489857486,-0.422684673,0.048019209,0.0142,0.0,0.0216457,-0.020365211,-0.2860395864542773
2011-08-25,-2.345690035,0.0,-1.185040126,0.18808046,0.0,0.0,-0.144126857,0.0142,0.0,0.0,0.0,0.0,-0.020365211,0.0216457,0.0,-0.2860395864542773,-0.2860395864542773,-1.185040126,0.18808046,-0.144126857,0.0142,0.0,0.0216457,-0.020365211,-0.2860395864542773
2011-08-26,2.573241397,1.182559998,0.0,0.258034391,0.0,0.144126857,0.0,0.0142,0.0,0.0,0.0,0.0,-0.020365211,0.0216457,0.0,-0.2860395864542773,-0.2860395864542773,1.182559998,0.258034391,0.144126857,0.0142,0.0,0.0216457,-0.020365211,-0.2860395864542773
2011-08-29,0.429646203,0.664947017,0.0,2.201201015,0.0,0.0,0.0,0.0142,0.0,0.0,0.0,0.0,-0.020365211,0.0216457,0.0,-0.2860395864542773,-0.2860395864542773,0.664947017,2.201201015,0.0,0.0142,0.0,0.0216457,-0.020365211,-0.2860395864542773
2011-08-30,-1.555442896,3.540507138,0.0,1.850538134,0.0,0.0,0.0,0.0142,0.0,0.0,0.0,0.0,-0.020365211,0.0216457,0.0,-0.2860395864542773,-0.2860395864542773,3.540507138,1.850538134,0.0,0.0142,0.0,0.0216457,-0.020365211,-0.2860395864542773
2011-08-31,1.512561248,0.0,-0.085382924,0.0,-0.101288625,0.0,0.0,0.0154,0.0,0.0,0.0,0.070802692,0.0,0.0,-0.010371013,-0.2860395864542773,-0.2860395864542773,-0.085382924,-0.101288625,0.0,0.0154,0.0,-0.010371013,0.070802692,-0.2860395864542773
2011-09-01,-0.602281881,1.889731182,0.0,0.135028714,0.0,0.0,0.0,0.0154,0.0,0.0,0.0,0.070802692,0.0,0.0,-0.010371013,-0.2860395864542773,-0.2860395864542773,1.889731182,0.135028714,0.0,0.0154,0.0,-0.010371013,0.070802692,-0.2860395864542773
2011-09-02,0.0,0.0,0.0,0.0,-2.828333128,0.0,0.0,0.0154,0.0,0.0,0.0,0.070802692,0.0,0.0,-0.010371013,-0.2860395864542773,-0.2860395864542773,0.0,-2.828333128,0.0,0.0154,0.0,-0.010371013,0.070802692,-0.2860395864542773
2011-09-05,2.573241397,2.041921977,0.0,0.0,0.0,0.0,0.0,0.0154,0.0,0.0,0.0,0.070802692,0.0,0.0,-0.010371013,-0.2860395864542773,-0.2860395864542773,2.041921977,0.0,0.0,0.0154,0.0,-0.010371013,0.070802692,-0.2860395864542773
2011-09-06,-0.209863666,0.0,-0.992706205,0.0,-0.533520171,0.0,-0.144126857,0.0154,0.0,0.0,0.0,0.070802692,0.0,0.0,-0.010371013,-0.2860395864542773,-0.2860395864542773,-0.992706205,-0.533520171,-0.144126857,0.0154,0.0,-0.010371013,0.070802692,-0.2860395864542773
2011-09-07,-1.417563143,2.363444178,0.0,3.82183055,0.0,0.144126857,0.0,0.0154,0.0,0.0,0.0,0.070802692,0.0,0.0,-0.010371013,-0.2860395864542773,-0.2860395864542773,2.363444178,3.82183055,0.144126857,0.0154,0.0,-0.010371013,0.070802692,-0.2860395864542773
2011-09-08,-0.170612112,1.341101906,0.0,0.0,-0.325130619,0.0,-0.144126857,0.0154,0.0,0.0,0.0,0.070802692,0.0,0.0,-0.010371013,-0.2860395864542773,-0.2860395864542773,1.341101906,-0.325130619,-0.144126857,0.0154,0.0,-0.010371013,0.070802692,-0.2860395864542773
2011-09-09,1.272551637,0.562358955,0.0,0.0,-2.05350684,0.0,0.0,0.0154,0.0,0.0,0.0,0.070802692,0.0,0.0,-0.010371013,-0.2860395864542773,-0.2860395864542773,0.562358955,-2.05350684,0.0,0.0154,0.0,-0.010371013,0.070802692,-0.2860395864542773
2011-09-12,-0.316622956,1.794201815,0.0,1.083063657,0.0,0.144126857,0.0,0.0154,0.0,0.0,0.0,0.070802692,0.0,0.0,-0.010371013,-0.2860395864542773,-0.2860395864542773,1.794201815,1.083063657,0.144126857,0.0154,0.0,-0.010371013,0.070802692,-0.2860395864542773
2011-09-13,-0.806627171,1.796661412,0.0,2.264670777,0.0,0.0,-0.144126857,0.0154,0.0,0.0,0.0,0.070802692,0.0,0.0,-0.010371013,-0.2860395864542773,-0.2860395864542773,1.796661412,2.264670777,-0.144126857,0.0154,0.0,-0.010371013,0.070802692,-0.2860395864542773
2011-09-14,0.382897724,0.0,-0.03621529,0.0,-1.451566354,0.144126857,0.0,0.0154,0.0,0.0,0.0,0.070802692,0.0,0.0,-0.010371013,-0.2860395864542773,-0.2860395864542773,-0.03621529,-1.451566354,0.144126857,0.0154,0.0,-0.010371013,0.070802692,-0.2860395864542773
2011-09-15,-0.212539931,0.0,-1.418402622,0.549606005,0.0,0.28763203,0.0,0.0154,0.0,0.0,0.0,0.070802692,0.0,0.0,-0.010371013,-0.2860395864542773,-0.2860395864542773,-1.418402622,0.549606005,0.28763203,0.0154,0.0,-0.010371013,0.070802692,-0.2860395864542773
2011-09-16,-1.177113645,1.74599279,0.0,0.0,-1.623851649,0.0,-0.28763203,0.0154,0.0,0.0,0.0,0.070802692,0.0,0.0,-0.010371013,-0.2860395864542773,-0.2860395864542773,1.74599279,-1.623851649,-0.28763203,0.0154,0.0,-0.010371013,0.070802692,-0.2860395864542773
2011-09-19,0.643779047,0.0,-4.195604674,0.0,-2.602934008,0.0,0.0,0.0154,0.0,0.0,0.0,0.070802692,0.0,0.0,-0.010371013,-0.2860395864542773,-0.2860395864542773,-4.195604674,-2.602934008,0.0,0.0154,0.0,-0.010371013,0.070802692,-0.2860395864542773
2011-09-20,0.106894719,2.003299433,0.0,1.413532978,0.0,0.0,-0.144126857,0.0154,0.0,0.0,0.0,0.070802692,0.0,0.0,-0.010371013,-0.2860395864542773,-0.2860395864542773,2.003299433,1.413532978,-0.144126857,0.0154,0.0,-0.010371013,0.070802692,-0.2860395864542773
2011-09-21,0.468984019,0.0,-1.608707921,0.0,-1.331886039,0.431758886,0.0,0.0154,0.0,0.0,0.0,0.070802692,0.0,0.0,-0.010371013,-0.2860395864542773,-0.2860395864542773,-1.608707921,-1.331886039,0.431758886,0.0154,0.0,-0.010371013,0.070802692,-0.2860395864542773
2011-09-22,-0.790011582,0.0,-1.941331394,0.0,-6.602421481,0.0,-0.383693516,0.0154,0.0,0.0,0.0,0.070802692,0.0,0.0,-0.010371013,-0.2860395864542773,-0.2860395864542773,-1.941331394,-6.602421481,-0.383693516,0.0154,0.0,-0.010371013,0.070802692,-0.2860395864542773
2011-09-23,-0.429646203,0.0,-0.835877153,0.0,-0.88822752,0.383693516,0.0,0.0154,0.0,0.0,0.0,0.070802692,0.0,0.0,-0.010371013,-0.2860395864542773,-0.2860395864542773,-0.835877153,-0.88822752,0.383693516,0.0154,0.0,-0.010371013,0.070802692,-0.2860395864542773
2011-09-26,-2.345690035,0.0,-0.680181569,0.488875935,0.0,0.0,-0.28763203,0.0154,0.0,0.0,0.0,0.070802692,0.0,0.0,-0.010371013,-0.2860395864542773,-0.2860395864542773,-0.680181569,0.488875935,-0.28763203,0.0154,0.0,-0.010371013,0.070802692,-0.2860395864542773
2011-09-27,0.999453072,0.0,-0.599553855,5.1305799,0.0,0.0,-0.144126857,0.0154,0.0,0.0,0.0,0.070802692,0.0,0.0,-0.010371013,-0.2860395864542773,-0.2860395864542773,-0.599553855,5.1305799,-0.144126857,0.0154,0.0,-0.010371013,0.070802692,-0.2860395864542773
2011-09-28,-2.121799309,1.715535192,0.0,0.0,-3.924922389,0.144126857,0.0,0.0154,0.0,0.0,0.0,0.070802692,0.0,0.0,-0.010371013,-0.2860395864542773,-0.2860395864542773,1.715535192,-3.924922389,0.144126857,0.0154,0.0,-0.010371013,0.070802692,-0.2860395864542773
2011-09-29,-0.907035697,0.0,-2.228344982,1.142448394,0.0,0.0,0.0,0.0154,0.0,0.0,0.0,0.070802692,0.0,0.0,-0.010371013,-0.2860395864542773,-0.2860395864542773,-2.228344982,1.142448394,0.0,0.0154,0.0,-0.010371013,0.070802692,-0.2860395864542773
2011-09-30,0.227531384,0.0,-1.321805405,0.0,-3.657123967,0.0,-0.024006722,0.0124,0.0,0.0,0.0,0.108366453,0.0,0.037747982,0.0,-0.2860395864542773,-0.2860395864542773,-1.321805405,-3.657123967,-0.024006722,0.0124,0.0,0.037747982,0.108366453,-0.2860395864542773
2011-10-03,0.859928359,0.070376281,0.0,0.0,-2.035009754,0.024006722,0.0,0.0124,0.0,0.0,0.0,0.108366453,0.0,0.037747982,0.0,-0.1457976259930831,-0.1457976259930831,0.070376281,-2.035009754,0.024006722,0.0124,0.0,0.037747982,0.108366453,-0.1457976259930831
2011-10-04,1.387357227,0.0,-2.125949553,0.0,-2.540401117,0.0,-0.096061487,0.0124,0.0,0.0,0.0,0.108366453,0.0,0.037747982,0.0,-0.1457976259930831,-0.1457976259930831,-2.125949553,-2.540401117,-0.096061487,0.0124,0.0,0.037747982,0.108366453,-0.1457976259930831
2011-10-05,-1.906956272,0.782633439,0.0,5.181702989,0.0,0.144057648,0.0,0.0124,0.0,0.0,0.0,0.108366453,0.0,0.037747982,0.0,-0.1457976259930831,-0.1457976259930831,0.782633439,5.181702989,0.144057648,0.0124,0.0,0.037747982,0.108366453,-0.1457976259930831
2011-10-06,-1.138964476,0.0,-0.667718415,3.598978662,0.0,0.047973136,0.0,0.0124,0.0,0.0,0.0,0.108366453,0.0,0.037747982,0.0,-0.1457976259930831,-0.1457976259930831,-0.667718415,3.598978662,0.047973136,0.0124,0.0,0.037747982,0.108366453,-0.1457976259930831
2011-10-07,-1.268028518,1.312117708,0.0,0.46055105,0.0,0.0,-0.240096154,0.0124,0.0,0.0,0.0,0.108366453,0.0,0.037747982,0.0,-0.1457976259930831,-0.1457976259930831,1.312117708,0.46055105,-0.240096154,0.0124,0.0,0.037747982,0.108366453,-0.1457976259930831
2011-10-10,-0.488429858,0.0,-1.592454775,2.907735837,0.0,0.264074094,0.0,0.0124,0.0,0.0,0.0,0.108366453,0.0,0.037747982,0.0,-0.1457976259930831,-0.1457976259930831,-1.592454775,2.907735837,0.264074094,0.0124,0.0,0.037747982,0.108366453,-0.1457976259930831
2011-10-11,1.182074258,1.00983228,0.0,0.46871424,0.0,0.023972192,0.0,0.0124,0.0,0.0,0.0,0.108366453,0.0,0.037747982,0.0,-0.1457976259930831,-0.1457976259930831,1.00983228,0.46871424,0.023972192,0.0124,0.0,0.037747982,0.108366453,-0.1457976259930831
2011-10-12,0.80321717,0.0,-1.577701175,0.0,-0.28096483,0.047927152,0.0,0.0124,0.0,0.0,0.0,0.108366453,0.0,0.037747982,0.0,-0.1457976259930831,-0.1457976259930831,-1.577701175,-0.28096483,0.047927152,0.0124,0.0,0.037747982,0.108366453,-0.1457976259930831
2011-10-13,0.228310601,0.0,-0.784906765,0.0,-1.583395955,0.047904193,0.0,0.0124,0.0,0.0,0.0,0.108366453,0.0,0.037747982,0.0,-0.1457976259930831,-0.1457976259930831,-0.784906765,-1.583395955,0.047904193,0.0124,0.0,0.037747982,0.108366453,-0.1457976259930831
2011-10-14,0.227790531,0.473135338,0.0,3.326612671,0.0,0.05266812,0.0,0.0124,0.0,0.0,0.0,0.108366453,0.0,0.037747982,0.0,-0.1457976259930831,-0.1457976259930831,0.473135338,3.326612671,0.05266812,0.0124,0.0,0.037747982,0.108366453,-0.1457976259930831
2011-10-17,0.567216495,0.579264026,0.0,0.0,-0.485045413,0.043071475,0.0,0.0124,0.0,0.0,0.0,0.108366453,0.0,0.037747982,0.0,-0.1457976259930831,-0.1457976259930831,0.579264026,-0.485045413,0.043071475,0.0124,0.0,0.037747982,0.108366453,-0.1457976259930831
2011-10-18,-1.137668698,0.0,-1.963706534,2.243683864,0.0,0.06218162,0.0,0.0124,0.0,0.0,0.0,0.108366453,0.0,0.037747982,0.0,-0.1457976259930831,-0.1457976259930831,-1.963706534,2.243683864,0.06218162,0.0124,0.0,0.037747982,0.108366453,-0.1457976259930831
2011-10-19,-0.919546709,0.0,-0.768703894,0.0,-2.556745746,0.10514243,0.0,0.0124,0.0,0.0,0.0,0.108366453,0.0,0.037747982,0.0,-0.1457976259930831,-0.1457976259930831,-0.768703894,-2.556745746,0.10514243,0.0124,0.0,0.037747982,0.108366453,-0.1457976259930831
2011-10-20,-1.161453242,0.0,-0.361753659,0.0,-0.046463005,0.028656032,0.0,0.0124,0.0,0.0,0.0,0.108366453,0.0,0.037747982,0.0,-0.1457976259930831,-0.1457976259930831,-0.361753659,-0.046463005,0.028656032,0.0124,0.0,0.037747982,0.108366453,-0.1457976259930831
2011-10-21,0.930239266,0.638379008,0.0,1.292872678,0.0,0.047741813,0.0,0.0124,0.0,0.0,0.0,0.108366453,0.0,0.037747982,0.0,-0.1457976259930831,-0.1457976259930831,0.638379008,1.292872678,0.047741813,0.0124,0.0,0.037747982,0.108366453,-0.1457976259930831
2011-10-24,1.379332213,2.547194962,0.0,4.40876737,0.0,0.0,0.0,0.0124,0.0,0.0,0.0,0.108366453,0.0,0.037747982,0.0,-0.1457976259930831,-0.1457976259930831,2.547194962,4.40876737,0.0,0.0124,0.0,0.037747982,0.108366453,-0.1457976259930831
2011-10-25,0.0,0.038463388,0.0,2.020709712,0.0,0.0,-0.004773156,0.0124,0.0,0.0,0.0,0.108366453,0.0,0.037747982,0.0,-0.1457976259930831,-0.1457976259930831,0.038463388,2.020709712,-0.004773156,0.0124,0.0,0.037747982,0.108366453,-0.1457976259930831
2011-10-26,1.810004164,0.0,-1.364845502,0.0,-3.035498919,0.0,-0.143300717,0.0124,0.0,0.0,0.0,0.108366453,0.0,0.037747982,0.0,-0.1457976259930831,-0.1457976259930831,-1.364845502,-3.035498919,-0.143300717,0.0124,0.0,0.037747982,0.108366453,-0.1457976259930831
2011-10-27,0.11204483,1.020553067,0.0,4.083973272,0.0,0.157619501,0.0,0.0124,0.0,0.0,0.0,0.108366453,0.0,0.037747982,0.0,-0.1457976259930831,-0.1457976259930831,1.020553067,4.083973272,0.157619501,0.0124,0.0,0.037747982,0.108366453,-0.1457976259930831
2011-10-28,0.66964536,1.007855338,0.0,0.0,-0.683471264,0.0,-0.157619501,0.0124,0.0,0.0,0.0,0.108366453,0.0,0.037747982,0.0,-0.1457976259930831,-0.1457976259930831,1.007855338,-0.683471264,-0.157619501,0.0124,0.0,0.037747982,0.108366453,-0.1457976259930831
2011-10-31,-0.8938607,0.0,0.0,0.0,-0.139402736,0.381679853,0.0,0.0111,0.0,0.0,0.0,0.0,-0.106261975,0.0,-0.069918066,-0.1457976259930831,-0.1457976259930831,0.0,-0.139402736,0.381679853,0.0111,0.0,-0.069918066,-0.106261975,-0.1457976259930831
2011-11-01,0.224215341,0.0,-0.014326648,0.0,-1.078875499,0.0,0.0,0.0111,0.0,0.0,0.0,0.0,-0.106261975,0.0,-0.069918066,-0.1457976259930831,-0.1457976259930831,-0.014326648,-1.078875499,0.0,0.0111,0.0,-0.069918066,-0.106261975,-0.1457976259930831
2011-11-02,0.780818245,0.0,-2.11159042,0.346508197,0.0,0.02380669,0.0,0.0111,0.0,0.0,0.0,0.0,-0.106261975,0.0,-0.069918066,-0.1457976259930831,-0.1457976259930831,-2.11159042,0.346508197,0.02380669,0.0111,0.0,-0.069918066,-0.106261975,-0.1457976259930831
2011-11-03,-0.111172885,0.0,-0.449768541,1.67224392,0.0,0.0,-0.02380669,0.0111,0.0,0.0,0.0,0.0,-0.106261975,0.0,-0.069918066,-0.1457976259930831,-0.1457976259930831,-0.449768541,1.67224392,-0.02380669,0.0111,0.0,-0.069918066,-0.106261975,-0.1457976259930831
2011-11-04,0.996134413,0.742009751,0.0,0.201773551,0.0,0.02380669,0.0,0.0111,0.0,0.0,0.0,0.0,-0.106261975,0.0,-0.069918066,-0.1457976259930831,-0.1457976259930831,0.742009751,0.201773551,0.02380669,0.0111,0.0,-0.069918066,-0.106261975,-0.1457976259930831
2011-11-07,0.439561147,0.0,-0.350792077,1.327872815,0.0,0.0,0.0,0.0111,0.0,0.0,0.0,0.0,-0.106261975,0.0,-0.069918066,-0.1457976259930831,-0.1457976259930831,-0.350792077,1.327872815,0.0,0.0111,0.0,-0.069918066,-0.106261975,-0.1457976259930831
2011-11-08,1.631357549,0.0,-0.347129202,1.331134464,0.0,0.0,0.0,0.0111,0.0,0.0,0.0,0.0,-0.106261975,0.0,-0.069918066,-0.1457976259930831,-0.1457976259930831,-0.347129202,1.331134464,0.0,0.0111,0.0,-0.069918066,-0.106261975,-0.1457976259930831
2011-11-09,0.0,0.203045755,0.0,0.0,-1.101081032,0.014281294,0.0,0.0111,0.0,0.0,0.0,0.0,-0.106261975,0.0,-0.069918066,-0.1457976259930831,-0.1457976259930831,0.203045755,-1.101081032,0.014281294,0.0111,0.0,-0.069918066,-0.106261975,-0.1457976259930831
2011-11-10,-0.540834201,0.0,-1.655903593,2.108387319,0.0,0.0,-0.014281294,0.0111,0.0,0.0,0.0,0.0,-0.106261975,0.0,-0.069918066,-0.1457976259930831,-0.1457976259930831,-1.655903593,2.108387319,-0.014281294,0.0111,0.0,-0.069918066,-0.106261975,-0.1457976259930831
2011-11-11,-0.32591012,0.0,-0.698135331,1.229877778,0.0,0.014281294,0.0,0.0111,0.0,0.0,0.0,0.0,-0.106261975,0.0,-0.069918066,-0.1457976259930831,-0.1457976259930831,-0.698135331,1.229877778,0.014281294,0.0111,0.0,-0.069918066,-0.106261975,-0.1457976259930831
2011-11-14,0.974561043,0.0,-0.539395931,0.0,-0.862380427,0.0,-0.014281294,0.0111,0.0,0.0,0.0,0.0,-0.106261975,0.0,-0.069918066,-0.1457976259930831,-0.1457976259930831,-0.539395931,-0.862380427,-0.014281294,0.0111,0.0,-0.069918066,-0.106261975,-0.1457976259930831
2011-11-15,-0.648650923,0.0,-1.492773079,1.245522658,0.0,0.0,0.0,0.0111,0.0,0.0,0.0,0.0,-0.106261975,0.0,-0.069918066,-0.1457976259930831,-0.1457976259930831,-1.492773079,1.245522658,0.0,0.0111,0.0,-0.069918066,-0.106261975,-0.1457976259930831
2011-11-16,0.108401095,0.0,-0.609570579,3.189020486,0.0,0.0,-0.02380669,0.0111,0.0,0.0,0.0,0.0,-0.106261975,0.0,-0.069918066,-0.1457976259930831,-0.1457976259930831,-0.609570579,3.189020486,-0.02380669,0.0111,0.0,-0.069918066,-0.106261975,-0.1457976259930831
2011-11-17,-0.151794456,0.425554375,0.0,0.0,-3.744044868,0.028567348,0.0,0.0111,0.0,0.0,0.0,0.0,-0.106261975,0.0,-0.069918066,-0.1457976259930831,-0.1457976259930831,0.425554375,-3.744044868,0.028567348,0.0111,0.0,-0.069918066,-0.106261975,-0.1457976259930831
2011-11-18,-1.156839268,0.0,-2.007689683,0.0,-1.170556396,0.0,-0.028567348,0.0111,0.0,0.0,0.0,0.0,-0.106261975,0.0,-0.069918066,-0.1457976259930831,-0.1457976259930831,-2.007689683,-1.170556396,-0.028567348,0.0111,0.0,-0.069918066,-0.106261975,-0.1457976259930831
2011-11-21,0.109709281,0.0,-0.717712697,0.0,-0.967085726,0.028567348,0.0,0.0111,0.0,0.0,0.0,0.0,-0.106261975,0.0,-0.069918066,-0.1457976259930831,-0.1457976259930831,-0.717712697,-0.967085726,0.028567348,0.0111,0.0,-0.069918066,-0.106261975,-0.1457976259930831
2011-11-22,-2.345690035,0.0,-0.775872786,1.059190323,0.0,0.0,-0.004760658,0.0111,0.0,0.0,0.0,0.0,-0.106261975,0.0,-0.069918066,-0.1457976259930831,-0.1457976259930831,-0.775872786,1.059190323,-0.004760658,0.0111,0.0,-0.069918066,-0.106261975,-0.1457976259930831
2011-11-23,0.677203491,2.016826599,0.0,0.0,-1.650202464,0.004760658,0.0,0.0111,0.0,0.0,0.0,0.0,-0.106261975,0.0,-0.069918066,-0.1457976259930831,-0.1457976259930831,2.016826599,-1.650202464,0.004760658,0.0111,0.0,-0.069918066,-0.106261975,-0.1457976259930831
2011-11-24,-0.450959051,0.546343328,0.0,0.0,0.0,0.0,-0.004760658,0.0111,0.0,0.0,0.0,0.0,-0.106261975,0.0,-0.069918066,-0.1457976259930831,-0.1457976259930831,0.546343328,0.0,-0.004760658,0.0111,0.0,-0.069918066,-0.106261975,-0.1457976259930831
2011-11-25,0.0,0.0,-1.42517756,0.776924196,0.0,0.0,-0.02380669,0.0111,0.0,0.0,0.0,0.0,-0.106261975,0.0,-0.069918066,-0.1457976259930831,-0.1457976259930831,-1.42517756,0.776924196,-0.02380669,0.0111,0.0,-0.069918066,-0.106261975,-0.1457976259930831
2011-11-28,1.391404853,1.109646457,0.0,1.332533042,0.0,0.02380669,0.0,0.0111,0.0,0.0,0.0,0.0,-0.106261975,0.0,-0.069918066,-0.1457976259930831,-0.1457976259930831,1.109646457,1.332533042,0.02380669,0.0111,0.0,-0.069918066,-0.106261975,-0.1457976259930831
2011-11-29,-0.491511267,0.0,-0.067373224,1.595993473,0.0,0.019041272,0.0,0.0111,0.0,0.0,0.0,0.0,-0.106261975,0.0,-0.069918066,-0.1457976259930831,-0.1457976259930831,-0.067373224,1.595993473,0.019041272,0.0111,0.0,-0.069918066,-0.106261975,-0.1457976259930831
2011-11-30,-0.224215341,0.0,-1.016083567,0.56957436,0.0,0.0,-0.042847962,0.0049,0.0,0.01,0.0,0.071594116,0.0,0.0,-0.005321545,-0.1457976259930831,-0.1457976259930831,-1.016083567,0.56957436,-0.042847962,0.0049,0.01,-0.005321545,0.071594116,-0.1457976259930831
2011-12-01,1.227009259,0.0,-0.369909256,0.0,-0.159553285,0.047607713,0.0,0.0049,0.0,0.01,0.0,0.071594116,0.0,0.0,-0.005321545,-0.1457976259930831,-0.1457976259930831,-0.369909256,-0.159553285,0.047607713,0.0049,0.01,-0.005321545,0.071594116,-0.1457976259930831
2011-12-02,-0.044355734,0.118204876,0.0,0.765525437,0.0,0.0,-0.047607713,0.0049,0.0,0.01,0.0,0.071594116,0.0,0.0,-0.005321545,-0.1457976259930831,-0.1457976259930831,0.118204876,0.765525437,-0.047607713,0.0049,0.01,-0.005321545,0.071594116,-0.1457976259930831
2011-12-05,-0.066570512,1.278156013,0.0,0.0,-0.02971621,0.047607713,0.0,0.0049,0.0,0.01,0.0,0.071594116,0.0,0.0,-0.005321545,-0.1457976259930831,-0.1457976259930831,1.278156013,-0.02971621,0.047607713,0.0049,0.01,-0.005321545,0.071594116,-0.1457976259930831
2011-12-06,-1.228379488,2.077690354,0.0,0.306642507,0.0,0.0,0.0,0.0049,0.0,0.01,0.0,0.071594116,0.0,0.0,-0.005321545,-0.1457976259930831,-0.1457976259930831,2.077690354,0.306642507,0.0,0.0049,0.01,-0.005321545,0.071594116,-0.1457976259930831
2011-12-07,0.582569427,0.0,-1.218296959,0.0,-0.793261473,0.0,0.0,0.0049,0.0,0.01,0.0,0.071594116,0.0,0.0,-0.005321545,-0.1457976259930831,-0.1457976259930831,-1.218296959,-0.793261473,0.0,0.0049,0.01,-0.005321545,0.071594116,-0.1457976259930831
2011-12-08,0.290016935,0.0,-0.548850212,0.0,-2.112754643,0.0,-0.023801024,0.0049,0.0,0.01,0.0,0.071594116,0.0,0.0,-0.005321545,-0.1457976259930831,-0.1457976259930831,-0.548850212,-2.112754643,-0.023801024,0.0049,0.01,-0.005321545,0.071594116,-0.1457976259930831
2011-12-09,-0.715406584,0.0,-1.494235793,1.061956883,0.0,0.0,-0.02380669,0.0049,0.0,0.01,0.0,0.071594116,0.0,0.0,-0.005321545,-0.1457976259930831,-0.1457976259930831,-1.494235793,1.061956883,-0.02380669,0.0049,0.01,-0.005321545,0.071594116,-0.1457976259930831
2011-12-12,-0.49482782,0.0,-1.136840467,0.0,-1.653433214,0.02380669,0.0,0.0049,0.0,0.01,0.0,0.071594116,0.0,0.0,-0.005321545,-0.1457976259930831,-0.1457976259930831,-1.136840467,-1.653433214,0.02380669,0.0049,0.01,-0.005321545,0.071594116,-0.1457976259930831
2011-12-13,-1.019838867,0.0,-0.761573687,2.494952907,0.0,0.023801024,0.0,0.0049,0.0,0.01,0.0,0.071594116,0.0,0.0,-0.005321545,-0.1457976259930831,-0.1457976259930831,-0.761573687,2.494952907,0.023801024,0.0049,0.01,-0.005321545,0.071594116,-0.1457976259930831
2011-12-14,-0.250883927,0.0,-0.632828648,0.0,-5.453287902,0.0,-0.004759752,0.0049,0.0,0.01,0.0,0.071594116,0.0,0.0,-0.005321545,-0.1457976259930831,-0.1457976259930831,-0.632828648,-5.453287902,-0.004759752,0.0049,0.01,-0.005321545,0.071594116,-0.1457976259930831
2011-12-15,-1.820536512,0.0,-2.068317626,0.0,-1.144322722,0.009519277,0.0,0.0049,0.0,0.01,0.0,0.071594116,0.0,0.0,-0.005321545,-0.1457976259930831,-0.1457976259930831,-2.068317626,-1.144322722,0.009519277,0.0049,0.01,-0.005321545,0.071594116,-0.1457976259930831
2011-12-16,0.810658753,0.063142581,0.0,0.0,-0.309515163,0.042825534,0.0,0.0049,0.0,0.01,0.0,0.071594116,0.0,0.0,-0.005321545,-0.1457976259930831,-0.1457976259930831,0.063142581,-0.309515163,0.042825534,0.0049,0.01,-0.005321545,0.071594116,-0.1457976259930831
2011-12-19,0.0,0.367083472,0.0,0.330825765,0.0,0.0,-0.028548318,0.0049,0.0,0.01,0.0,0.071594116,0.0,0.0,-0.005321545,-0.1457976259930831,-0.1457976259930831,0.367083472,0.330825765,-0.028548318,0.0049,0.01,-0.005321545,0.071594116,-0.1457976259930831
2011-12-20,-0.578370612,0.0,-0.057439041,3.455479377,0.0,0.0,-0.066644454,0.0049,0.0,0.01,0.0,0.071594116,0.0,0.0,-0.005321545,-0.1457976259930831,-0.1457976259930831,-0.057439041,3.455479377,-0.066644454,0.0049,0.01,-0.005321545,0.071594116,-0.1457976259930831
2011-12-21,0.115942042,0.898821249,0.0,1.410345298,0.0,0.071403073,0.0,0.0049,0.0,0.01,0.0,0.071594116,0.0,0.0,-0.005321545,-0.1457976259930831,-0.1457976259930831,0.898821249,1.410345298,0.071403073,0.0049,0.01,-0.005321545,0.071594116,-0.1457976259930831
2011-12-22,-0.232018666,0.0,-0.576495859,0.889074355,0.0,0.0,-0.071403073,0.0049,0.0,0.01,0.0,0.071594116,0.0,0.0,-0.005321545,-0.1457976259930831,-0.1457976259930831,-0.576495859,0.889074355,-0.071403073,0.0049,0.01,-0.005321545,0.071594116,-0.1457976259930831
2011-12-23,0.232018666,0.0,-3.949565004,0.301295799,0.0,0.052367238,0.0,0.0049,0.0,0.01,0.0,0.071594116,0.0,0.0,-0.005321545,-0.1457976259930831,-0.1457976259930831,-3.949565004,0.301295799,0.052367238,0.0049,0.01,-0.005321545,0.071594116,-0.1457976259930831
2011-12-26,0.0,1.035810737,0.0,0.0,0.0,0.104652279,0.0,0.0049,0.0,0.01,0.0,0.071594116,0.0,0.0,-0.005321545,-0.1457976259930831,-0.1457976259930831,1.035810737,0.0,0.104652279,0.0049,0.01,-0.005321545,0.071594116,-0.1457976259930831
2011-12-27,-0.58105916,0.0,-2.194334181,1.562143104,0.0,0.0,-0.023774994,0.0049,0.0,0.01,0.0,0.071594116,0.0,0.0,-0.005321545,-0.1457976259930831,-0.1457976259930831,-2.194334181,1.562143104,-0.023774994,0.0049,0.01,-0.005321545,0.071594116,-0.1457976259930831
2011-12-28,-1.290340484,0.0,-0.238502433,0.0,-1.84332425,0.0,-0.133244523,0.0049,0.0,0.01,0.0,0.071594116,0.0,0.0,-0.005321545,-0.1457976259930831,-0.1457976259930831,-0.238502433,-1.84332425,-0.133244523,0.0049,0.01,-0.005321545,0.071594116,-0.1457976259930831
2011-12-29,-1.738760013,0.422020292,0.0,0.241060784,0.0,0.047607713,0.0,0.0049,0.0,0.01,0.0,0.071594116,0.0,0.0,-0.005321545,-0.1457976259930831,-0.1457976259930831,0.422020292,0.241060784,0.047607713,0.0049,0.01,-0.005321545,0.071594116,-0.1457976259930831
2011-12-30,-1.989873956,0.79042772,0.0,0.0,-0.856385265,0.099902484,0.0,0.0049,0.0,0.01,0.0,0.071594116,0.0,0.0,-0.005321545,-0.1457976259930831,-0.1457976259930831,0.79042772,-0.856385265,0.099902484,0.0049,0.01,-0.005321545,0.071594116,-0.1457976259930831
2012-01-02,0.0,0.0,0.0,0.0,0.0,0.0,0.0,0.0053,0.0,0.0,0.0,0.0,-0.015368789,0.029583218,0.0,0.07320340402329473,0.07320340402329473,0.0,0.0,0.0,0.0053,0.0,0.029583218,-0.015368789,0.0732034040232947
2012-01-03,2.573241397,0.0,-0.130830508,4.09393609,0.0,0.0,-0.023777255,0.0053,0.0,0.0,0.0,0.0,-0.015368789,0.029583218,0.0,0.07320340402329473,0.07320340402329473,-0.130830508,4.09393609,-0.023777255,0.0053,0.0,0.029583218,-0.015368789,0.0732034040232947
2012-01-04,0.231213976,0.0,-0.613770322,0.252206943,0.0,0.0,0.0,0.0053,0.0,0.0,0.0,0.0,-0.015368789,0.029583218,0.0,0.07320340402329473,0.07320340402329473,-0.613770322,0.252206943,0.0,0.0053,0.0,0.029583218,-0.015368789,0.0732034040232947
2012-01-05,0.0,0.0,-0.805018435,0.0,-1.37543016,0.0,0.0,0.0053,0.0,0.0,0.0,0.0,-0.015368789,0.029583218,0.0,0.07320340402329473,0.07320340402329473,-0.805018435,-1.37543016,0.0,0.0053,0.0,0.029583218,-0.015368789,0.0732034040232947
2012-01-06,-0.231213976,0.0,-1.814762669,0.0,-0.245857428,0.023777255,0.0,0.0053,0.0,0.0,0.0,0.0,-0.015368789,0.029583218,0.0,0.07320340402329473,0.07320340402329473,-1.814762669,-0.245857428,0.023777255,0.0053,0.0,0.029583218,-0.015368789,0.0732034040232947
2012-01-09,-0.347826438,0.0,-1.558273029,0.0,-0.246463377,0.009509319,0.0,0.0053,0.0,0.0,0.0,0.0,-0.015368789,0.029583218,0.0,0.07320340402329473,0.07320340402329473,-1.558273029,-0.246463377,0.009509319,0.0053,0.0,0.029583218,-0.015368789,0.0732034040232947
2012-01-10,-0.116211518,0.568648539,0.0,0.913786756,0.0,0.0,-0.157019517,0.0053,0.0,0.0,0.0,0.0,-0.015368789,0.029583218,0.0,0.07320340402329473,0.07320340402329473,0.568648539,0.913786756,-0.157019517,0.0053,0.0,0.029583218,-0.015368789,0.0732034040232947
2012-01-11,0.695251931,3.25369667,0.0,0.0,-1.329217621,0.118976814,0.0,0.0053,0.0,0.0,0.0,0.0,-0.015368789,0.029583218,0.0,0.07320340402329473,0.07320340402329473,3.25369667,-1.329217621,0.118976814,0.0053,0.0,0.029583218,-0.015368789,0.0732034040232947
2012-01-12,0.575706829,0.0,-0.05749109,0.0,-1.860797989,0.042797024,0.0,0.0053,0.0,0.0,0.0,0.0,-0.015368789,0.029583218,0.0,0.07320340402329473,0.07320340402329473,-0.05749109,-1.860797989,0.042797024,0.0053,0.0,0.029583218,-0.015368789,0.0732034040232947
2012-01-13,-0.11487652,0.438968414,0.0,0.0,-0.343921035,0.0,-0.01426364,0.0053,0.0,0.0,0.0,0.0,-0.015368789,0.029583218,0.0,0.07320340402329473,0.07320340402329473,0.438968414,-0.343921035,-0.01426364,0.0053,0.0,0.029583218,-0.015368789,0.0732034040232947
2012-01-16,-0.692044284,2.113153636,0.0,0.0,0.0,0.0,-0.147510198,0.0053,0.0,0.0,0.0,0.0,-0.015368789,0.029583218,0.0,0.07320340402329473,0.07320340402329473,2.113153636,0.0,-0.147510198,0.0053,0.0,0.029583218,-0.015368789,0.0732034040232947
2012-01-17,1.036278704,0.209998817,0.0,2.016217554,0.0,0.0,0.0,0.0053,0.0,0.0,0.0,0.0,-0.015368789,0.029583218,0.0,0.07320340402329473,0.07320340402329473,0.209998817,2.016217554,0.0,0.0053,0.0,0.029583218,-0.015368789,0.0732034040232947
2012-01-18,-0.229357899,0.916019937,0.0,0.0,-0.089414342,0.0,-0.436554171,0.0053,0.0,0.0,0.0,0.0,-0.015368789,0.029583218,0.0,0.07320340402329473,0.07320340402329473,0.916019937,-0.089414342,-0.436554171,0.0053,0.0,0.029583218,-0.015368789,0.0732034040232947
2012-01-19,0.229357899,0.646446806,0.0,0.0,-0.288657942,0.0,-0.239521073,0.0053,0.0,0.0,0.0,0.0,-0.015368789,0.029583218,0.0,0.07320340402329473,0.07320340402329473,0.646446806,-0.288657942,-0.239521073,0.0053,0.0,0.029583218,-0.015368789,0.0732034040232947
2012-01-20,0.0,3.540507138,0.0,0.0,-2.186815616,0.0,-0.192030784,0.0053,0.0,0.0,0.0,0.0,-0.015368789,0.029583218,0.0,0.07320340402329473,0.07320340402329473,3.540507138,-2.186815616,-0.192030784,0.0053,0.0,0.029583218,-0.015368789,0.0732034040232947
2012-01-23,0.0,0.0,0.0,1.335917044,0.0,0.0,0.0,0.0053,0.0,0.0,0.0,0.0,-0.015368789,0.029583218,0.0,0.07320340402329473,0.07320340402329473,0.0,1.335917044,0.0,0.0053,0.0,0.029583218,-0.015368789,0.0732034040232947
2012-01-24,0.0,0.0,0.0,0.0,-0.635371004,0.0,0.0,0.0053,0.0,0.0,0.0,0.0,-0.015368789,0.029583218,0.0,0.07320340402329473,0.07320340402329473,0.0,-0.635371004,0.0,0.0053,0.0,0.029583218,-0.015368789,0.0732034040232947
2012-01-25,0.0,0.0,0.0,0.393800681,0.0,0.192030784,0.0,0.0053,0.0,0.0,0.0,0.0,-0.015368789,0.029583218,0.0,0.07320340402329473,0.07320340402329473,0.0,0.393800681,0.192030784,0.0053,0.0,0.029583218,-0.015368789,0.0732034040232947
2012-01-26,0.0,0.0,0.0,0.532691345,0.0,0.0,0.0,0.0053,0.0,0.0,0.0,0.0,-0.015368789,0.029583218,0.0,0.07320340402329473,0.07320340402329473,0.0,0.532691345,0.0,0.0053,0.0,0.029583218,-0.015368789,0.0732034040232947
2012-01-27,0.0,0.0,0.0,0.0,-0.291121021,0.0,0.0,0.0053,0.0,0.0,0.0,0.0,-0.015368789,0.029583218,0.0,0.07320340402329473,0.07320340402329473,0.0,-0.291121021,0.0,0.0053,0.0,0.029583218,-0.015368789,0.0732034040232947
2012-01-30,0.0,0.0,-0.788670657,0.0,-0.726468738,0.239521073,0.0,0.0053,0.0,0.0,0.0,0.0,-0.015368789,0.029583218,0.0,0.07320340402329473,0.07320340402329473,-0.788670657,-0.726468738,0.239521073,0.0053,0.0,0.029583218,-0.015368789,0.0732034040232947
2012-01-31,2.573241397,3.540507138,0.0,0.0,-0.294102945,0.477327875,0.0,0.0072,0.0,0.0,0.0,0.0,-0.095211267,0.037173634,0.0,0.07320340402329473,0.07320340402329473,3.540507138,-0.294102945,0.477327875,0.0072,0.0,0.037173634,-0.095211267,0.0732034040232947
2012-02-01,0.15533122,0.0,-0.444085799,0.0,-0.846555109,0.0,-0.095283476,0.0072,0.0,0.0,0.0,0.0,-0.095211267,0.037173634,0.0,0.07320340402329473,0.07320340402329473,-0.444085799,-0.846555109,-0.095283476,0.0072,0.0,0.037173634,-0.095211267,0.0732034040232947
2012-02-02,0.066496733,1.326384464,0.0,0.0,-1.309364549,0.0,-0.14309566,0.0072,0.0,0.0,0.0,0.0,-0.095211267,0.037173634,0.0,0.07320340402329473,0.07320340402329473,1.326384464,-1.309364549,-0.14309566,0.0072,0.0,0.037173634,-0.095211267,0.0732034040232947
2012-02-03,-0.066496733,3.540507138,0.0,1.483339929,0.0,0.0,0.0,0.0072,0.0,0.0,0.0,0.0,-0.095211267,0.037173634,0.0,0.07320340402329473,0.07320340402329473,3.540507138,1.483339929,0.0,0.0072,0.0,0.037173634,-0.095211267,0.0732034040232947
2012-02-06,-1.227009259,0.0,-1.624568891,0.0,-0.934826264,0.0,-0.143300717,0.0072,0.0,0.0,0.0,0.0,-0.095211267,0.037173634,0.0,0.07320340402329473,0.07320340402329473,-1.624568891,-0.934826264,-0.143300717,0.0072,0.0,0.037173634,-0.095211267,0.0732034040232947
2012-02-07,0.33613477,0.0,-0.480824056,1.69877192,0.0,0.0,-0.095648023,0.0072,0.0,0.0,0.0,0.0,-0.095211267,0.037173634,0.0,0.07320340402329473,0.07320340402329473,-0.480824056,1.69877192,-0.095648023,0.0072,0.0,0.037173634,-0.095211267,0.0732034040232947
2012-02-08,0.335008689,0.823213672,0.0,0.253357116,0.0,0.0,0.0,0.0072,0.0,0.0,0.0,0.0,-0.095211267,0.037173634,0.0,0.07320340402329473,0.07320340402329473,0.823213672,0.253357116,0.0,0.0072,0.0,0.037173634,-0.095211267,0.0732034040232947
2012-02-09,-0.603826055,2.262805921,0.0,1.087186066,0.0,0.0,-0.143643788,0.0072,0.0,0.0,0.0,0.0,-0.095211267,0.037173634,0.0,0.07320340402329473,0.07320340402329473,2.262805921,1.087186066,-0.143643788,0.0072,0.0,0.037173634,-0.095211267,0.0732034040232947
2012-02-10,-0.2920366,0.0,-0.697374924,0.0,-1.208717375,0.0,0.0,0.0072,0.0,0.0,0.0,0.0,-0.095211267,0.037173634,0.0,0.07320340402329473,0.07320340402329473,-0.697374924,-1.208717375,0.0,0.0072,0.0,0.037173634,-0.095211267,0.0732034040232947
2012-02-13,0.381722704,0.0,-1.905335307,1.718030904,0.0,0.0,-0.191846582,0.0072,0.0,0.0,0.0,0.0,-0.095211267,0.037173634,0.0,0.07320340402329473,0.07320340402329473,-1.905335307,1.718030904,-0.191846582,0.0072,0.0,0.037173634,-0.095211267,0.0732034040232947
2012-02-14,-0.269299983,0.0,-2.845992068,0.427414795,0.0,0.047996161,0.0,0.0072,0.0,0.0,0.0,0.0,-0.095211267,0.037173634,0.0,0.07320340402329473,0.07320340402329473,-2.845992068,0.427414795,0.047996161,0.0072,0.0,0.037173634,-0.095211267,0.0732034040232947
2012-02-15,0.224466985,1.907135263,0.0,0.986979982,0.0,0.0,-0.09601537,0.0072,0.0,0.0,0.0,0.0,-0.095211267,0.037173634,0.0,0.07320340402329473,0.07320340402329473,1.907135263,0.986979982,-0.09601537,0.0072,0.0,0.037173634,-0.095211267,0.0732034040232947
2012-02-16,-0.269420908,0.0,-0.85915294,0.499633662,0.0,0.0,-0.24044253,0.0072,0.0,0.0,0.0,0.0,-0.095211267,0.037173634,0.0,0.07320340402329473,0.07320340402329473,-0.85915294,0.499633662,-0.24044253,0.0072,0.0,0.037173634,-0.095211267,0.0732034040232947
2012-02-17,0.157250397,0.700978689,0.0,0.914403258,0.0,0.192400252,0.0,0.0072,0.0,0.0,0.0,0.0,-0.095211267,0.037173634,0.0,0.07320340402329473,0.07320340402329473,0.700978689,0.914403258,0.192400252,0.0072,0.0,0.037173634,-0.095211267,0.0732034040232947
2012-02-20,0.0,2.93406868,0.0,0.0,0.0,0.0,-0.04806537,0.0072,0.0,0.0,0.0,0.0,-0.095211267,0.037173634,0.0,0.07320340402329473,0.07320340402329473,2.93406868,0.0,-0.04806537,0.0072,0.0,0.037173634,-0.095211267,0.0732034040232947
2012-02-21,0.112170511,2.881253611,0.0,2.495945968,0.0,0.04806537,0.0,0.0072,0.0,0.0,0.0,0.0,-0.095211267,0.037173634,0.0,0.07320340402329473,0.07320340402329473,2.881253611,2.495945968,0.04806537,0.0072,0.0,0.037173634,-0.095211267,0.0732034040232947
2012-02-22,0.335758569,0.0,-2.686240996,0.103837268,0.0,0.0,0.0,0.0072,0.0,0.0,0.0,0.0,-0.095211267,0.037173634,0.0,0.07320340402329473,0.07320340402329473,-2.686240996,0.103837268,0.0,0.0072,0.0,0.037173634,-0.095211267,0.0732034040232947
2012-02-23,0.557104505,2.1347122,0.0,1.358780218,0.0,0.0,-0.192400252,0.0072,0.0,0.0,0.0,0.0,-0.095211267,0.037173634,0.0,0.07320340402329473,0.07320340402329473,2.1347122,1.358780218,-0.192400252,0.0072,0.0,0.037173634,-0.095211267,0.0732034040232947
2012-02-24,0.199800266,1.797849013,0.0,1.798692592,0.0,0.192400252,0.0,0.0072,0.0,0.0,0.0,0.0,-0.095211267,0.037173634,0.0,0.07320340402329473,0.07320340402329473,1.797849013,1.798692592,0.192400252,0.0072,0.0,0.037173634,-0.095211267,0.0732034040232947
2012-02-27,-0.355476935,0.0,-0.250841152,0.0,-0.82614753,0.0,0.0,0.0072,0.0,0.0,0.0,0.0,-0.095211267,0.037173634,0.0,0.07320340402329473,0.07320340402329473,-0.250841152,-0.82614753,0.0,0.0072,0.0,0.037173634,-0.095211267,0.0732034040232947
2012-02-28,0.0,0.755302963,0.0,0.0,-1.766830413,0.048042278,0.0,0.0072,0.0,0.0,0.0,0.0,-0.095211267,0.037173634,0.0,0.07320340402329473,0.07320340402329473,0.755302963,-1.766830413,0.048042278,0.0072,0.0,0.037173634,-0.095211267,0.0732034040232947
2012-02-29,0.421988411,0.0,-2.176046676,0.458651995,0.0,0.048019209,0.0,0.0138,0.0,0.0,0.0,0.012072376,0.0,0.0,-0.03759244,0.07320340402329473,0.07320340402329473,-2.176046676,0.458651995,0.048019209,0.0138,0.0,-0.03759244,0.012072376,0.0732034040232947
2012-03-01,-1.069528912,1.526314332,0.0,1.556740111,0.0,0.0,-0.144126857,0.0138,0.0,0.0,0.0,0.012072376,0.0,0.0,-0.03759244,0.07320340402329473,0.07320340402329473,1.526314332,1.556740111,-0.144126857,0.0138,0.0,-0.03759244,0.012072376,0.0732034040232947
2012-03-02,-0.089645905,1.360058226,0.0,0.0,-1.930992045,0.120120135,0.0,0.0138,0.0,0.0,0.0,0.012072376,0.0,0.0,-0.03759244,0.07320340402329473,0.07320340402329473,1.360058226,-1.930992045,0.120120135,0.0138,0.0,-0.03759244,0.012072376,0.0732034040232947
2012-03-05,-0.269420908,3.540507138,0.0,0.018745899,0.0,0.0,-0.072054765,0.0138,0.0,0.0,0.0,0.012072376,0.0,0.0,-0.03759244,0.07320340402329473,0.07320340402329473,3.540507138,0.018745899,-0.072054765,0.0138,0.0,-0.03759244,0.012072376,0.0732034040232947
2012-03-06,-0.067468798,3.540507138,0.0,0.0,-1.882653401,0.048042278,0.0,0.0138,0.0,0.0,0.0,0.012072376,0.0,0.0,-0.03759244,0.07320340402329473,0.07320340402329473,3.540507138,-1.882653401,0.048042278,0.0138,0.0,-0.03759244,0.012072376,0.0732034040232947
2012-03-07,-0.609276397,0.0,-4.195604674,1.375276572,0.0,0.024012487,0.0,0.0138,0.0,0.0,0.0,0.012072376,0.0,0.0,-0.03759244,0.07320340402329473,0.07320340402329473,-4.195604674,1.375276572,0.024012487,0.0138,0.0,-0.03759244,0.012072376,0.0732034040232947
2012-03-08,0.586776678,0.0,-1.433178151,0.460505489,0.0,0.0,-0.072054765,0.0138,0.0,0.0,0.0,0.012072376,0.0,0.0,-0.03759244,0.07320340402329473,0.07320340402329473,-1.433178151,0.460505489,-0.072054765,0.0138,0.0,-0.03759244,0.012072376,0.0732034040232947
2012-03-09,0.112448005,0.0,-1.672789803,0.700773716,0.0,0.0,0.0,0.0138,0.0,0.0,0.0,0.012072376,0.0,0.0,-0.03759244,0.07320340402329473,0.07320340402329473,-1.672789803,0.700773716,0.0,0.0138,0.0,-0.03759244,0.012072376,0.0732034040232947
2012-03-12,0.15721508,0.146677092,0.0,0.0,-0.9918674,0.0,0.0,0.0138,0.0,0.0,0.0,0.012072376,0.0,0.0,-0.03759244,0.07320340402329473,0.07320340402329473,0.146677092,-0.9918674,0.0,0.0138,0.0,-0.03759244,0.012072376,0.0732034040232947
2012-03-13,0.134559339,0.0,-0.023267718,0.337965023,0.0,0.0,-0.096153854,0.0138,0.0,0.0,0.0,0.012072376,0.0,0.0,-0.03759244,0.07320340402329473,0.07320340402329473,-0.023267718,0.337965023,-0.096153854,0.0138,0.0,-0.03759244,0.012072376,0.0732034040232947
2012-03-14,-0.629498482,1.386568097,0.0,0.0,-1.140499661,0.048088484,0.0,0.0138,0.0,0.0,0.0,0.012072376,0.0,0.0,-0.03759244,0.07320340402329473,0.07320340402329473,1.386568097,-1.140499661,0.048088484,0.0138,0.0,-0.03759244,0.012072376,0.0732034040232947
2012-03-15,-0.92897462,0.0,-0.52001958,0.0,-0.284792294,0.04806537,0.0,0.0138,0.0,0.0,0.0,0.012072376,0.0,0.0,-0.03759244,0.07320340402329473,0.07320340402329473,-0.52001958,-0.284792294,0.04806537,0.0138,0.0,-0.03759244,0.012072376,0.0732034040232947
2012-03-16,0.204661811,3.540507138,0.0,1.734093025,0.0,0.0,-0.04806537,0.0138,0.0,0.0,0.0,0.012072376,0.0,0.0,-0.03759244,0.07320340402329473,0.07320340402329473,3.540507138,1.734093025,-0.04806537,0.0138,0.0,-0.03759244,0.012072376,0.0732034040232947
2012-03-19,-0.29575724,0.0,-3.126242756,0.985504443,0.0,0.096107648,0.0,0.0138,0.0,0.0,0.0,0.012072376,0.0,0.0,-0.03759244,0.07320340402329473,0.07320340402329473,-3.126242756,0.985504443,0.096107648,0.0138,0.0,-0.03759244,0.012072376,0.0732034040232947
2012-03-20,-0.892556561,0.0,-0.142361853,0.0,-2.254855321,0.0,-0.048042278,0.0138,0.0,0.0,0.0,0.012072376,0.0,0.0,-0.03759244,0.07320340402329473,0.07320340402329473,-0.142361853,-2.254855321,-0.048042278,0.0138,0.0,-0.03759244,0.012072376,0.0732034040232947
2012-03-21,0.229621226,1.873425835,0.0,1.119748232,0.0,0.192030784,0.0,0.0138,0.0,0.0,0.0,0.012072376,0.0,0.0,-0.03759244,0.07320340402329473,0.07320340402329473,1.873425835,1.119748232,0.192030784,0.0138,0.0,-0.03759244,0.012072376,0.0732034040232947
2012-03-22,-0.114744706,0.0,-0.148950603,0.0,-1.784328671,0.0,-0.095969297,0.0138,0.0,0.0,0.0,0.012072376,0.0,0.0,-0.03759244,0.07320340402329473,0.07320340402329473,-0.148950603,-1.784328671,-0.095969297,0.0138,0.0,-0.03759244,0.012072376,0.0732034040232947
2012-03-23,0.298062814,1.381652572,0.0,1.371763623,0.0,0.14391943,0.0,0.0138,0.0,0.0,0.0,0.012072376,0.0,0.0,-0.03759244,0.07320340402329473,0.07320340402329473,1.381652572,1.371763623,0.14391943,0.0138,0.0,-0.03759244,0.012072376,0.0732034040232947
2012-03-26,0.388438738,2.046062073,0.0,0.599533412,0.0,0.095831344,0.0,0.0138,0.0,0.0,0.0,0.012072376,0.0,0.0,-0.03759244,0.07320340402329473,0.07320340402329473,2.046062073,0.599533412,0.095831344,0.0138,0.0,-0.03759244,0.012072376,0.0732034040232947
2012-03-27,0.862857306,0.237599702,0.0,0.233219939,0.0,0.0,-0.239750774,0.0138,0.0,0.0,0.0,0.012072376,0.0,0.0,-0.03759244,0.07320340402329473,0.07320340402329473,0.237599702,0.233219939,-0.239750774,0.0138,0.0,-0.03759244,0.012072376,0.0732034040232947
2012-03-28,-0.362401303,0.0,-3.56824559,0.0,-1.805238945,0.0,0.0,0.0138,0.0,0.0,0.0,0.012072376,0.0,0.0,-0.03759244,0.07320340402329473,0.07320340402329473,-3.56824559,-1.805238945,0.0,0.0138,0.0,-0.03759244,0.012072376,0.0732034040232947
2012-03-29,-0.660218676,1.302402378,0.0,0.0,-2.507456408,0.0,-0.144126857,0.0138,0.0,0.0,0.0,0.012072376,0.0,0.0,-0.03759244,0.07320340402329473,0.07320340402329473,1.302402378,-2.507456408,-0.144126857,0.0138,0.0,-0.03759244,0.012072376,0.0732034040232947
2012-03-30,0.159762672,0.0,-1.444651518,0.233213593,0.0,0.096107648,0.0,0.0138,0.0,0.0,0.0,0.012072376,0.0,0.0,-0.03759244,0.07320340402329473,0.07320340402329473,-1.444651518,0.233213593,0.096107648,0.0138,0.0,-0.03759244,0.012072376,0.0732034040232947
2012-04-02,0.0,0.0,0.0,2.131826461,0.0,0.0,0.0,0.0,-0.3749,0.0,0.0,0.115533105,0.0,0.0,-0.007194466,0.29937811221497235,0.29937811221497235,0.0,2.131826461,0.0,-0.3749,0.0,-0.007194466,0.115533105,0.2993781122149723
2012-04-03,-0.20545607,0.0,-0.366715369,0.0,-1.175528422,0.048019209,0.0,0.0,-0.3749,0.0,0.0,0.115533105,0.0,0.0,-0.007194466,0.29937811221497235,0.29937811221497235,-0.366715369,-1.175528422,0.048019209,-0.3749,0.0,-0.007194466,0.115533105,0.2993781122149723
2012-04-04,-0.71093064,1.143230373,0.0,0.0,-2.422886703,0.0,-0.096061487,0.0,-0.3749,0.0,0.0,0.115533105,0.0,0.0,-0.007194466,0.29937811221497235,0.29937811221497235,1.143230373,-2.422886703,-0.096061487,-0.3749,0.0,-0.007194466,0.115533105,0.2993781122149723
2012-04-05,-0.161234631,0.0,-1.586438099,1.718624471,0.0,0.0,-0.04806537,0.0,-0.3749,0.0,0.0,0.115533105,0.0,0.0,-0.007194466,0.29937811221497235,0.29937811221497235,-1.586438099,1.718624471,-0.04806537,-0.3749,0.0,-0.007194466,0.115533105,0.2993781122149723
2012-04-06,-0.092250929,1.823813644,0.0,0.0,0.0,0.0,-0.096200104,0.0,-0.3749,0.0,0.0,0.115533105,0.0,0.0,-0.007194466,0.29937811221497235,0.29937811221497235,1.823813644,0.0,-0.096200104,-0.3749,0.0,-0.007194466,0.115533105,0.2993781122149723
2012-04-09,-0.09233611,0.773150916,0.0,0.0,-0.816569133,0.24032696,0.0,0.0,-0.3749,0.0,0.0,0.115533105,0.0,0.0,-0.007194466,0.29937811221497235,0.29937811221497235,0.773150916,-0.816569133,0.24032696,-0.3749,0.0,-0.007194466,0.115533105,0.2993781122149723
2012-04-10,-0.231213976,0.102045352,0.0,0.0,-1.306694429,0.0,-0.144126857,0.0,-0.3749,0.0,0.0,0.115533105,0.0,0.0,-0.007194466,0.29937811221497235,0.29937811221497235,0.102045352,-1.306694429,-0.144126857,-0.3749,0.0,-0.007194466,0.115533105,0.2993781122149723
2012-04-11,0.023145469,1.441851145,0.0,1.511462673,0.0,0.0,0.0,0.0,-0.3749,0.0,0.0,0.115533105,0.0,0.0,-0.007194466,0.29937811221497235,0.29937811221497235,1.441851145,1.511462673,0.0,-0.3749,0.0,-0.007194466,0.115533105,0.2993781122149723
2012-04-12,-0.162130898,1.013294456,0.0,0.998312144,0.0,0.04806537,0.0,0.0,-0.3749,0.0,0.0,0.115533105,0.0,0.0,-0.007194466,0.29937811221497235,0.29937811221497235,1.013294456,0.998312144,0.04806537,-0.3749,0.0,-0.007194466,0.115533105,0.2993781122149723
2012-04-13,0.092678413,1.131559885,0.0,0.0,-0.823129617,0.0,-0.04806537,0.0,-0.3749,0.0,0.0,0.115533105,0.0,0.0,-0.007194466,0.29937811221497235,0.29937811221497235,1.131559885,-0.823129617,-0.04806537,-0.3749,0.0,-0.007194466,0.115533105,0.2993781122149723
2012-04-16,-0.88393225,0.0,-0.519013754,0.077760502,0.0,0.0,0.0,0.0,-0.3749,0.0,0.0,0.115533105,0.0,0.0,-0.007194466,0.29937811221497235,0.29937811221497235,-0.519013754,0.077760502,0.0,-0.3749,0.0,-0.007194466,0.115533105,0.2993781122149723
2012-04-17,-0.280767615,1.383750458,0.0,1.264800834,0.0,0.0,0.0,0.0,-0.3749,0.0,0.0,0.115533105,0.0,0.0,-0.007194466,0.29937811221497235,0.29937811221497235,1.383750458,1.264800834,0.0,-0.3749,0.0,-0.007194466,0.115533105,0.2993781122149723
2012-04-18,0.0,0.752137409,0.0,0.0,-1.527485229,0.0,0.0,0.0,-0.3749,0.0,0.0,0.115533105,0.0,0.0,-0.007194466,0.29937811221497235,0.29937811221497235,0.752137409,-1.527485229,0.0,-0.3749,0.0,-0.007194466,0.115533105,0.2993781122149723
2012-04-19,-0.65820642,0.0,-0.907069259,0.0,-0.263376244,0.0,0.0,0.0,-0.3749,0.0,0.0,0.115533105,0.0,0.0,-0.007194466,0.29937811221497235,0.29937811221497235,-0.907069259,-0.263376244,0.0,-0.3749,0.0,-0.007194466,0.115533105,0.2993781122149723
2012-04-20,-0.04718094,0.0,-0.72691935,1.165287997,0.0,0.096107648,0.0,0.0,-0.3749,0.0,0.0,0.115533105,0.0,0.0,-0.007194466,0.29937811221497235,0.29937811221497235,-0.72691935,1.165287997,0.096107648,-0.3749,0.0,-0.007194466,0.115533105,0.2993781122149723
2012-04-23,0.282752309,0.0,-0.128452169,0.0,-0.872690499,0.0,-0.048042278,0.0,-0.3749,0.0,0.0,0.115533105,0.0,0.0,-0.007194466,0.29937811221497235,0.29937811221497235,-0.128452169,-0.872690499,-0.048042278,-0.3749,0.0,-0.007194466,0.115533105,0.2993781122149723
2012-04-24,0.2115408,0.0,-0.242367165,0.408203502,0.0,0.0,-0.04806537,0.0,-0.3749,0.0,0.0,0.115533105,0.0,0.0,-0.007194466,0.29937811221497235,0.29937811221497235,-0.242367165,0.408203502,-0.04806537,-0.3749,0.0,-0.007194466,0.115533105,0.2993781122149723
2012-04-25,0.398360222,1.220854811,0.0,0.599556965,0.0,0.096107648,0.0,0.0,-0.3749,0.0,0.0,0.115533105,0.0,0.0,-0.007194466,0.29937811221497235,0.29937811221497235,1.220854811,0.599556965,0.096107648,-0.3749,0.0,-0.007194466,0.115533105,0.2993781122149723
2012-04-26,0.0,0.302898951,0.0,0.806610865,0.0,0.09601537,0.0,0.0,-0.3749,0.0,0.0,0.115533105,0.0,0.0,-0.007194466,0.29937811221497235,0.29937811221497235,0.302898951,0.806610865,0.09601537,-0.3749,0.0,-0.007194466,0.115533105,0.2993781122149723
2012-04-27,-0.023389077,0.128930005,0.0,0.286505783,0.0,0.0,-0.047996161,0.0,-0.3749,0.0,0.0,0.115533105,0.0,0.0,-0.007194466,0.29937811221497235,0.29937811221497235,0.128930005,0.286505783,-0.047996161,-0.3749,0.0,-0.007194466,0.115533105,0.2993781122149723
2012-04-30,0.0,0.0,0.0,0.028605483,0.0,0.0,0.0,0.3961,0.0,0.0,-0.01,0.0,-0.061470196,0.020060535,0.0,0.29937811221497235,0.29937811221497235,0.0,0.028605483,0.0,0.3961,-0.01,0.020060535,-0.061470196,0.2993781122149723
2012-05-01,0.0,0.0,0.0,1.212940105,0.0,0.0,0.0,0.3961,0.0,0.0,-0.01,0.0,-0.061470196,0.020060535,0.0,0.29937811221497235,0.29937811221497235,0.0,1.212940105,0.0,0.3961,-0.01,0.020060535,-0.061470196,0.2993781122149723
2012-05-02,0.0,0.545580373,0.0,0.0,-0.870311046,0.047996161,0.0,0.3961,0.0,0.0,-0.01,0.0,-0.061470196,0.020060535,0.0,0.29937811221497235,0.29937811221497235,0.545580373,-0.870311046,0.047996161,0.3961,-0.01,0.020060535,-0.061470196,0.2993781122149723
2012-05-03,-0.774924625,0.0,-1.15788988,0.0,-2.589047939,0.0,0.0,0.3961,0.0,0.0,-0.01,0.0,-0.061470196,0.020060535,0.0,0.29937811221497235,0.29937811221497235,-1.15788988,-2.589047939,0.0,0.3961,-0.01,0.020060535,-0.061470196,0.2993781122149723
2012-05-04,-0.519972809,0.0,-0.00212524,0.0,-4.049297299,0.0,-0.144057648,0.3961,0.0,0.0,-0.01,0.0,-0.061470196,0.020060535,0.0,0.29937811221497235,0.29937811221497235,-0.00212524,-4.049297299,-0.144057648,0.3961,-0.01,0.020060535,-0.061470196,0.2993781122149723
2012-05-07,0.07106479,2.398065528,0.0,0.0,-0.641713432,0.144057648,0.0,0.3961,0.0,0.0,-0.01,0.0,-0.061470196,0.020060535,0.0,0.29937811221497235,0.29937811221497235,2.398065528,-0.641713432,0.144057648,0.3961,-0.01,0.020060535,-0.061470196,0.2993781122149723
2012-05-08,-1.575211568,1.370378459,0.0,0.0,-0.748759845,0.0,-0.09601537,0.3961,0.0,0.0,-0.01,0.0,-0.061470196,0.020060535,0.0,0.29937811221497235,0.29937811221497235,1.370378459,-0.748759845,-0.09601537,0.3961,-0.01,0.020060535,-0.061470196,0.2993781122149723
2012-05-09,0.0,0.0,-0.083948448,0.0,-0.340329313,0.09601537,0.0,0.3961,0.0,0.0,-0.01,0.0,-0.061470196,0.020060535,0.0,0.29937811221497235,0.29937811221497235,-0.083948448,-0.340329313,0.09601537,0.3961,-0.01,0.020060535,-0.061470196,0.2993781122149723
2012-05-10,0.12020677,0.376193938,0.0,0.309438101,0.0,0.383142231,0.0,0.3961,0.0,0.0,-0.01,0.0,-0.061470196,0.020060535,0.0,0.29937811221497235,0.29937811221497235,0.376193938,0.309438101,0.383142231,0.3961,-0.01,0.020060535,-0.061470196,0.2993781122149723
2012-05-11,-0.216476332,0.0,-0.480716066,0.0,-1.108073265,0.0,-0.436554171,0.3961,0.0,0.0,-0.01,0.0,-0.061470196,0.020060535,0.0,0.29937811221497235,0.29937811221497235,-0.480716066,-1.108073265,-0.436554171,0.3961,-0.01,0.020060535,-0.061470196,0.2993781122149723
2012-05-14,0.0,0.0,-2.061373371,0.0,-1.341879869,0.09601537,0.0,0.3961,0.0,0.0,-0.01,0.0,-0.061470196,0.020060535,0.0,0.29937811221497235,0.29937811221497235,-2.061373371,-1.341879869,0.09601537,0.3961,-0.01,0.020060535,-0.061470196,0.2993781122149723
2012-05-15,-0.919213052,0.0,-3.138346217,0.0,-0.826626157,0.0,-0.09601537,0.3961,0.0,0.0,-0.01,0.0,-0.061470196,0.020060535,0.0,0.29937811221497235,0.29937811221497235,-3.138346217,-0.826626157,-0.09601537,0.3961,-0.01,0.020060535,-0.061470196,0.2993781122149723
2012-05-16,-0.903216198,0.0,-1.571784361,0.0,-1.274448307,0.120004815,0.0,0.3961,0.0,0.0,-0.01,0.0,-0.061470196,0.020060535,0.0,0.29937811221497235,0.29937811221497235,-1.571784361,-1.274448307,0.120004815,0.3961,-0.01,0.020060535,-0.061470196,0.2993781122149723
2012-05-17,0.416004515,0.0,-1.320807257,0.0,-0.269818306,0.0,-0.120004815,0.3961,0.0,0.0,-0.01,0.0,-0.061470196,0.020060535,0.0,0.29937811221497235,0.29937811221497235,-1.320807257,-0.269818306,-0.120004815,0.3961,-0.01,0.020060535,-0.061470196,0.2993781122149723
2012-05-18,1.9347641,0.0,-2.266640784,0.0,-1.108466033,0.0,-0.048042278,0.3961,0.0,0.0,-0.01,0.0,-0.061470196,0.020060535,0.0,0.29937811221497235,0.29937811221497235,-2.266640784,-1.108466033,-0.048042278,0.3961,-0.01,0.020060535,-0.061470196,0.2993781122149723
2012-05-21,0.644624412,0.0,-0.264170863,1.151685915,0.0,0.048042278,0.0,0.3961,0.0,0.0,-0.01,0.0,-0.061470196,0.020060535,0.0,0.29937811221497235,0.29937811221497235,-0.264170863,1.151685915,0.048042278,0.3961,-0.01,0.020060535,-0.061470196,0.2993781122149723
2012-05-22,-1.004552815,2.874839775,0.0,0.0,-1.228209559,0.120004815,0.0,0.3961,0.0,0.0,-0.01,0.0,-0.061470196,0.020060535,0.0,0.29937811221497235,0.29937811221497235,2.874839775,-1.228209559,0.120004815,0.3961,-0.01,0.020060535,-0.061470196,0.2993781122149723
2012-05-23,-1.06332563,0.0,-1.725336679,0.0,-2.256233731,0.0,-0.120004815,0.3961,0.0,0.0,-0.01,0.0,-0.061470196,0.020060535,0.0,0.29937811221497235,0.29937811221497235,-1.725336679,-2.256233731,-0.120004815,0.3961,-0.01,0.020060535,-0.061470196,0.2993781122149723
2012-05-24,0.0,0.0,-2.791070213,1.068100942,0.0,0.09601537,0.0,0.3961,0.0,0.0,-0.01,0.0,-0.061470196,0.020060535,0.0,0.29937811221497235,0.29937811221497235,-2.791070213,1.068100942,0.09601537,0.3961,-0.01,0.020060535,-0.061470196,0.2993781122149723
2012-05-25,0.218420181,0.284719119,0.0,0.309392512,0.0,0.0,0.0,0.3961,0.0,0.0,-0.01,0.0,-0.061470196,0.020060535,0.0,0.29937811221497235,0.29937811221497235,0.284719119,0.309392512,0.0,0.3961,-0.01,0.020060535,-0.061470196,0.2993781122149723
2012-05-28,0.362976805,2.425163953,0.0,0.0,0.0,0.0,0.0,0.3961,0.0,0.0,-0.01,0.0,-0.061470196,0.020060535,0.0,0.29937811221497235,0.29937811221497235,2.425163953,0.0,0.0,0.3961,-0.01,0.020060535,-0.061470196,0.2993781122149723
2012-05-29,-0.120845936,0.0,-2.626466704,0.121285643,0.0,0.0,-0.047996161,0.3961,0.0,0.0,-0.01,0.0,-0.061470196,0.020060535,0.0,0.29937811221497235,0.29937811221497235,-2.626466704,0.121285643,-0.047996161,0.3961,-0.01,0.020060535,-0.061470196,0.2993781122149723
2012-05-30,-0.655103641,0.356053275,0.0,0.0,-3.316087421,0.14391943,0.0,0.3961,0.0,0.0,-0.01,0.0,-0.061470196,0.020060535,0.0,0.29937811221497235,0.29937811221497235,0.356053275,-3.316087421,0.14391943,0.3961,-0.01,0.020060535,-0.061470196,0.2993781122149723
2012-05-31,0.437212258,0.0,-0.335210051,0.0,-1.457199785,0.0,-0.191938639,0.0008,0.0,0.0,-0.01,0.0,-0.011265154,0.079062656,0.0,0.29937811221497235,0.29937811221497235,-0.335210051,-1.457199785,-0.191938639,0.0008,-0.01,0.079062656,-0.011265154,0.2993781122149723
2012-06-01,0.0,0.0,-0.252727386,0.0,-3.94888952,0.09601537,0.0,0.0008,0.0,0.0,-0.01,0.0,-0.011265154,0.079062656,0.0,0.29937811221497235,0.29937811221497235,-0.252727386,-3.94888952,0.09601537,0.0008,-0.01,0.079062656,-0.011265154,0.2993781122149723
2012-06-04,1.443720937,0.0,-0.895465723,0.933467764,0.0,0.287494209,0.0,0.0008,0.0,0.0,-0.01,0.0,-0.011265154,0.079062656,0.0,0.29937811221497235,0.29937811221497235,-0.895465723,0.933467764,0.287494209,0.0008,-0.01,0.079062656,-0.011265154,0.2993781122149723
2012-06-05,0.262436033,0.0,-3.080386738,0.427909841,0.0,0.0,0.0,0.0008,0.0,0.0,-0.01,0.0,-0.011265154,0.079062656,0.0,0.29937811221497235,0.29937811221497235,-3.080386738,0.427909841,0.0,0.0008,-0.01,0.079062656,-0.011265154,0.2993781122149723
2012-06-06,1.066487179,1.707723676,0.0,0.873883691,0.0,0.3820444,0.0,0.0008,0.0,0.0,-0.01,0.0,-0.011265154,0.079062656,0.0,0.29937811221497235,0.29937811221497235,1.707723676,0.873883691,0.3820444,0.0008,-0.01,0.079062656,-0.011265154,0.2993781122149723
2012-06-07,-0.496278934,2.358627579,0.0,0.0,-0.317965292,0.0,0.0,0.0008,0.0,0.0,-0.01,0.0,-0.011265154,0.079062656,0.0,0.29937811221497235,0.29937811221497235,2.358627579,-0.317965292,0.0,0.0008,-0.01,0.079062656,-0.011265154,0.2993781122149723
2012-06-08,0.0,1.811210678,0.0,0.0,-0.829093936,0.0,-0.190839753,0.0008,0.0,0.0,-0.01,0.0,-0.011265154,0.079062656,0.0,0.29937811221497235,0.29937811221497235,1.811210678,-0.829093936,-0.190839753,0.0008,-0.01,0.079062656,-0.011265154,0.2993781122149723
2012-06-11,-1.023940367,0.0,-1.577221993,0.0,-1.800120611,0.047744093,0.0,0.0008,0.0,0.0,-0.01,0.0,-0.011265154,0.079062656,0.0,0.29937811221497235,0.29937811221497235,-1.577221993,-1.800120611,0.047744093,0.0008,-0.01,0.079062656,-0.011265154,0.2993781122149723
2012-06-12,-0.191662732,0.171090396,0.0,0.928108874,0.0,0.0,-0.43051968,0.0008,0.0,0.0,-0.01,0.0,-0.011265154,0.079062656,0.0,0.29937811221497235,0.29937811221497235,0.171090396,0.928108874,-0.43051968,0.0008,-0.01,0.079062656,-0.011265154,0.2993781122149723
2012-06-13,0.526191121,0.0,-0.732654966,0.0,-0.952330746,0.287218962,0.0,0.0008,0.0,0.0,-0.01,0.0,-0.011265154,0.079062656,0.0,0.29937811221497235,0.29937811221497235,-0.732654966,-0.952330746,0.287218962,0.0008,-0.01,0.079062656,-0.011265154,0.2993781122149723
2012-06-14,0.214464517,0.0,-0.932827319,1.526563692,0.0,0.0,0.0,0.0008,0.0,0.0,-0.01,0.0,-0.011265154,0.079062656,0.0,0.29937811221497235,0.29937811221497235,-0.932827319,1.526563692,0.0,0.0008,-0.01,0.079062656,-0.011265154,0.2993781122149723
2012-06-15,0.095170124,0.0,-0.02819019,0.238293929,0.0,0.0,0.0,0.0008,0.0,0.0,-0.01,0.0,-0.011265154,0.079062656,0.0,0.29937811221497235,0.29937811221497235,-0.02819019,0.238293929,0.0,0.0008,-0.01,0.079062656,-0.011265154,0.2993781122149723
2012-06-18,-0.023784041,2.613451776,0.0,0.0,-0.920563617,0.0,0.0,0.0008,0.0,0.0,-0.01,0.0,-0.011265154,0.079062656,0.0,0.29937811221497235,0.29937811221497235,2.613451776,-0.920563617,0.0,0.0008,-0.01,0.079062656,-0.011265154,0.2993781122149723
2012-06-19,0.142619468,0.0,-0.654475141,0.872950237,0.0,0.143300717,0.0,0.0008,0.0,0.0,-0.01,0.0,-0.011265154,0.079062656,0.0,0.29937811221497235,0.29937811221497235,-0.654475141,0.872950237,0.143300717,0.0008,-0.01,0.079062656,-0.011265154,0.2993781122149723
2012-06-20,-0.118835427,0.0,-0.517417767,0.0,-3.550812294,0.0,-0.143300717,0.0008,0.0,0.0,-0.01,0.0,-0.011265154,0.079062656,0.0,0.29937811221497235,0.29937811221497235,-0.517417767,-3.550812294,-0.143300717,0.0008,-0.01,0.079062656,-0.011265154,0.2993781122149723
2012-06-21,-0.476758948,0.108787493,0.0,0.0,-3.963530686,0.0,-0.095648023,0.0008,0.0,0.0,-0.01,0.0,-0.011265154,0.079062656,0.0,0.29937811221497235,0.29937811221497235,0.108787493,-3.963530686,-0.095648023,0.0008,-0.01,0.079062656,-0.011265154,0.2993781122149723
2012-06-22,-0.671304367,0.0,-0.538147016,1.806205297,0.0,0.0,-0.19157094,0.0008,0.0,0.0,-0.01,0.0,-0.011265154,0.079062656,0.0,0.29937811221497235,0.29937811221497235,-0.538147016,1.806205297,-0.19157094,0.0008,-0.01,0.079062656,-0.011265154,0.2993781122149723
2012-06-25,0.0721414,0.0,-0.796277369,0.0,-0.721111354,0.0,-0.288046287,0.0008,0.0,0.0,-0.01,0.0,-0.011265154,0.079062656,0.0,0.29937811221497235,0.29937811221497235,-0.796277369,-0.721111354,-0.288046287,0.0008,-0.01,0.079062656,-0.011265154,0.2993781122149723
2012-06-26,0.192123018,0.0,-1.266959652,0.733716132,0.0,0.507615303,0.0,0.0008,0.0,0.0,-0.01,0.0,-0.011265154,0.079062656,0.0,0.29937811221497235,0.29937811221497235,-1.266959652,0.733716132,0.507615303,0.0008,-0.01,0.079062656,-0.011265154,0.2993781122149723
2012-06-27,-0.3364579,0.0,-0.330578813,1.165353706,0.0,0.0,-0.239291811,0.0008,0.0,0.0,-0.01,0.0,-0.011265154,0.079062656,0.0,0.29937811221497235,0.29937811221497235,-0.330578813,1.165353706,-0.239291811,0.0008,-0.01,0.079062656,-0.011265154,0.2993781122149723
2012-06-28,0.048134778,0.0,-0.248056226,0.0,-3.228332763,0.143643788,0.0,0.0008,0.0,0.0,-0.01,0.0,-0.011265154,0.079062656,0.0,0.29937811221497235,0.29937811221497235,-0.248056226,-3.228332763,0.143643788,0.0008,-0.01,0.079062656,-0.011265154,0.2993781122149723
2012-06-29,0.024058703,0.481239761,0.0,6.428831324,0.0,0.0,-0.095739596,0.0008,0.0,0.0,-0.01,0.0,-0.011265154,0.079062656,0.0,0.29937811221497235,0.29937811221497235,0.481239761,6.428831324,-0.095739596,0.0008,-0.01,0.079062656,-0.011265154,0.2993781122149723
2012-07-02,0.551758627,0.280052396,0.0,0.0,-1.564383646,0.0,-0.047904193,0.0025,0.0,0.0,-0.01,0.0,-0.057656168,0.0,-0.078680972,-0.24296071359974292,-0.24296071359974292,0.280052396,-1.564383646,-0.047904193,0.0025,-0.01,-0.078680972,-0.057656168,-0.2429607135997429
2012-07-03,0.215079543,0.0,-1.304869363,4.689999816,0.0,0.0,0.0,0.0025,0.0,0.0,-0.01,0.0,-0.057656168,0.0,-0.078680972,-0.24296071359974292,-0.24296071359974292,-1.304869363,4.689999816,0.0,0.0025,-0.01,-0.078680972,-0.057656168,-0.2429607135997429
2012-07-04,0.190794239,0.0,-0.73745936,0.0,0.0,0.0,0.0,0.0025,0.0,0.0,-0.01,0.0,-0.057656168,0.0,-0.078680972,-0.24296071359974292,-0.24296071359974292,-0.73745936,0.0,0.0,0.0025,-0.01,-0.078680972,-0.057656168,-0.2429607135997429
2012-07-05,-0.119203733,0.0,-0.621165222,0.0,-0.720620791,0.0,-0.047927152,0.0025,0.0,0.0,-0.01,0.0,-0.057656168,0.0,-0.078680972,-0.24296071359974292,-0.24296071359974292,-0.621165222,-0.720620791,-0.047927152,0.0025,-0.01,-0.078680972,-0.057656168,-0.2429607135997429
2012-07-06,-0.406358872,0.766194375,0.0,0.0,-3.195979965,0.0,-0.047950133,0.0025,0.0,0.0,-0.01,0.0,-0.057656168,0.0,-0.078680972,-0.24296071359974292,-0.24296071359974292,0.766194375,-3.195979965,-0.047950133,0.0025,-0.01,-0.078680972,-0.057656168,-0.2429607135997429
2012-07-09,-0.287839009,0.0,-0.101498317,1.832112315,0.0,0.0,-0.047973136,0.0025,0.0,0.0,-0.01,0.0,-0.057656168,0.0,-0.078680972,-0.24296071359974292,-0.24296071359974292,-0.101498317,1.832112315,-0.047973136,0.0025,-0.01,-0.078680972,-0.057656168,-0.2429607135997429
2012-07-10,0.23992334,0.0,-1.753724869,0.0,-2.366904724,0.095923269,0.0,0.0025,0.0,0.0,-0.01,0.0,-0.057656168,0.0,-0.078680972,-0.24296071359974292,-0.24296071359974292,-1.753724869,-2.366904724,0.095923269,0.0025,-0.01,-0.078680972,-0.057656168,-0.2429607135997429
2012-07-11,-0.312012734,0.0,-0.273503602,2.308700892,0.0,0.0,-0.047950133,0.0025,0.0,0.0,-0.01,0.0,-0.057656168,0.0,-0.078680972,-0.24296071359974292,-0.24296071359974292,-0.273503602,2.308700892,-0.047950133,0.0025,-0.01,-0.078680972,-0.057656168,-0.2429607135997429
2012-07-12,-0.240674003,0.298106874,0.0,0.162885435,0.0,0.0,0.0,0.0025,0.0,0.0,-0.01,0.0,-0.057656168,0.0,-0.078680972,-0.24296071359974292,-0.24296071359974292,0.298106874,0.162885435,0.0,0.0025,-0.01,-0.078680972,-0.057656168,-0.2429607135997429
2012-07-13,0.336781651,0.820731011,0.0,1.305094461,0.0,0.0,-0.071968337,0.0025,0.0,0.0,-0.01,0.0,-0.057656168,0.0,-0.078680972,-0.24296071359974292,-0.24296071359974292,0.820731011,1.305094461,-0.071968337,0.0025,-0.01,-0.078680972,-0.057656168,-0.2429607135997429
2012-07-16,-0.024018254,1.858910899,0.0,1.435431345,0.0,0.023995201,0.0,0.0025,0.0,0.0,-0.01,0.0,-0.057656168,0.0,-0.078680972,-0.24296071359974292,-0.24296071359974292,1.858910899,1.435431345,0.023995201,0.0025,-0.01,-0.078680972,-0.057656168,-0.2429607135997429
2012-07-17,0.263884044,0.0,-1.403684143,0.743749203,0.0,0.0,-0.047996161,0.0025,0.0,0.0,-0.01,0.0,-0.057656168,0.0,-0.078680972,-0.24296071359974292,-0.24296071359974292,-1.403684143,0.743749203,-0.047996161,0.0025,-0.01,-0.078680972,-0.057656168,-0.2429607135997429
2012-07-18,0.0,1.559236805,0.0,0.905286987,0.0,0.0,0.0,0.0025,0.0,0.0,-0.01,0.0,-0.057656168,0.0,-0.078680972,-0.24296071359974292,-0.24296071359974292,1.559236805,0.905286987,0.0,0.0025,-0.01,-0.078680972,-0.057656168,-0.2429607135997429
2012-07-19,-0.311937865,0.0,-0.100483285,3.175565201,0.0,0.0,-0.048019209,0.0025,0.0,0.0,-0.01,0.0,-0.057656168,0.0,-0.078680972,-0.24296071359974292,-0.24296071359974292,-0.100483285,3.175565201,-0.048019209,0.0025,-0.01,-0.078680972,-0.057656168,-0.2429607135997429
2012-07-20,0.120091284,3.372600108,0.0,0.0,-1.323660424,0.0,0.0,0.0025,0.0,0.0,-0.01,0.0,-0.057656168,0.0,-0.078680972,-0.24296071359974292,-0.24296071359974292,3.372600108,-1.323660424,0.0,0.0025,-0.01,-0.078680972,-0.057656168,-0.2429607135997429
2012-07-23,-0.336619698,0.0,-2.055227178,0.0,-4.227473848,0.048019209,0.0,0.0025,0.0,0.0,-0.01,0.0,-0.057656168,0.0,-0.078680972,-0.24296071359974292,-0.24296071359974292,-2.055227178,-4.227473848,0.048019209,0.0025,-0.01,-0.078680972,-0.057656168,-0.2429607135997429
2012-07-24,0.048157959,0.0,-0.739778122,0.579382478,0.0,0.14391943,0.0,0.0025,0.0,0.0,-0.01,0.0,-0.057656168,0.0,-0.078680972,-0.24296071359974292,-0.24296071359974292,-0.739778122,0.579382478,0.14391943,0.0025,-0.01,-0.078680972,-0.057656168,-0.2429607135997429
2012-07-25,0.288461738,0.0,-1.740468598,0.587306861,0.0,0.0,0.0,0.0025,0.0,0.0,-0.01,0.0,-0.057656168,0.0,-0.078680972,-0.24296071359974292,-0.24296071359974292,-1.740468598,0.587306861,0.0,0.0025,-0.01,-0.078680972,-0.057656168,-0.2429607135997429
2012-07-26,0.407234962,0.203212766,0.0,0.673403218,0.0,0.0,0.0,0.0025,0.0,0.0,-0.01,0.0,-0.057656168,0.0,-0.078680972,-0.24296071359974292,-0.24296071359974292,0.203212766,0.673403218,0.0,0.0025,-0.01,-0.078680972,-0.057656168,-0.2429607135997429
2012-07-27,0.0,0.638394864,0.0,0.813239039,0.0,0.0,0.0,0.0025,0.0,0.0,-0.01,0.0,-0.057656168,0.0,-0.078680972,-0.24296071359974292,-0.24296071359974292,0.638394864,0.813239039,0.0,0.0025,-0.01,-0.078680972,-0.057656168,-0.2429607135997429
2012-07-30,0.286464746,0.0,-1.417194215,0.0,-0.366809726,0.0,-0.095923269,0.0025,0.0,0.0,-0.01,0.0,-0.057656168,0.0,-0.078680972,-0.24296071359974292,-0.24296071359974292,-1.417194215,-0.366809726,-0.095923269,0.0025,-0.01,-0.078680972,-0.057656168,-0.2429607135997429
2012-07-31,-0.023840744,1.241740815,0.0,0.0,-1.933948289,0.047973136,0.0,0.0,-0.0037,0.0,-0.01,0.016193867,0.0,0.0,-0.00124015,-0.24296071359974292,-0.24296071359974292,1.241740815,-1.933948289,0.047973136,-0.0037,-0.01,-0.00124015,0.016193867,-0.2429607135997429
2012-08-01,-0.238720572,0.0,-0.47502591,1.027851145,0.0,0.0,-0.047973136,0.0,-0.0037,0.0,-0.01,0.016193867,0.0,0.0,-0.00124015,-0.24296071359974292,-0.24296071359974292,-0.47502591,1.027851145,-0.047973136,-0.0037,-0.01,-0.00124015,0.016193867,-0.2429607135997429
2012-08-02,0.0,0.120778796,0.0,0.0,-2.009034145,0.0,0.0,0.0,-0.0037,0.0,-0.01,0.016193867,0.0,0.0,-0.00124015,-0.24296071359974292,-0.24296071359974292,0.120778796,-2.009034145,0.0,-0.0037,-0.01,-0.00124015,0.016193867,-0.2429607135997429
2012-08-03,-0.071727439,0.817449795,0.0,4.681181605,0.0,0.0,0.0,0.0,-0.0037,0.0,-0.01,0.016193867,0.0,0.0,-0.00124015,-0.24296071359974292,-0.24296071359974292,0.817449795,4.681181605,0.0,-0.0037,-0.01,-0.00124015,0.016193867,-0.2429607135997429
2012-08-06,0.477213981,0.396693155,0.0,0.979866305,0.0,0.047973136,0.0,0.0,-0.0037,0.0,-0.01,0.016193867,0.0,0.0,-0.00124015,-0.24296071359974292,-0.24296071359974292,0.396693155,0.979866305,0.047973136,-0.0037,-0.01,-0.00124015,0.016193867,-0.2429607135997429
2012-08-07,0.403848987,1.051005511,0.0,1.484057778,0.0,0.0,-0.047973136,0.0,-0.0037,0.0,-0.01,0.016193867,0.0,0.0,-0.00124015,-0.24296071359974292,-0.24296071359974292,1.051005511,1.484057778,-0.047973136,-0.0037,-0.01,-0.00124015,0.016193867,-0.2429607135997429
2012-08-08,-0.213599227,0.0,-0.231552687,0.0,-0.310044617,0.0,-0.192123018,0.0,-0.0037,0.0,-0.01,0.016193867,0.0,0.0,-0.00124015,-0.24296071359974292,-0.24296071359974292,-0.231552687,-0.310044617,-0.192123018,-0.0037,-0.01,-0.00124015,0.016193867,-0.2429607135997429
2012-08-09,0.094989321,0.398975942,0.0,0.0,0.0,0.04806537,0.0,0.0,-0.0037,0.0,-0.01,0.016193867,0.0,0.0,-0.00124015,-0.24296071359974292,-0.24296071359974292,0.398975942,0.0,0.04806537,-0.0037,-0.01,-0.00124015,0.016193867,-0.2429607135997429
2012-08-10,-0.023738873,0.718380402,0.0,0.0,-0.483014946,0.144057648,0.0,0.0,-0.0037,0.0,-0.01,0.016193867,0.0,0.0,-0.00124015,-0.24296071359974292,-0.24296071359974292,0.718380402,-0.483014946,0.144057648,-0.0037,-0.01,-0.00124015,0.016193867,-0.2429607135997429
2012-08-13,0.756862648,0.0,-0.869284677,0.0,-0.193861127,0.0,-0.192123018,0.0,-0.0037,0.0,-0.01,0.016193867,0.0,0.0,-0.00124015,-0.24296071359974292,-0.24296071359974292,-0.869284677,-0.193861127,-0.192123018,-0.0037,-0.01,-0.00124015,0.016193867,-0.2429607135997429
2012-08-14,0.047114253,0.470821746,0.0,0.687583285,0.0,0.479617226,0.0,0.0,-0.0037,0.0,-0.01,0.016193867,0.0,0.0,-0.00124015,-0.24296071359974292,-0.24296071359974292,0.470821746,0.687583285,0.479617226,-0.0037,-0.01,-0.00124015,0.016193867,-0.2429607135997429
2012-08-15,0.0,0.974591413,0.0,1.011992658,0.0,0.0,-0.33549037,0.0,-0.0037,0.0,-0.01,0.016193867,0.0,0.0,-0.00124015,-0.24296071359974292,-0.24296071359974292,0.974591413,1.011992658,-0.33549037,-0.0037,-0.01,-0.00124015,0.016193867,-0.2429607135997429
2012-08-16,0.0,0.3760712,0.0,1.378896644,0.0,0.0,0.0,0.0,-0.0037,0.0,-0.01,0.016193867,0.0,0.0,-0.00124015,-0.24296071359974292,-0.24296071359974292,0.3760712,1.378896644,0.0,-0.0037,-0.01,-0.00124015,0.016193867,-0.2429607135997429
2012-08-17,0.0,0.169003038,0.0,0.354795322,0.0,0.047996161,0.0,0.0,-0.0037,0.0,-0.01,0.016193867,0.0,0.0,-0.00124015,-0.24296071359974292,-0.24296071359974292,0.169003038,0.354795322,0.047996161,-0.0037,-0.01,-0.00124015,0.016193867,-0.2429607135997429
2012-08-20,0.14120972,0.696144068,0.0,0.031245118,0.0,0.0,-0.09601537,0.0,-0.0037,0.0,-0.01,0.016193867,0.0,0.0,-0.00124015,-0.24296071359974292,-0.24296071359974292,0.696144068,0.031245118,-0.09601537,-0.0037,-0.01,-0.00124015,0.016193867,-0.2429607135997429
2012-08-21,0.843096329,0.0,-1.048363179,0.540036622,0.0,0.048019209,0.0,0.0,-0.0037,0.0,-0.01,0.016193867,0.0,0.0,-0.00124015,-0.24296071359974292,-0.24296071359974292,-1.048363179,0.540036622,0.048019209,-0.0037,-0.01,-0.00124015,0.016193867,-0.2429607135997429
2012-08-22,1.665163359,0.0,-4.195604674,0.351530552,0.0,0.0,-0.048019209,0.0,-0.0037,0.0,-0.01,0.016193867,0.0,0.0,-0.00124015,-0.24296071359974292,-0.24296071359974292,-4.195604674,0.351530552,-0.048019209,-0.0037,-0.01,-0.00124015,0.016193867,-0.2429607135997429
2012-08-23,1.14026321,0.0,-1.041973991,0.0,-1.058320731,0.191938639,0.0,0.0,-0.0037,0.0,-0.01,0.016193867,0.0,0.0,-0.00124015,-0.24296071359974292,-0.24296071359974292,-1.041973991,-1.058320731,0.191938639,-0.0037,-0.01,-0.00124015,0.016193867,-0.2429607135997429
2012-08-24,0.0,0.0,-4.195604674,0.0,-0.093921217,0.0,-0.14391943,0.0,-0.0037,0.0,-0.01,0.016193867,0.0,0.0,-0.00124015,-0.24296071359974292,-0.24296071359974292,-4.195604674,-0.093921217,-0.14391943,-0.0037,-0.01,-0.00124015,0.016193867,-0.2429607135997429
2012-08-27,0.0,3.540507138,0.0,0.0,-0.250888695,0.047996161,0.0,0.0,-0.0037,0.0,-0.01,0.016193867,0.0,0.0,-0.00124015,-0.24296071359974292,-0.24296071359974292,3.540507138,-0.250888695,0.047996161,-0.0037,-0.01,-0.00124015,0.016193867,-0.2429607135997429
2012-08-28,0.3395589,0.0,-3.686519228,0.792331084,0.0,0.047973136,0.0,0.0,-0.0037,0.0,-0.01,0.016193867,0.0,0.0,-0.00124015,-0.24296071359974292,-0.24296071359974292,-3.686519228,0.792331084,0.047973136,-0.0037,-0.01,-0.00124015,0.016193867,-0.2429607135997429
2012-08-29,0.270819394,2.280520671,0.0,0.0,-0.834207132,0.0,-0.047973136,0.0,-0.0037,0.0,-0.01,0.016193867,0.0,0.0,-0.00124015,-0.24296071359974292,-0.24296071359974292,2.280520671,-0.834207132,-0.047973136,-0.0037,-0.01,-0.00124015,0.016193867,-0.2429607135997429
2012-08-30,-0.157888834,1.287051854,0.0,0.0,-0.936306877,0.0,0.0,0.0,-0.0037,0.0,-0.01,0.016193867,0.0,0.0,-0.00124015,-0.24296071359974292,-0.24296071359974292,1.287051854,-0.936306877,0.0,-0.0037,-0.01,-0.00124015,0.016193867,-0.2429607135997429
2012-08-31,0.0,0.50013997,0.0,1.946890047,0.0,0.0,-0.240211502,0.0,-0.0041,0.0,-0.01,0.027744495,0.0,0.0,-0.008460428,-0.24296071359974292,-0.24296071359974292,0.50013997,1.946890047,-0.240211502,-0.0041,-0.01,-0.008460428,0.027744495,-0.2429607135997429
2012-09-03,0.0,0.0,0.0,0.0,0.0,0.0,0.0,0.0,-0.0041,0.0,-0.01,0.027744495,0.0,0.0,-0.008460428,-0.24296071359974292,-0.24296071359974292,0.0,0.0,0.0,-0.0041,-0.01,-0.008460428,0.027744495,-0.2429607135997429
2012-09-04,0.0,0.123386859,0.0,0.0,-1.178262941,0.2162163,0.0,0.0,-0.0041,0.0,-0.01,0.027744495,0.0,0.0,-0.008460428,-0.24296071359974292,-0.24296071359974292,0.123386859,-1.178262941,0.2162163,-0.0041,-0.01,-0.008460428,0.027744495,-0.2429607135997429
2012-09-05,1.656630678,1.297631749,0.0,0.031461381,0.0,0.0,0.0,0.0,-0.0041,0.0,-0.01,0.027744495,0.0,0.0,-0.008460428,-0.24296071359974292,-0.24296071359974292,1.297631749,0.031461381,0.0,-0.0041,-0.01,-0.008460428,0.027744495,-0.2429607135997429
2012-09-06,2.000286497,0.0,-1.539512489,0.219952956,0.0,0.0,-0.02400096,0.0,-0.0041,0.0,-0.01,0.027744495,0.0,0.0,-0.008460428,-0.24296071359974292,-0.24296071359974292,-1.539512489,0.219952956,-0.02400096,-0.0041,-0.01,-0.008460428,0.027744495,-0.2429607135997429
2012-09-07,-1.424681631,0.0,-0.293055309,0.864633753,0.0,0.0,0.0,0.0,-0.0041,0.0,-0.01,0.027744495,0.0,0.0,-0.008460428,-0.24296071359974292,-0.24296071359974292,-0.293055309,0.864633753,0.0,-0.0041,-0.01,-0.008460428,0.027744495,-0.2429607135997429
2012-09-10,1.359371952,0.118841437,0.0,0.114031008,0.0,0.047996161,0.0,0.0,-0.0041,0.0,-0.01,0.027744495,0.0,0.0,-0.008460428,-0.24296071359974292,-0.24296071359974292,0.118841437,0.114031008,0.047996161,-0.0041,-0.01,-0.008460428,0.027744495,-0.2429607135997429
2012-09-11,0.0,0.0,-3.040293685,0.526996828,0.0,0.0,-0.047996161,0.0,-0.0041,0.0,-0.01,0.027744495,0.0,0.0,-0.008460428,-0.24296071359974292,-0.24296071359974292,-3.040293685,0.526996828,-0.047996161,-0.0041,-0.01,-0.008460428,0.027744495,-0.2429607135997429
2012-09-12,0.867308125,0.81982558,0.0,0.0,-0.010306622,0.0,-0.096061487,0.0,-0.0041,0.0,-0.01,0.027744495,0.0,0.0,-0.008460428,-0.24296071359974292,-0.24296071359974292,0.81982558,-0.010306622,-0.096061487,-0.0041,-0.01,-0.008460428,0.027744495,-0.2429607135997429
2012-09-13,-0.367687232,0.391965225,0.0,1.310688434,0.0,0.144057648,0.0,0.0,-0.0041,0.0,-0.01,0.027744495,0.0,0.0,-0.008460428,-0.24296071359974292,-0.24296071359974292,0.391965225,1.310688434,0.144057648,-0.0041,-0.01,-0.008460428,0.027744495,-0.2429607135997429
2012-09-14,1.590747215,2.435672346,0.0,0.648957865,0.0,0.0,0.0,0.0,-0.0041,0.0,-0.01,0.027744495,0.0,0.0,-0.008460428,-0.24296071359974292,-0.24296071359974292,2.435672346,0.648957865,0.0,-0.0041,-0.01,-0.008460428,0.027744495,-0.2429607135997429
2012-09-17,-0.835212051,0.606001754,0.0,0.0,-2.486697588,0.0,-0.047996161,0.0,-0.0041,0.0,-0.01,0.027744495,0.0,0.0,-0.008460428,-0.24296071359974292,-0.24296071359974292,0.606001754,-2.486697588,-0.047996161,-0.0041,-0.01,-0.008460428,0.027744495,-0.2429607135997429
2012-09-18,-0.43103515,0.728831753,0.0,0.0,-1.314161591,0.0,-0.048019209,0.0,-0.0041,0.0,-0.01,0.027744495,0.0,0.0,-0.008460428,-0.24296071359974292,-0.24296071359974292,0.728831753,-1.314161591,-0.048019209,-0.0041,-0.01,-0.008460428,0.027744495,-0.2429607135997429
2012-09-19,0.0,0.0,-3.129149114,0.0,-3.504257709,0.143988506,0.0,0.0,-0.0041,0.0,-0.01,0.027744495,0.0,0.0,-0.008460428,-0.24296071359974292,-0.24296071359974292,-3.129149114,-3.504257709,0.143988506,-0.0041,-0.01,-0.008460428,0.027744495,-0.2429607135997429
2012-09-20,0.0,0.510140119,0.0,0.184672259,0.0,0.047950133,0.0,0.0,-0.0041,0.0,-0.01,0.027744495,0.0,0.0,-0.008460428,-0.24296071359974292,-0.24296071359974292,0.510140119,0.184672259,0.047950133,-0.0041,-0.01,-0.008460428,0.027744495,-0.2429607135997429
2012-09-21,0.860220358,0.0,-0.522927025,0.541185432,0.0,0.0,-0.095923269,0.0,-0.0041,0.0,-0.01,0.027744495,0.0,0.0,-0.008460428,-0.24296071359974292,-0.24296071359974292,-0.522927025,0.541185432,-0.095923269,-0.0041,-0.01,-0.008460428,0.027744495,-0.2429607135997429
2012-09-24,-0.278760768,0.296235979,0.0,0.0,-1.041676086,0.047973136,0.0,0.0,-0.0041,0.0,-0.01,0.027744495,0.0,0.0,-0.008460428,-0.24296071359974292,-0.24296071359974292,0.296235979,-1.041676086,0.047973136,-0.0041,-0.01,-0.008460428,0.027744495,-0.2429607135997429
2012-09-25,0.278760768,0.0,-0.252767168,0.0,-0.667581139,0.0,-0.023983691,0.0,-0.0041,0.0,-0.01,0.027744495,0.0,0.0,-0.008460428,-0.24296071359974292,-0.24296071359974292,-0.252767168,-0.667581139,-0.023983691,-0.0041,-0.01,-0.008460428,0.027744495,-0.2429607135997429
2012-09-26,0.107009106,0.34197665,0.0,0.0,-1.270805543,0.023983691,0.0,0.0,-0.0041,0.0,-0.01,0.027744495,0.0,0.0,-0.008460428,-0.24296071359974292,-0.24296071359974292,0.34197665,-1.270805543,0.023983691,-0.0041,-0.01,-0.008460428,0.027744495,-0.2429607135997429
2012-09-27,0.021388087,0.7993242,0.0,2.167182337,0.0,0.047950133,0.0,0.0,-0.0041,0.0,-0.01,0.027744495,0.0,0.0,-0.008460428,-0.24296071359974292,-0.24296071359974292,0.7993242,2.167182337,0.047950133,-0.0041,-0.01,-0.008460428,0.027744495,-0.2429607135997429
2012-09-28,0.745715611,0.0,-0.901284393,0.315097778,0.0,0.071882116,0.0,0.0,-0.0041,0.0,-0.01,0.027744495,0.0,0.0,-0.008460428,-0.24296071359974292,-0.24296071359974292,-0.901284393,0.315097778,0.071882116,-0.0041,-0.01,-0.008460428,0.027744495,-0.2429607135997429
2012-10-01,0.190859988,0.0,-0.094405824,0.281659811,0.0,0.0,-0.047915669,0.0089,0.0,0.0,0.0,0.021608003,0.0,9.93e-05,0.0,-0.1178757011802416,-0.1178757011802416,-0.094405824,0.281659811,-0.047915669,0.0089,0.0,9.93e-05,0.021608003,-0.1178757011802416
2012-10-02,0.73878964,0.0,-1.274229849,0.0,-0.607640759,0.0,-0.023966447,0.0089,0.0,0.0,0.0,0.021608003,0.0,9.93e-05,0.0,-0.1178757011802416,-0.1178757011802416,-1.274229849,-0.607640759,-0.023966447,0.0089,0.0,9.93e-05,0.021608003,-0.1178757011802416
2012-10-03,-0.105207795,0.0,-0.302955992,0.0,-4.098979992,0.047927152,0.0,0.0089,0.0,0.0,0.0,0.021608003,0.0,9.93e-05,0.0,-0.1178757011802416,-0.1178757011802416,-0.302955992,-4.098979992,0.047927152,0.0089,0.0,9.93e-05,0.021608003,-0.1178757011802416
2012-10-04,0.671425099,0.018151409,0.0,3.891974416,0.0,0.0,0.0,0.0089,0.0,0.0,0.0,0.021608003,0.0,9.93e-05,0.0,-0.1178757011802416,-0.1178757011802416,0.018151409,3.891974416,0.0,0.0089,0.0,9.93e-05,0.021608003,-0.1178757011802416
2012-10-05,0.125391866,0.0,-0.233626771,0.0,-2.004914039,0.0,-0.047927152,0.0089,0.0,0.0,0.0,0.021608003,0.0,9.93e-05,0.0,-0.1178757011802416,-0.1178757011802416,-0.233626771,-2.004914039,-0.047927152,0.0089,0.0,9.93e-05,0.021608003,-0.1178757011802416
2012-10-08,-0.712641876,0.789535689,0.0,0.0,-0.490798531,0.0,0.0,0.0089,0.0,0.0,0.0,0.021608003,0.0,9.93e-05,0.0,-0.1178757011802416,-0.1178757011802416,0.789535689,-0.490798531,0.0,0.0089,0.0,9.93e-05,0.021608003,-0.1178757011802416
2012-10-09,0.0,1.669709843,0.0,3.288720908,0.0,0.0,-0.047950133,0.0089,0.0,0.0,0.0,0.021608003,0.0,9.93e-05,0.0,-0.1178757011802416,-0.1178757011802416,1.669709843,3.288720908,-0.047950133,0.0089,0.0,9.93e-05,0.021608003,-0.1178757011802416
2012-10-10,-0.33712632,0.0,-0.503343971,0.0,-1.285000803,0.0,-0.095969297,0.0089,0.0,0.0,0.0,0.021608003,0.0,9.93e-05,0.0,-0.1178757011802416,-0.1178757011802416,-0.503343971,-1.285000803,-0.095969297,0.0089,0.0,9.93e-05,0.021608003,-0.1178757011802416
2012-10-11,0.252951231,0.746480552,0.0,1.035826739,0.0,0.047996161,0.0,0.0089,0.0,0.0,0.0,0.021608003,0.0,9.93e-05,0.0,-0.1178757011802416,-0.1178757011802416,0.746480552,1.035826739,0.047996161,0.0089,0.0,9.93e-05,0.021608003,-0.1178757011802416
2012-10-12,0.084175089,0.0,-0.291327519,0.0,-0.391262319,0.0,-0.09601537,0.0089,0.0,0.0,0.0,0.021608003,0.0,9.93e-05,0.0,-0.1178757011802416,-0.1178757011802416,-0.291327519,-0.391262319,-0.09601537,0.0089,0.0,9.93e-05,0.021608003,-0.1178757011802416
2012-10-15,-0.993560652,0.0,-0.327806659,0.010889095,0.0,0.048019209,0.0,0.0089,0.0,0.0,0.0,0.021608003,0.0,9.93e-05,0.0,-0.1178757011802416,-0.1178757011802416,-0.327806659,0.010889095,0.048019209,0.0089,0.0,9.93e-05,0.021608003,-0.1178757011802416
2012-10-16,-1.067929842,0.0,-0.071293989,0.250122473,0.0,0.0,0.0,0.0089,0.0,0.0,0.0,0.021608003,0.0,9.93e-05,0.0,-0.1178757011802416,-0.1178757011802416,-0.071293989,0.250122473,0.0,0.0089,0.0,9.93e-05,0.021608003,-0.1178757011802416
2012-10-17,0.535390507,1.799803735,0.0,0.0,-0.032589213,0.0,0.0,0.0089,0.0,0.0,0.0,0.021608003,0.0,9.93e-05,0.0,-0.1178757011802416,-0.1178757011802416,1.799803735,-0.032589213,0.0,0.0089,0.0,9.93e-05,0.021608003,-0.1178757011802416
2012-10-18,-0.021360675,0.0,-0.952663457,0.0,-0.043468812,0.0,-0.048019209,0.0089,0.0,0.0,0.0,0.021608003,0.0,9.93e-05,0.0,-0.1178757011802416,-0.1178757011802416,-0.952663457,-0.043468812,-0.048019209,0.0089,0.0,9.93e-05,0.021608003,-0.1178757011802416
2012-10-19,-0.235269064,0.900114191,0.0,0.0,-2.197890672,0.0,0.0,0.0089,0.0,0.0,0.0,0.021608003,0.0,9.93e-05,0.0,-0.1178757011802416,-0.1178757011802416,0.900114191,-2.197890672,0.0,0.0089,0.0,9.93e-05,0.021608003,-0.1178757011802416
2012-10-22,-1.466808007,0.0,-0.438987774,0.0,-1.906956272,0.048019209,0.0,0.0089,0.0,0.0,0.0,0.021608003,0.0,9.93e-05,0.0,-0.1178757011802416,-0.1178757011802416,-0.438987774,-1.906956272,0.048019209,0.0089,0.0,9.93e-05,0.021608003,-0.1178757011802416
2012-10-23,0.325415191,0.0,-0.125779852,0.0,-1.886309145,0.0,0.0,0.0089,0.0,0.0,0.0,0.021608003,0.0,9.93e-05,0.0,-0.1178757011802416,-0.1178757011802416,-0.125779852,-1.886309145,0.0,0.0089,0.0,9.93e-05,0.021608003,-0.1178757011802416
2012-10-24,-0.151728652,0.105665704,0.0,0.0,-1.464801824,0.0,-0.024006722,0.0089,0.0,0.0,0.0,0.021608003,0.0,9.93e-05,0.0,-0.1178757011802416,-0.1178757011802416,0.105665704,-1.464801824,-0.024006722,0.0089,0.0,9.93e-05,0.021608003,-0.1178757011802416
2012-10-25,0.324851396,0.0,-0.985503503,0.233945597,0.0,0.0,0.0,0.0089,0.0,0.0,0.0,0.021608003,0.0,9.93e-05,0.0,-0.1178757011802416,-0.1178757011802416,-0.985503503,0.233945597,0.0,0.0089,0.0,9.93e-05,0.021608003,-0.1178757011802416
2012-10-26,-0.238121121,0.0,-0.954283625,0.291664443,0.0,0.0,-0.024012487,0.0089,0.0,0.0,0.0,0.021608003,0.0,9.93e-05,0.0,-0.1178757011802416,-0.1178757011802416,-0.954283625,0.291664443,-0.024012487,0.0089,0.0,9.93e-05,0.021608003,-0.1178757011802416
2012-10-29,-0.021675518,0.233031693,0.0,0.0,-0.373483161,0.048019209,0.0,0.0089,0.0,0.0,0.0,0.021608003,0.0,9.93e-05,0.0,-0.1178757011802416,-0.1178757011802416,0.233031693,-0.373483161,0.048019209,0.0089,0.0,9.93e-05,0.021608003,-0.1178757011802416
2012-10-30,0.0,0.043473258,0.0,0.151895805,0.0,0.0,-0.072037463,0.0089,0.0,0.0,0.0,0.021608003,0.0,9.93e-05,0.0,-0.1178757011802416,-0.1178757011802416,0.043473258,0.151895805,-0.072037463,0.0089,0.0,9.93e-05,0.021608003,-0.1178757011802416
2012-10-31,-0.49983805,0.0,-0.674681574,0.674892019,0.0,0.048030741,0.0,0.0311,0.0,0.0,0.0,0.058124321,0.0,0.00119649,0.0,-0.1178757011802416,-0.1178757011802416,-0.674681574,0.674892019,0.048030741,0.0311,0.0,0.00119649,0.058124321,-0.1178757011802416
2012-11-01,0.889280343,0.0,-0.103013143,0.946452125,0.0,0.048007682,0.0,0.0311,0.0,0.0,0.0,0.058124321,0.0,0.00119649,0.0,-0.1178757011802416,-0.1178757011802416,-0.103013143,0.946452125,0.048007682,0.0311,0.0,0.00119649,0.058124321,-0.1178757011802416
2012-11-02,-0.064801817,0.0,-2.441308454,0.0,-2.50085729,0.0,-0.048007682,0.0311,0.0,0.0,0.0,0.058124321,0.0,0.00119649,0.0,-0.1178757011802416,-0.1178757011802416,-2.441308454,-2.50085729,-0.048007682,0.0311,0.0,0.00119649,0.058124321,-0.1178757011802416
2012-11-05,0.0,0.0,-1.690826164,0.86783704,0.0,0.0,-0.120120135,0.0311,0.0,0.0,0.0,0.058124321,0.0,0.00119649,0.0,-0.1178757011802416,-0.1178757011802416,-1.690826164,0.86783704,-0.120120135,0.0311,0.0,0.00119649,0.058124321,-0.1178757011802416
2012-11-06,-0.433088594,1.301941929,0.0,3.420510205,0.0,0.144126857,0.0,0.0311,0.0,0.0,0.0,0.058124321,0.0,0.00119649,0.0,-0.1178757011802416,-0.1178757011802416,1.301941929,3.420510205,0.144126857,0.0311,0.0,0.00119649,0.058124321,-0.1178757011802416
2012-11-07,1.336514829,0.148324752,0.0,0.0,-4.760603141,0.047996161,0.0,0.0311,0.0,0.0,0.0,0.058124321,0.0,0.00119649,0.0,-0.1178757011802416,-0.1178757011802416,0.148324752,-4.760603141,0.047996161,0.0311,0.0,0.00119649,0.058124321,-0.1178757011802416
2012-11-08,-0.042835726,0.65686446,0.0,0.672291262,0.0,0.0,-0.09601537,0.0311,0.0,0.0,0.0,0.058124321,0.0,0.00119649,0.0,-0.1178757011802416,-0.1178757011802416,0.65686446,0.672291262,-0.09601537,0.0311,0.0,0.00119649,0.058124321,-0.1178757011802416
2012-11-09,0.470186803,1.38134924,0.0,1.180264943,0.0,0.0,-0.024018254,0.0311,0.0,0.0,0.0,0.058124321,0.0,0.00119649,0.0,-0.1178757011802416,-0.1178757011802416,1.38134924,1.180264943,-0.024018254,0.0311,0.0,0.00119649,0.058124321,-0.1178757011802416
2012-11-12,-0.106666677,0.012965628,0.0,0.0,-0.60592122,0.072037463,0.0,0.0311,0.0,0.0,0.0,0.058124321,0.0,0.00119649,0.0,-0.1178757011802416,-0.1178757011802416,0.012965628,-0.60592122,0.072037463,0.0311,0.0,0.00119649,0.058124321,-0.1178757011802416
2012-11-13,-0.149524753,0.481130807,0.0,0.0,-0.210600288,0.0,-0.048019209,0.0311,0.0,0.0,0.0,0.058124321,0.0,0.00119649,0.0,-0.1178757011802416,-0.1178757011802416,0.481130807,-0.210600288,-0.048019209,0.0311,0.0,0.00119649,0.058124321,-0.1178757011802416
2012-11-14,0.234867195,0.0,-0.719967889,1.094943962,0.0,0.048019209,0.0,0.0311,0.0,0.0,0.0,0.058124321,0.0,0.00119649,0.0,-0.1178757011802416,-0.1178757011802416,-0.719967889,1.094943962,0.048019209,0.0311,0.0,0.00119649,0.058124321,-0.1178757011802416
2012-11-15,-0.021328783,1.316861706,0.0,0.0,-1.012991139,0.0,0.0,0.0311,0.0,0.0,0.0,0.058124321,0.0,0.00119649,0.0,-0.1178757011802416,-0.1178757011802416,1.316861706,-1.012991139,0.0,0.0311,0.0,0.00119649,0.058124321,-0.1178757011802416
2012-11-16,-0.213538411,0.0,-1.033954059,1.359932622,0.0,0.0,-0.144126857,0.0311,0.0,0.0,0.0,0.058124321,0.0,0.00119649,0.0,-0.1178757011802416,-0.1178757011802416,-1.033954059,1.359932622,-0.144126857,0.0311,0.0,0.00119649,0.058124321,-0.1178757011802416
2012-11-19,0.320136865,0.0,-0.259517962,2.766727395,0.0,0.168127817,0.0,0.0311,0.0,0.0,0.0,0.058124321,0.0,0.00119649,0.0,-0.1178757011802416,-0.1178757011802416,-0.259517962,2.766727395,0.168127817,0.0311,0.0,0.00119649,0.058124321,-0.1178757011802416
2012-11-20,0.467687927,0.0,-0.41663472,0.0,-2.95161305,0.0,-0.048007682,0.0311,0.0,0.0,0.0,0.058124321,0.0,0.00119649,0.0,-0.1178757011802416,-0.1178757011802416,-0.41663472,-2.95161305,-0.048007682,0.0311,0.0,0.00119649,0.058124321,-0.1178757011802416
2012-11-21,-0.148572669,0.507542636,0.0,0.714535713,0.0,0.0,0.0,0.0311,0.0,0.0,0.0,0.058124321,0.0,0.00119649,0.0,-0.1178757011802416,-0.1178757011802416,0.507542636,0.714535713,0.0,0.0311,0.0,0.00119649,0.058124321,-0.1178757011802416
2012-11-22,-0.127523928,0.0,-0.452760264,0.0,0.0,0.072002883,0.0,0.0311,0.0,0.0,0.0,0.058124321,0.0,0.00119649,0.0,-0.1178757011802416,-0.1178757011802416,-0.452760264,0.0,0.072002883,0.0311,0.0,0.00119649,0.058124321,-0.1178757011802416
2012-11-23,-0.063823,0.0,-0.057391805,0.0,-0.080418179,0.0,0.0,0.0311,0.0,0.0,0.0,0.058124321,0.0,0.00119649,0.0,-0.1178757011802416,-0.1178757011802416,-0.057391805,-0.080418179,0.0,0.0311,0.0,0.00119649,0.058124321,-0.1178757011802416
2012-11-26,0.445907948,0.0,-0.206360682,0.309828695,0.0,0.0,0.0,0.0311,0.0,0.0,0.0,0.058124321,0.0,0.00119649,0.0,-0.1178757011802416,-0.1178757011802416,-0.206360682,0.309828695,0.0,0.0311,0.0,0.00119649,0.058124321,-0.1178757011802416
2012-11-27,0.0,0.0,-1.226008516,0.0,-0.539951912,0.0,0.0,0.0311,0.0,0.0,0.0,0.058124321,0.0,0.00119649,0.0,-0.1178757011802416,-0.1178757011802416,-1.226008516,-0.539951912,0.0,0.0311,0.0,0.00119649,0.058124321,-0.1178757011802416
2012-11-28,-0.275803718,0.0,-0.435071651,0.0,-0.821241097,0.0,-0.072002883,0.0311,0.0,0.0,0.0,0.058124321,0.0,0.00119649,0.0,-0.1178757011802416,-0.1178757011802416,-0.435071651,-0.821241097,-0.072002883,0.0311,0.0,0.00119649,0.058124321,-0.1178757011802416
2012-11-29,-0.14882537,0.350328127,0.0,1.772810329,0.0,0.072002883,0.0,0.0311,0.0,0.0,0.0,0.058124321,0.0,0.00119649,0.0,-0.1178757011802416,-0.1178757011802416,0.350328127,1.772810329,0.072002883,0.0311,0.0,0.00119649,0.058124321,-0.1178757011802416
2012-11-30,-0.063850167,0.675945858,0.0,1.021691258,0.0,0.0,-0.023995201,0.0123,0.0,0.0,0.0,0.0,-0.026778061,0.0,-0.001346907,-0.1178757011802416,-0.1178757011802416,0.675945858,1.021691258,-0.023995201,0.0123,0.0,-0.001346907,-0.026778061,-0.1178757011802416
2012-12-03,-0.298507684,0.0,-0.54621153,0.169271608,0.0,0.0,-0.048007682,0.0123,0.0,0.0,0.0,0.0,-0.026778061,0.0,-0.001346907,-0.1178757011802416,-0.1178757011802416,-0.54621153,0.169271608,-0.048007682,0.0123,0.0,-0.001346907,-0.026778061,-0.1178757011802416
2012-12-04,-0.235168468,0.285352128,0.0,0.0,-0.735588673,0.0,0.0,0.0123,0.0,0.0,0.0,0.0,-0.026778061,0.0,-0.001346907,-0.1178757011802416,-0.1178757011802416,0.285352128,-0.735588673,0.0,0.0123,0.0,-0.001346907,-0.026778061,-0.1178757011802416
2012-12-05,-0.08565311,1.091587853,0.0,0.0,-0.775374466,0.024006722,0.0,0.0123,0.0,0.0,0.0,0.0,-0.026778061,0.0,-0.001346907,-0.1178757011802416,-0.1178757011802416,1.091587853,-0.775374466,0.024006722,0.0123,0.0,-0.001346907,-0.026778061,-0.1178757011802416
2012-12-06,-0.128617381,0.626977612,0.0,0.0,-2.187207482,0.0,0.0,0.0123,0.0,0.0,0.0,0.0,-0.026778061,0.0,-0.001346907,-0.1178757011802416,-0.1178757011802416,0.626977612,-2.187207482,0.0,0.0123,0.0,-0.001346907,-0.026778061,-0.1178757011802416
2012-12-07,0.23567231,0.220198786,0.0,0.0,-0.023402762,0.0,-0.072037463,0.0123,0.0,0.0,0.0,0.0,-0.026778061,0.0,-0.001346907,-0.1178757011802416,-0.1178757011802416,0.220198786,-0.023402762,-0.072037463,0.0123,0.0,-0.001346907,-0.026778061,-0.1178757011802416
2012-12-10,0.192410535,0.0,-0.414895316,0.0,-0.363444916,0.0,0.0,0.0123,0.0,0.0,0.0,0.0,-0.026778061,0.0,-0.001346907,-0.1178757011802416,-0.1178757011802416,-0.414895316,-0.363444916,0.0,0.0123,0.0,-0.001346907,-0.026778061,-0.1178757011802416
2012-12-11,-0.085470091,0.365716472,0.0,0.258064659,0.0,0.129630092,0.0,0.0123,0.0,0.0,0.0,0.0,-0.026778061,0.0,-0.001346907,-0.1178757011802416,-0.1178757011802416,0.365716472,0.258064659,0.129630092,0.0123,0.0,-0.001346907,-0.026778061,-0.1178757011802416
2012-12-12,0.021374372,0.557665453,0.0,1.15311976,0.0,0.0,-0.129630092,0.0123,0.0,0.0,0.0,0.0,-0.026778061,0.0,-0.001346907,-0.1178757011802416,-0.1178757011802416,0.557665453,1.15311976,-0.129630092,0.0123,0.0,-0.001346907,-0.026778061,-0.1178757011802416
2012-12-13,-0.278223828,1.184990512,0.0,0.0,-1.117980667,0.0,0.0,0.0123,0.0,0.0,0.0,0.0,-0.026778061,0.0,-0.001346907,-0.1178757011802416,-0.1178757011802416,1.184990512,-1.117980667,0.0,0.0123,0.0,-0.001346907,-0.026778061,-0.1178757011802416
2012-12-14,-0.02143393,0.0,-0.206298544,1.083232303,0.0,0.0,0.0,0.0123,0.0,0.0,0.0,0.0,-0.026778061,0.0,-0.001346907,-0.1178757011802416,-0.1178757011802416,-0.206298544,1.083232303,0.0,0.0123,0.0,-0.001346907,-0.026778061,-0.1178757011802416
2012-12-17,-0.17163703,0.0,-0.219499833,0.450789644,0.0,0.0,0.0,0.0123,0.0,0.0,0.0,0.0,-0.026778061,0.0,-0.001346907,-0.1178757011802416,-0.1178757011802416,-0.219499833,0.450789644,0.0,0.0123,0.0,-0.001346907,-0.026778061,-0.1178757011802416
2012-12-18,0.021470746,1.229096963,0.0,0.86123286,0.0,0.0,0.0,0.0123,0.0,0.0,0.0,0.0,-0.026778061,0.0,-0.001346907,-0.1178757011802416,-0.1178757011802416,1.229096963,0.86123286,0.0,0.0123,0.0,-0.001346907,-0.026778061,-0.1178757011802416
2012-12-19,-0.581334396,0.0,-0.093428452,1.846554875,0.0,0.096038423,0.0,0.0123,0.0,0.0,0.0,0.0,-0.026778061,0.0,-0.001346907,-0.1178757011802416,-0.1178757011802416,-0.093428452,1.846554875,0.096038423,0.0123,0.0,-0.001346907,-0.026778061,-0.1178757011802416
2012-12-20,0.0,0.827708916,0.0,0.749234704,0.0,0.0,0.0,0.0123,0.0,0.0,0.0,0.0,-0.026778061,0.0,-0.001346907,-0.1178757011802416,-0.1178757011802416,0.827708916,0.749234704,0.0,0.0123,0.0,-0.001346907,-0.026778061,-0.1178757011802416
2012-12-21,0.0,0.0,-0.411740181,0.0,-1.753247876,0.0,-0.02400096,0.0123,0.0,0.0,0.0,0.0,-0.026778061,0.0,-0.001346907,-0.1178757011802416,-0.1178757011802416,-0.411740181,-1.753247876,-0.02400096,0.0123,0.0,-0.001346907,-0.026778061,-0.1178757011802416
2012-12-24,0.0,0.0,-0.060397113,0.10198879,0.0,0.0,-0.024006722,0.0123,0.0,0.0,0.0,0.0,-0.026778061,0.0,-0.001346907,-0.1178757011802416,-0.1178757011802416,-0.060397113,0.10198879,-0.024006722,0.0123,0.0,-0.001346907,-0.026778061,-0.1178757011802416
2012-12-25,0.043177894,0.942055923,0.0,0.0,0.0,0.0,-0.120120135,0.0123,0.0,0.0,0.0,0.0,-0.026778061,0.0,-0.001346907,-0.1178757011802416,-0.1178757011802416,0.942055923,0.0,-0.120120135,0.0123,0.0,-0.001346907,-0.026778061,-0.1178757011802416
2012-12-26,0.0,0.0,-0.394783382,2.704075371,0.0,0.096107648,0.0,0.0123,0.0,0.0,0.0,0.0,-0.026778061,0.0,-0.001346907,-0.1178757011802416,-0.1178757011802416,-0.394783382,2.704075371,0.096107648,0.0123,0.0,-0.001346907,-0.026778061,-0.1178757011802416
2012-12-27,-1.917687881,2.201264989,0.0,0.220240151,0.0,0.0,-0.009606609,0.0123,0.0,0.0,0.0,0.0,-0.026778061,0.0,-0.001346907,-0.1178757011802416,-0.1178757011802416,2.201264989,0.220240151,-0.009606609,0.0123,0.0,-0.001346907,-0.026778061,-0.1178757011802416
2012-12-28,0.32948959,0.286130225,0.0,0.0,-0.275376062,0.0,-0.014411645,0.0123,0.0,0.0,0.0,0.0,-0.026778061,0.0,-0.001346907,-0.1178757011802416,-0.1178757011802416,0.286130225,-0.275376062,-0.014411645,0.0123,0.0,-0.001346907,-0.026778061,-0.1178757011802416
2012-12-31,0.0,0.0,0.0,1.282279611,0.0,0.024018254,0.0,0.0068,0.0,0.0,0.0,0.006879403,0.0,0.012633851,0.0,-0.1178757011802416,-0.1178757011802416,0.0,1.282279611,0.024018254,0.0068,0.0,0.012633851,0.006879403,-0.1178757011802416
2013-01-01,0.0,0.0,0.0,0.0,0.0,0.0,0.0,0.0068,0.0,0.0,0.0,0.006879403,0.0,0.012633851,0.0,0.1571249250749469,0.1571249250749469,0.0,0.0,0.0,0.0068,0.0,0.012633851,0.006879403,0.1571249250749469
2013-01-02,0.0,1.457013132,0.0,1.416469593,0.0,0.0,-0.024018254,0.0068,0.0,0.0,0.0,0.006879403,0.0,0.012633851,0.0,0.1571249250749469,0.1571249250749469,1.457013132,1.416469593,-0.024018254,0.0068,0.0,0.012633851,0.006879403,0.1571249250749469
2013-01-03,1.782268433,1.238983536,0.0,0.0,-0.182687709,0.0,0.0,0.0068,0.0,0.0,0.0,0.006879403,0.0,0.012633851,0.0,0.1571249250749469,0.1571249250749469,1.238983536,-0.182687709,0.0,0.0068,0.0,0.012633851,0.006879403,0.1571249250749469
2013-01-04,-0.778550645,0.0,-0.459836651,0.161212352,0.0,0.072037463,0.0,0.0068,0.0,0.0,0.0,0.006879403,0.0,0.012633851,0.0,0.1571249250749469,0.1571249250749469,-0.459836651,0.161212352,0.072037463,0.0068,0.0,0.012633851,0.006879403,0.1571249250749469
2013-01-07,0.30349037,2.380980585,0.0,0.085873771,0.0,0.0,-0.072037463,0.0068,0.0,0.0,0.0,0.006879403,0.0,0.012633851,0.0,0.1571249250749469,0.1571249250749469,2.380980585,0.085873771,-0.072037463,0.0068,0.0,0.012633851,0.006879403,0.1571249250749469
2013-01-08,-0.173310269,1.942122491,0.0,0.010729038,0.0,0.0,0.0,0.0068,0.0,0.0,0.0,0.006879403,0.0,0.012633851,0.0,0.1571249250749469,0.1571249250749469,1.942122491,0.010729038,0.0,0.0068,0.0,0.012633851,0.006879403,0.1571249250749469
2013-01-09,0.021680217,2.24113585,0.0,0.0,-0.139567364,0.0,0.0,0.0068,0.0,0.0,0.0,0.006879403,0.0,0.012633851,0.0,0.1571249250749469,0.1571249250749469,2.24113585,-0.139567364,0.0,0.0068,0.0,0.012633851,0.006879403,0.1571249250749469
2013-01-10,-0.49983805,0.185443834,0.0,0.78121217,0.0,0.0,0.0,0.0068,0.0,0.0,0.0,0.006879403,0.0,0.012633851,0.0,0.1571249250749469,0.1571249250749469,0.185443834,0.78121217,0.0,0.0068,0.0,0.012633851,0.006879403,0.1571249250749469
2013-01-11,-0.985229644,3.540507138,0.0,0.0,-0.224107665,0.0,-0.072089394,0.0068,0.0,0.0,0.0,0.006879403,0.0,0.012633851,0.0,0.1571249250749469,0.1571249250749469,3.540507138,-0.224107665,-0.072089394,0.0068,0.0,0.012633851,0.006879403,0.1571249250749469
2013-01-14,-2.345690035,0.0,-2.225744087,0.713262192,0.0,0.196921367,0.0,0.0068,0.0,0.0,0.0,0.006879403,0.0,0.012633851,0.0,0.1571249250749469,0.1571249250749469,-2.225744087,0.713262192,0.196921367,0.0068,0.0,0.012633851,0.006879403,0.1571249250749469
2013-01-15,1.686380605,0.228955301,0.0,0.0,-1.077171403,0.0,0.0,0.0068,0.0,0.0,0.0,0.006879403,0.0,0.012633851,0.0,0.1571249250749469,0.1571249250749469,0.228955301,-1.077171403,0.0,0.0068,0.0,0.012633851,0.006879403,0.1571249250749469
2013-01-16,0.5558658,0.659939441,0.0,1.087778669,0.0,0.0,-0.100813719,0.0068,0.0,0.0,0.0,0.006879403,0.0,0.012633851,0.0,0.1571249250749469,0.1571249250749469,0.659939441,1.087778669,-0.100813719,0.0068,0.0,0.012633851,0.006879403,0.1571249250749469
2013-01-17,-0.110926245,0.752296533,0.0,1.275245189,0.0,0.0,0.0,0.0068,0.0,0.0,0.0,0.006879403,0.0,0.012633851,0.0,0.1571249250749469,0.1571249250749469,0.752296533,1.275245189,0.0,0.0068,0.0,0.012633851,0.006879403,0.1571249250749469
2013-01-18,0.99393419,0.0,-1.658656998,0.125588714,0.0,0.0,0.0,0.0068,0.0,0.0,0.0,0.006879403,0.0,0.012633851,0.0,0.1571249250749469,0.1571249250749469,-1.658656998,0.125588714,0.0,0.0068,0.0,0.012633851,0.006879403,0.1571249250749469
2013-01-21,0.219539056,0.0,-0.897024361,0.0,0.0,0.0,0.0,0.0068,0.0,0.0,0.0,0.006879403,0.0,0.012633851,0.0,0.1571249250749469,0.1571249250749469,-0.897024361,0.0,0.0,0.0068,0.0,0.012633851,0.006879403,0.1571249250749469
2013-01-22,0.655740055,0.0,-1.078696987,0.500783519,0.0,0.0,0.0,0.0068,0.0,0.0,0.0,0.006879403,0.0,0.012633851,0.0,0.1571249250749469,0.1571249250749469,-1.078696987,0.500783519,0.0,0.0068,0.0,0.012633851,0.006879403,0.1571249250749469
2013-01-23,-0.218102595,0.0,-1.137750235,0.0,-1.07769811,0.0,0.0,0.0068,0.0,0.0,0.0,0.006879403,0.0,0.012633851,0.0,0.1571249250749469,0.1571249250749469,-1.137750235,-1.07769811,0.0,0.0068,0.0,0.012633851,0.006879403,0.1571249250749469
2013-01-24,0.0,0.085556687,0.0,0.304606086,0.0,0.0,0.0,0.0068,0.0,0.0,0.0,0.006879403,0.0,0.012633851,0.0,0.1571249250749469,0.1571249250749469,0.085556687,0.304606086,0.0,0.0068,0.0,0.012633851,0.006879403,0.1571249250749469
2013-01-25,-1.208142097,2.425668346,0.0,0.0,-0.20997383,0.0,-0.024018254,0.0068,0.0,0.0,0.0,0.006879403,0.0,0.012633851,0.0,0.1571249250749469,0.1571249250749469,2.425668346,-0.20997383,-0.024018254,0.0068,0.0,0.012633851,0.006879403,0.1571249250749469
2013-01-28,-0.665190923,3.540507138,0.0,0.837262871,0.0,0.0,0.0,0.0068,0.0,0.0,0.0,0.006879403,0.0,0.012633851,0.0,0.1571249250749469,0.1571249250749469,3.540507138,0.837262871,0.0,0.0068,0.0,0.012633851,0.006879403,0.1571249250749469
2013-01-29,0.952071843,0.69967823,0.0,1.725516801,0.0,0.072037463,0.0,0.0068,0.0,0.0,0.0,0.006879403,0.0,0.012633851,0.0,0.1571249250749469,0.1571249250749469,0.69967823,1.725516801,0.072037463,0.0068,0.0,0.012633851,0.006879403,0.1571249250749469
2013-01-30,0.220118953,1.685876411,0.0,0.368098575,0.0,0.0,-0.120091284,0.0068,0.0,0.0,0.0,0.006879403,0.0,0.012633851,0.0,0.1571249250749469,0.1571249250749469,1.685876411,0.368098575,-0.120091284,0.0068,0.0,0.012633851,0.006879403,0.1571249250749469
2013-01-31,2.573241397,0.0,-0.346477826,0.0,-0.337371889,0.024029797,0.0,0.004,0.0,0.0,-0.01,0.0,-0.037688018,0.028556363,0.0,0.1571249250749469,0.1571249250749469,-0.346477826,-0.337371889,0.024029797,0.004,-0.01,0.028556363,-0.037688018,0.1571249250749469
2013-02-01,-2.345690035,0.0,-2.136115048,0.0,-0.194761991,0.0,-0.024029797,0.004,0.0,0.0,-0.01,0.0,-0.037688018,0.028556363,0.0,0.1571249250749469,0.1571249250749469,-2.136115048,-0.194761991,-0.024029797,0.004,-0.01,0.028556363,-0.037688018,0.1571249250749469
2013-02-04,0.109950533,2.692370216,0.0,0.0,-1.290873504,0.048053821,0.0,0.004,0.0,0.0,-0.01,0.0,-0.037688018,0.028556363,0.0,0.1571249250749469,0.1571249250749469,2.692370216,-1.290873504,0.048053821,0.004,-0.01,0.028556363,-0.037688018,0.1571249250749469
2013-02-05,0.109829775,0.0,-1.063696995,0.487325346,0.0,0.0,-0.048053821,0.004,0.0,0.0,-0.01,0.0,-0.037688018,0.028556363,0.0,0.1571249250749469,0.1571249250749469,-1.063696995,0.487325346,-0.048053821,0.004,-0.01,0.028556363,-0.037688018,0.1571249250749469
2013-02-06,-0.197780528,0.0,-0.409900596,0.0,-0.248550252,0.024029797,0.0,0.004,0.0,0.0,-0.01,0.0,-0.037688018,0.028556363,0.0,0.1571249250749469,0.1571249250749469,-0.409900596,-0.248550252,0.024029797,0.004,-0.01,0.028556363,-0.037688018,0.1571249250749469
2013-02-07,0.504663715,2.66221569,0.0,0.0,-0.624091895,0.0,-0.04806537,0.004,0.0,0.0,-0.01,0.0,-0.037688018,0.028556363,0.0,0.1571249250749469,0.1571249250749469,2.66221569,-0.624091895,-0.04806537,0.004,-0.01,0.028556363,-0.037688018,0.1571249250749469
2013-02-08,0.021884232,0.0,-0.144248864,0.0,-0.135734816,0.096107648,0.0,0.004,0.0,0.0,-0.01,0.0,-0.037688018,0.028556363,0.0,0.1571249250749469,0.1571249250749469,-0.144248864,-0.135734816,0.096107648,0.004,-0.01,0.028556363,-0.037688018,0.1571249250749469
2013-02-11,0.0,0.0,0.0,1.349127977,0.0,0.0,0.0,0.004,0.0,0.0,-0.01,0.0,-0.037688018,0.028556363,0.0,0.1571249250749469,0.1571249250749469,0.0,1.349127977,0.0,0.004,-0.01,0.028556363,-0.037688018,0.1571249250749469
2013-02-12,0.0,0.0,0.0,0.483316278,0.0,0.0,0.0,0.004,0.0,0.0,-0.01,0.0,-0.037688018,0.028556363,0.0,0.1571249250749469,0.1571249250749469,0.0,0.483316278,0.0,0.004,-0.01,0.028556363,-0.037688018,0.1571249250749469
2013-02-13,0.0,0.0,0.0,0.0,-0.462701972,0.0,0.0,0.004,0.0,0.0,-0.01,0.0,-0.037688018,0.028556363,0.0,0.1571249250749469,0.1571249250749469,0.0,-0.462701972,0.0,0.004,-0.01,0.028556363,-0.037688018,0.1571249250749469
2013-02-14,0.0,0.0,0.0,0.277878015,0.0,0.0,0.0,0.004,0.0,0.0,-0.01,0.0,-0.037688018,0.028556363,0.0,0.1571249250749469,0.1571249250749469,0.0,0.277878015,0.0,0.004,-0.01,0.028556363,-0.037688018,0.1571249250749469
2013-02-15,-0.768812134,0.0,0.0,0.0,-1.397176674,0.0,0.0,0.004,0.0,0.0,-0.01,0.0,-0.037688018,0.028556363,0.0,0.1571249250749469,0.1571249250749469,0.0,-1.397176674,0.0,0.004,-0.01,0.028556363,-0.037688018,0.1571249250749469
2013-02-18,-0.110314407,0.0,0.0,0.0,0.0,0.0,-0.048042278,0.004,0.0,0.0,-0.01,0.0,-0.037688018,0.028556363,0.0,0.1571249250749469,0.1571249250749469,0.0,0.0,-0.048042278,0.004,-0.01,0.028556363,-0.037688018,0.1571249250749469
2013-02-19,0.110314407,0.314641214,0.0,0.768276204,0.0,0.096061487,0.0,0.004,0.0,0.0,-0.01,0.0,-0.037688018,0.028556363,0.0,0.1571249250749469,0.1571249250749469,0.314641214,0.768276204,0.096061487,0.004,-0.01,0.028556363,-0.037688018,0.1571249250749469
2013-02-20,-0.486296272,0.0,-1.102529026,0.0,-1.847555293,0.047996161,0.0,0.004,0.0,0.0,-0.01,0.0,-0.037688018,0.028556363,0.0,0.1571249250749469,0.1571249250749469,-1.102529026,-1.847555293,0.047996161,0.004,-0.01,0.028556363,-0.037688018,0.1571249250749469
2013-02-21,-0.510941909,1.39193554,0.0,0.0,-2.26955562,0.14385042,0.0,0.004,0.0,0.0,-0.01,0.0,-0.037688018,0.028556363,0.0,0.1571249250749469,0.1571249250749469,1.39193554,-2.26955562,0.14385042,0.004,-0.01,0.028556363,-0.037688018,0.1571249250749469
2013-02-22,0.355714026,0.0,-2.450822283,0.355010862,0.0,0.0,-0.047927152,0.004,0.0,0.0,-0.01,0.0,-0.037688018,0.028556363,0.0,0.1571249250749469,0.1571249250749469,-2.450822283,0.355010862,-0.047927152,0.004,-0.01,0.028556363,-0.037688018,0.1571249250749469
2013-02-25,-0.088809953,0.0,-0.317371684,0.0,-0.408910502,0.0,0.0,0.004,0.0,0.0,-0.01,0.0,-0.037688018,0.028556363,0.0,0.1571249250749469,0.1571249250749469,-0.317371684,-0.408910502,0.0,0.004,-0.01,0.028556363,-0.037688018,0.1571249250749469
2013-02-26,-0.758086128,0.244859121,0.0,0.0,-0.11868157,0.0,-0.095923269,0.004,0.0,0.0,-0.01,0.0,-0.037688018,0.028556363,0.0,0.1571249250749469,0.1571249250749469,0.244859121,-0.11868157,-0.095923269,0.004,-0.01,0.028556363,-0.037688018,0.1571249250749469
2013-02-27,-2.345690035,0.0,-3.449490259,0.226451814,0.0,0.239635868,0.0,0.004,0.0,0.0,-0.01,0.0,-0.037688018,0.028556363,0.0,0.1571249250749469,0.1571249250749469,-3.449490259,0.226451814,0.239635868,0.004,-0.01,0.028556363,-0.037688018,0.1571249250749469
2013-02-28,2.573241397,0.775719504,0.0,0.0,-0.876297056,0.191296089,0.0,0.0183,0.0,0.0,0.0,0.003245681,0.0,0.0,-0.033840105,0.1571249250749469,0.1571249250749469,0.775719504,-0.876297056,0.191296089,0.0183,0.0,-0.033840105,0.003245681,0.1571249250749469
2013-03-01,-2.345690035,1.203954324,0.0,0.0,-1.444700622,0.0,-0.143437749,0.0183,0.0,0.0,0.0,0.003245681,0.0,0.0,-0.033840105,0.1571249250749469,0.1571249250749469,1.203954324,-1.444700622,-0.143437749,0.0183,0.0,-0.033840105,0.003245681,0.1571249250749469
2013-03-04,0.61948116,0.354815039,0.0,0.0,-0.641453206,0.191204647,0.0,0.0183,0.0,0.0,0.0,0.003245681,0.0,0.0,-0.033840105,0.1571249250749469,0.1571249250749469,0.354815039,-0.641453206,0.191204647,0.0183,0.0,-0.033840105,0.003245681,0.1571249250749469
2013-03-05,0.36529721,0.0,-2.073106822,0.82868824,0.0,0.047744093,0.0,0.0183,0.0,0.0,0.0,0.003245681,0.0,0.0,-0.033840105,0.1571249250749469,0.1571249250749469,-2.073106822,0.82868824,0.047744093,0.0183,0.0,-0.033840105,0.003245681,0.1571249250749469
2013-03-06,0.341258436,0.0,-0.087765308,0.0,-0.452165094,0.0,-0.143300717,0.0183,0.0,0.0,0.0,0.003245681,0.0,0.0,-0.033840105,0.1571249250749469,0.1571249250749469,-0.087765308,-0.452165094,-0.143300717,0.0183,0.0,-0.033840105,0.003245681,0.1571249250749469
2013-03-07,-0.022714367,0.806249568,0.0,1.164848336,0.0,0.0,-0.095648023,0.0183,0.0,0.0,0.0,0.003245681,0.0,0.0,-0.033840105,0.1571249250749469,0.1571249250749469,0.806249568,1.164848336,-0.095648023,0.0183,0.0,-0.033840105,0.003245681,0.1571249250749469
2013-03-08,-0.113649291,0.0,-0.287200631,0.52304794,0.0,0.047835447,0.0,0.0183,0.0,0.0,0.0,0.003245681,0.0,0.0,-0.033840105,0.1571249250749469,0.1571249250749469,-0.287200631,0.52304794,0.047835447,0.0183,0.0,-0.033840105,0.003245681,0.1571249250749469
2013-03-11,-0.227686801,0.418824292,0.0,0.065189051,0.0,0.0,0.0,0.0183,0.0,0.0,0.0,0.003245681,0.0,0.0,-0.033840105,0.1571249250749469,0.1571249250749469,0.418824292,0.065189051,0.0,0.0183,0.0,-0.033840105,0.003245681,0.1571249250749469
2013-03-12,0.045578852,0.819797953,0.0,0.401062811,0.0,0.047812576,0.0,0.0183,0.0,0.0,0.0,0.003245681,0.0,0.0,-0.033840105,0.1571249250749469,0.1571249250749469,0.819797953,0.401062811,0.047812576,0.0183,0.0,-0.033840105,0.003245681,0.1571249250749469
2013-03-13,0.409277515,0.252191042,0.0,0.032448218,0.0,0.0,0.0,0.0183,0.0,0.0,0.0,0.003245681,0.0,0.0,-0.033840105,0.1571249250749469,0.1571249250749469,0.252191042,0.032448218,0.0,0.0183,0.0,-0.033840105,0.003245681,0.1571249250749469
2013-03-14,-0.090805909,0.0,-1.012602792,0.603775419,0.0,0.0,-0.047812576,0.0183,0.0,0.0,0.0,0.003245681,0.0,0.0,-0.033840105,0.1571249250749469,0.1571249250749469,-1.012602792,0.603775419,-0.047812576,0.0183,0.0,-0.033840105,0.003245681,0.1571249250749469
2013-03-15,0.045413261,0.65093114,0.0,0.493245692,0.0,0.095602302,0.0,0.0183,0.0,0.0,0.0,0.003245681,0.0,0.0,-0.033840105,0.1571249250749469,0.1571249250749469,0.65093114,0.493245692,0.095602302,0.0183,0.0,-0.033840105,0.003245681,0.1571249250749469
2013-03-18,0.1587842,1.403597871,0.0,0.235042843,0.0,0.0,-0.047789726,0.0183,0.0,0.0,0.0,0.003245681,0.0,0.0,-0.033840105,0.1571249250749469,0.1571249250749469,1.403597871,0.235042843,-0.047789726,0.0183,0.0,-0.033840105,0.003245681,0.1571249250749469
2013-03-19,-0.113391553,0.0,-0.7401341,0.0,-1.364512173,0.128979883,0.0,0.0183,0.0,0.0,0.0,0.003245681,0.0,0.0,-0.033840105,0.1571249250749469,0.1571249250749469,-0.7401341,-1.364512173,0.128979883,0.0183,0.0,-0.033840105,0.003245681,0.1571249250749469
2013-03-20,-0.0680967,0.835639142,0.0,0.829522667,0.0,0.0,-0.105082165,0.0183,0.0,0.0,0.0,0.003245681,0.0,0.0,-0.033840105,0.1571249250749469,0.1571249250749469,0.835639142,0.829522667,-0.105082165,0.0183,0.0,-0.033840105,0.003245681,0.1571249250749469
2013-03-21,-0.22732449,1.393090163,0.0,0.0,-0.807889351,0.009557488,0.0,0.0183,0.0,0.0,0.0,0.003245681,0.0,0.0,-0.033840105,0.1571249250749469,0.1571249250749469,1.393090163,-0.807889351,0.009557488,0.0183,0.0,-0.033840105,0.003245681,0.1571249250749469
2013-03-22,-0.022760897,0.983604472,0.0,1.022228732,0.0,0.0,-0.033455206,0.0183,0.0,0.0,0.0,0.003245681,0.0,0.0,-0.033840105,0.1571249250749469,0.1571249250749469,0.983604472,1.022228732,-0.033455206,0.0183,0.0,-0.033840105,0.003245681,0.1571249250749469
2013-03-25,-0.250712382,0.0,-0.347127415,1.213038922,0.0,0.0,0.0,0.0183,0.0,0.0,0.0,0.003245681,0.0,0.0,-0.033840105,0.1571249250749469,0.1571249250749469,-0.347127415,1.213038922,0.0,0.0183,0.0,-0.033840105,0.003245681,0.1571249250749469
2013-03-26,-0.274223207,0.620326747,0.0,1.511522427,0.0,0.0,0.0,0.0183,0.0,0.0,0.0,0.003245681,0.0,0.0,-0.033840105,0.1571249250749469,0.1571249250749469,0.620326747,1.511522427,0.0,0.0183,0.0,-0.033840105,0.003245681,0.1571249250749469
2013-03-27,-0.573725039,0.0,-1.138177402,0.560982149,0.0,0.0,-0.047812576,0.0183,0.0,0.0,0.0,0.003245681,0.0,0.0,-0.033840105,0.1571249250749469,0.1571249250749469,-1.138177402,0.560982149,-0.047812576,0.0183,0.0,-0.033840105,0.003245681,0.1571249250749469
2013-03-28,0.916386711,0.49344553,0.0,0.732830859,0.0,0.047812576,0.0,0.0183,0.0,0.0,0.0,0.003245681,0.0,0.0,-0.033840105,0.1571249250749469,0.1571249250749469,0.49344553,0.732830859,0.047812576,0.0183,0.0,-0.033840105,0.003245681,0.1571249250749469
2013-03-29,-0.045620439,0.0,-0.956475716,0.0,0.0,0.023897718,0.0,0.0183,0.0,0.0,0.0,0.003245681,0.0,0.0,-0.033840105,0.1571249250749469,0.1571249250749469,-0.956475716,0.0,0.023897718,0.0183,0.0,-0.033840105,0.003245681,0.1571249250749469
2013-04-01,0.022812821,0.775284897,0.0,0.0,-0.144077415,0.0,-0.023897718,0.0197,0.0,0.0,0.0,0.0,-0.031056206,0.0,-0.011621076,0.33433167212210213,0.33433167212210213,0.775284897,-0.144077415,-0.023897718,0.0197,0.0,-0.011621076,-0.031056206,0.3343316721221021
2013-04-02,0.113986106,3.30888595,0.0,0.133793052,0.0,0.0,-0.047812576,0.0197,0.0,0.0,0.0,0.0,-0.031056206,0.0,-0.011621076,0.33433167212210213,0.33433167212210213,3.30888595,0.133793052,-0.047812576,0.0197,0.0,-0.011621076,-0.031056206,0.3343316721221021
2013-04-03,-0.50251362,0.009856392,0.0,0.0,-2.299191006,0.023909145,0.0,0.0197,0.0,0.0,0.0,0.0,-0.031056206,0.0,-0.011621076,0.33433167212210213,0.33433167212210213,0.009856392,-2.299191006,0.023909145,0.0197,0.0,-0.011621076,-0.031056206,0.3343316721221021
2013-04-04,-0.781613175,0.0,-0.349509168,0.0,-1.869610438,0.0,-0.071744592,0.0197,0.0,0.0,0.0,0.0,-0.031056206,0.0,-0.011621076,0.33433167212210213,0.33433167212210213,-0.349509168,-1.869610438,-0.071744592,0.0197,0.0,-0.011621076,-0.031056206,0.3343316721221021
2013-04-05,0.161420535,0.0,-0.870175353,0.0,-0.537577899,0.0,0.0,0.0197,0.0,0.0,0.0,0.0,-0.031056206,0.0,-0.011621076,0.33433167212210213,0.33433167212210213,-0.870175353,-0.537577899,0.0,0.0197,0.0,-0.011621076,-0.031056206,0.3343316721221021
2013-04-08,0.115141061,0.76330179,0.0,0.644747559,0.0,0.0,0.0,0.0197,0.0,0.0,0.0,0.0,-0.031056206,0.0,-0.011621076,0.33433167212210213,0.33433167212210213,0.76330179,0.644747559,0.0,0.0197,0.0,-0.011621076,-0.031056206,0.3343316721221021
2013-04-09,-0.322729648,0.017820194,0.0,0.874485684,0.0,0.0,-0.095739596,0.0197,0.0,0.0,0.0,0.0,-0.031056206,0.0,-0.011621076,0.33433167212210213,0.33433167212210213,0.017820194,0.874485684,-0.095739596,0.0197,0.0,-0.011621076,-0.031056206,0.3343316721221021
2013-04-10,0.0,1.388091966,0.0,0.434391741,0.0,0.0,-0.239750774,0.0197,0.0,0.0,0.0,0.0,-0.031056206,0.0,-0.011621076,0.33433167212210213,0.33433167212210213,1.388091966,0.434391741,-0.239750774,0.0197,0.0,-0.011621076,-0.031056206,0.3343316721221021
2013-04-11,-0.602132435,0.0,-2.123330951,0.0,-1.223224315,0.0,0.0,0.0197,0.0,0.0,0.0,0.0,-0.031056206,0.0,-0.011621076,0.33433167212210213,0.33433167212210213,-2.123330951,-1.223224315,0.0,0.0197,0.0,-0.011621076,-0.031056206,0.3343316721221021
2013-04-12,-0.232558244,0.667901582,0.0,0.0,-2.393572872,0.0,0.0,0.0197,0.0,0.0,0.0,0.0,-0.031056206,0.0,-0.011621076,0.33433167212210213,0.33433167212210213,0.667901582,-2.393572872,0.0,0.0197,0.0,-0.011621076,-0.031056206,0.3343316721221021
2013-04-15,-2.345690035,0.0,-2.631651585,0.0,-2.7560362,0.191846582,0.0,0.0197,0.0,0.0,0.0,0.0,-0.031056206,0.0,-0.011621076,0.33433167212210213,0.33433167212210213,-2.631651585,-2.7560362,0.191846582,0.0197,0.0,-0.011621076,-0.031056206,0.3343316721221021
2013-04-16,0.0,0.0,-3.445299017,0.0,-0.022537751,0.143643788,0.0,0.0197,0.0,0.0,0.0,0.0,-0.031056206,0.0,-0.011621076,0.33433167212210213,0.33433167212210213,-3.445299017,-0.022537751,0.143643788,0.0197,0.0,-0.011621076,-0.031056206,0.3343316721221021
2013-04-17,0.0,1.388243323,0.0,0.0,-2.372103469,0.0,-0.186777191,0.0197,0.0,0.0,0.0,0.0,-0.031056206,0.0,-0.011621076,0.33433167212210213,0.33433167212210213,1.388243323,-2.372103469,-0.186777191,0.0197,0.0,-0.011621076,-0.031056206,0.3343316721221021
2013-04-18,0.120700075,0.488806093,0.0,1.352611177,0.0,0.043133403,0.0,0.0197,0.0,0.0,0.0,0.0,-0.031056206,0.0,-0.011621076,0.33433167212210213,0.33433167212210213,0.488806093,1.352611177,0.043133403,0.0197,0.0,-0.011621076,-0.031056206,0.3343316721221021
2013-04-19,0.0,0.0,0.0,0.238812873,0.0,0.0,0.0,0.0197,0.0,0.0,0.0,0.0,-0.031056206,0.0,-0.011621076,0.33433167212210213,0.33433167212210213,0.0,0.238812873,0.0,0.0197,0.0,-0.011621076,-0.031056206,0.3343316721221021
2013-04-22,1.650952679,0.0,-2.536072143,0.870799961,0.0,0.143643788,0.0,0.0197,0.0,0.0,0.0,0.0,-0.031056206,0.0,-0.011621076,0.33433167212210213,0.33433167212210213,-2.536072143,0.870799961,0.143643788,0.0197,0.0,-0.011621076,-0.031056206,0.3343316721221021
2013-04-23,-0.047472111,0.0,-0.271629732,0.449388466,0.0,0.0,0.0,0.0197,0.0,0.0,0.0,0.0,-0.031056206,0.0,-0.011621076,0.33433167212210213,0.33433167212210213,-0.271629732,0.449388466,0.0,0.0197,0.0,-0.011621076,-0.031056206,0.3343316721221021
2013-04-24,0.071199718,0.823224093,0.0,2.063530065,0.0,0.0,0.0,0.0197,0.0,0.0,0.0,0.0,-0.031056206,0.0,-0.011621076,0.33433167212210213,0.33433167212210213,0.823224093,2.063530065,0.0,0.0197,0.0,-0.011621076,-0.031056206,0.3343316721221021
2013-04-25,0.544186839,0.096901274,0.0,2.387007116,0.0,0.0,-0.095739596,0.0197,0.0,0.0,0.0,0.0,-0.031056206,0.0,-0.011621076,0.33433167212210213,0.33433167212210213,0.096901274,2.387007116,-0.095739596,0.0197,0.0,-0.011621076,-0.031056206,0.3343316721221021
2013-04-26,1.172896392,0.441186455,0.0,0.0,-0.688544947,0.0,-0.335812261,0.0197,0.0,0.0,0.0,0.0,-0.031056206,0.0,-0.011621076,0.33433167212210213,0.33433167212210213,0.441186455,-0.688544947,-0.335812261,0.0197,0.0,-0.011621076,-0.031056206,0.3343316721221021
2013-04-29,0.0,0.0,0.0,1.563870775,0.0,0.0,0.0,0.0197,0.0,0.0,0.0,0.0,-0.031056206,0.0,-0.011621076,0.33433167212210213,0.33433167212210213,0.0,1.563870775,0.0,0.0197,0.0,-0.011621076,-0.031056206,0.3343316721221021
2013-04-30,0.928511778,0.0,0.0,0.0,-0.928948007,0.0,0.0,0.0,-0.0029,0.0,-0.01,0.0,-0.214781059,0.009286668,0.0,0.33433167212210213,0.33433167212210213,0.0,-0.928948007,0.0,-0.0029,-0.01,0.009286668,-0.214781059,0.3343316721221021
2013-05-01,0.0,0.0,0.0,0.0,-2.696401671,0.0,0.0,0.0,-0.0029,0.0,-0.01,0.0,-0.214781059,0.009286668,0.0,0.33433167212210213,0.33433167212210213,0.0,-2.696401671,0.0,-0.0029,-0.01,0.009286668,-0.214781059,0.3343316721221021
2013-05-02,-2.195836883,0.0,-0.525443106,3.209991501,0.0,0.479387303,0.0,0.0,-0.0029,0.0,-0.01,0.0,-0.214781059,0.009286668,0.0,0.33433167212210213,0.33433167212210213,-0.525443106,3.209991501,0.479387303,-0.0029,-0.01,0.009286668,-0.214781059,0.3343316721221021
2013-05-03,0.023615539,0.0,-0.714817467,1.640682476,0.0,0.023909145,0.0,0.0,-0.0029,0.0,-0.01,0.0,-0.214781059,0.009286668,0.0,0.33433167212210213,0.33433167212210213,-0.714817467,1.640682476,0.023909145,-0.0029,-0.01,0.009286668,-0.214781059,0.3343316721221021
2013-05-06,-0.948998818,1.637758951,0.0,0.575767097,0.0,0.0,-0.023909145,0.0,-0.0029,0.0,-0.01,0.0,-0.214781059,0.009286668,0.0,0.33433167212210213,0.33433167212210213,1.637758951,0.575767097,-0.023909145,-0.0029,-0.01,0.009286668,-0.214781059,0.3343316721221021
2013-05-07,-1.199055133,2.129827767,0.0,0.0,-0.544275993,0.0,0.0,0.0,-0.0029,0.0,-0.01,0.0,-0.214781059,0.009286668,0.0,0.33433167212210213,0.33433167212210213,2.129827767,-0.544275993,0.0,-0.0029,-0.01,0.009286668,-0.214781059,0.3343316721221021
2013-05-08,-0.193190111,0.0,-0.514350666,1.002514662,0.0,0.0,0.0,0.0,-0.0029,0.0,-0.01,0.0,-0.214781059,0.009286668,0.0,0.33433167212210213,0.33433167212210213,-0.514350666,1.002514662,0.0,-0.0029,-0.01,0.009286668,-0.214781059,0.3343316721221021
2013-05-09,0.650526327,0.0,-0.267440345,0.0,-0.155981938,0.047812576,0.0,0.0,-0.0029,0.0,-0.01,0.0,-0.214781059,0.009286668,0.0,0.33433167212210213,0.33433167212210213,-0.267440345,-0.155981938,0.047812576,-0.0029,-0.01,0.009286668,-0.214781059,0.3343316721221021
2013-05-10,-0.553884619,0.546460673,0.0,0.0,-0.291818863,0.0,0.0,0.0,-0.0029,0.0,-0.01,0.0,-0.214781059,0.009286668,0.0,0.33433167212210213,0.33433167212210213,0.546460673,-0.291818863,0.0,-0.0029,-0.01,0.009286668,-0.214781059,0.3343316721221021
2013-05-13,-0.144997609,0.0,-0.233831871,0.0,-1.101968437,0.08600507,0.0,0.0,-0.0029,0.0,-0.01,0.0,-0.214781059,0.009286668,0.0,0.33433167212210213,0.33433167212210213,-0.233831871,-1.101968437,0.08600507,-0.0029,-0.01,0.009286668,-0.214781059,0.3343316721221021
2013-05-14,-0.12099215,0.0,-0.004107198,0.0,-0.84782195,0.0,-0.08600507,0.0,-0.0029,0.0,-0.01,0.0,-0.214781059,0.009286668,0.0,0.33433167212210213,0.33433167212210213,-0.004107198,-0.84782195,-0.08600507,-0.0029,-0.01,0.009286668,-0.214781059,0.3343316721221021
2013-05-15,-0.363857284,0.0,-0.849699882,0.0,-0.010643393,0.0,0.0,0.0,-0.0029,0.0,-0.01,0.0,-0.214781059,0.009286668,0.0,0.33433167212210213,0.33433167212210213,-0.849699882,-0.010643393,0.0,-0.0029,-0.01,0.009286668,-0.214781059,0.3343316721221021
2013-05-16,-0.780682179,0.656471051,0.0,0.953397052,0.0,0.0,0.0,0.0,-0.0029,0.0,-0.01,0.0,-0.214781059,0.009286668,0.0,0.33433167212210213,0.33433167212210213,0.656471051,0.953397052,0.0,-0.0029,-0.01,0.009286668,-0.214781059,0.3343316721221021
2013-05-17,-0.368053415,0.817635883,0.0,0.913056666,0.0,0.143300717,0.0,0.0,-0.0029,0.0,-0.01,0.0,-0.214781059,0.009286668,0.0,0.33433167212210213,0.33433167212210213,0.817635883,0.913056666,0.143300717,-0.0029,-0.01,0.009286668,-0.214781059,0.3343316721221021
2013-05-20,-0.566992768,0.0,-0.466401582,0.593720821,0.0,0.0,0.0,0.0,-0.0029,0.0,-0.01,0.0,-0.214781059,0.009286668,0.0,0.33433167212210213,0.33433167212210213,-0.466401582,0.593720821,0.0,-0.0029,-0.01,0.009286668,-0.214781059,0.3343316721221021
2013-05-21,0.37014231,1.675414828,0.0,0.0,-0.771480057,0.0,-0.167204147,0.0,-0.0029,0.0,-0.01,0.0,-0.214781059,0.009286668,0.0,0.33433167212210213,0.33433167212210213,1.675414828,-0.771480057,-0.167204147,-0.0029,-0.01,0.009286668,-0.214781059,0.3343316721221021
2013-05-22,0.368777308,1.447284378,0.0,0.0,-1.656767701,0.262624002,0.0,0.0,-0.0029,0.0,-0.01,0.0,-0.214781059,0.009286668,0.0,0.33433167212210213,0.33433167212210213,1.447284378,-1.656767701,0.262624002,-0.0029,-0.01,0.009286668,-0.214781059,0.3343316721221021
2013-05-23,-0.245700369,0.0,-0.40624558,0.148857018,0.0,0.0,0.0,0.0,-0.0029,0.0,-0.01,0.0,-0.214781059,0.009286668,0.0,0.33433167212210213,0.33433167212210213,-0.40624558,0.148857018,0.0,-0.0029,-0.01,0.009286668,-0.214781059,0.3343316721221021
2013-05-24,0.0,0.0,-0.45399624,0.0,-0.297935951,0.0,-0.286533147,0.0,-0.0029,0.0,-0.01,0.0,-0.214781059,0.009286668,0.0,0.33433167212210213,0.33433167212210213,-0.45399624,-0.297935951,-0.286533147,-0.0029,-0.01,0.009286668,-0.214781059,0.3343316721221021
2013-05-27,0.51527534,1.098441147,0.0,0.0,0.0,0.286533147,0.0,0.0,-0.0029,0.0,-0.01,0.0,-0.214781059,0.009286668,0.0,0.33433167212210213,0.33433167212210213,1.098441147,0.0,0.286533147,-0.0029,-0.01,0.009286668,-0.214781059,0.3343316721221021
2013-05-28,-0.51527534,2.14193031,0.0,0.859467331,0.0,0.0,-0.047698546,0.0,-0.0029,0.0,-0.01,0.0,-0.214781059,0.009286668,0.0,0.33433167212210213,0.33433167212210213,2.14193031,0.859467331,-0.047698546,-0.0029,-0.01,0.009286668,-0.214781059,0.3343316721221021
2013-05-29,0.245700369,0.505222666,0.0,0.0,-1.618951112,0.095374352,0.0,0.0,-0.0029,0.0,-0.01,0.0,-0.214781059,0.009286668,0.0,0.33433167212210213,0.33433167212210213,0.505222666,-1.618951112,0.095374352,-0.0029,-0.01,0.009286668,-0.214781059,0.3343316721221021
2013-05-30,0.245098162,0.0,-0.14105056,0.471345275,0.0,0.0,0.0,0.0,-0.0029,0.0,-0.01,0.0,-0.214781059,0.009286668,0.0,0.33433167212210213,0.33433167212210213,-0.14105056,0.471345275,0.0,-0.0029,-0.01,0.009286668,-0.214781059,0.3343316721221021
2013-05-31,0.293327025,1.801229046,0.0,0.0,-1.768240141,0.047653086,0.0,0.0003,0.0,0.0,0.0,0.079547226,0.0,0.0,-0.008465728,0.33433167212210213,0.33433167212210213,1.801229046,-1.768240141,0.047653086,0.0003,0.0,-0.008465728,0.079547226,0.3343316721221021
2013-06-03,-0.171002851,0.0,-1.584904165,1.597098801,0.0,0.0,-0.071488148,0.0003,0.0,0.0,0.0,0.079547226,0.0,0.0,-0.008465728,0.33433167212210213,0.33433167212210213,-1.584904165,1.597098801,-0.071488148,0.0003,0.0,-0.008465728,0.079547226,0.3343316721221021
2013-06-04,-0.048911715,0.0,-0.245332529,0.0,-0.053541791,0.023835061,0.0,0.0003,0.0,0.0,0.0,0.079547226,0.0,0.0,-0.008465728,0.33433167212210213,0.33433167212210213,-0.245332529,-0.053541791,0.023835061,0.0003,0.0,-0.008465728,0.079547226,0.3343316721221021
2013-06-05,0.024458848,0.0,-0.893678359,0.320821578,0.0,0.095283476,0.0,0.0003,0.0,0.0,0.0,0.079547226,0.0,0.0,-0.008465728,0.33433167212210213,0.33433167212210213,-0.893678359,0.320821578,0.095283476,0.0003,0.0,-0.008465728,0.079547226,0.3343316721221021
2013-06-06,-0.465744193,0.194958438,0.0,1.114838748,0.0,0.0,-0.047630389,0.0003,0.0,0.0,0.0,0.079547226,0.0,0.0,-0.008465728,0.33433167212210213,0.33433167212210213,0.194958438,1.114838748,-0.047630389,0.0003,0.0,-0.008465728,0.079547226,0.3343316721221021
2013-06-07,-0.098328425,1.886921241,0.0,1.46737776,0.0,0.047630389,0.0,0.0003,0.0,0.0,0.0,0.079547226,0.0,0.0,-0.008465728,0.33433167212210213,0.33433167212210213,1.886921241,1.46737776,0.047630389,0.0003,0.0,-0.008465728,0.079547226,0.3343316721221021
2013-06-10,-0.024597221,1.583316635,0.0,0.0,-0.302193738,0.0,0.0,0.0003,0.0,0.0,0.0,0.079547226,0.0,0.0,-0.008465728,0.33433167212210213,0.33433167212210213,1.583316635,-0.302193738,0.0,0.0003,0.0,-0.008465728,0.079547226,0.3343316721221021
2013-06-11,-0.443787711,0.0,-1.262736263,0.0,-0.334518397,0.095192773,0.0,0.0003,0.0,0.0,0.0,0.079547226,0.0,0.0,-0.008465728,0.33433167212210213,0.33433167212210213,-1.262736263,-0.334518397,0.095192773,0.0003,0.0,-0.008465728,0.079547226,0.3343316721221021
2013-06-12,0.024706609,0.0,-0.703568527,0.501358894,0.0,0.0,-0.095192773,0.0003,0.0,0.0,0.0,0.079547226,0.0,0.0,-0.008465728,0.33433167212210213,0.33433167212210213,-0.703568527,0.501358894,-0.095192773,0.0003,0.0,-0.008465728,0.079547226,0.3343316721221021
2013-06-13,-0.123594133,0.0,-0.56373948,0.705982999,0.0,0.166527932,0.0,0.0003,0.0,0.0,0.0,0.079547226,0.0,0.0,-0.008465728,0.33433167212210213,0.33433167212210213,-0.56373948,0.705982999,0.166527932,0.0003,0.0,-0.008465728,0.079547226,0.3343316721221021
2013-06-14,-0.446207979,0.0,-0.220200587,1.203161205,0.0,0.0,-0.309487213,0.0003,0.0,0.0,0.0,0.079547226,0.0,0.0,-0.008465728,0.33433167212210213,0.33433167212210213,-0.220200587,1.203161205,-0.309487213,0.0003,0.0,-0.008465728,0.079547226,0.3343316721221021
2013-06-17,-0.099428296,0.0,-1.288381677,0.030660739,0.0,0.28571448,0.0,0.0003,0.0,0.0,0.0,0.079547226,0.0,0.0,-0.008465728,0.33433167212210213,0.33433167212210213,-1.288381677,0.030660739,0.28571448,0.0003,0.0,-0.008465728,0.079547226,0.3343316721221021
2013-06-18,-0.899331567,0.0,-2.673918946,0.611248847,0.0,0.023772733,0.0,0.0003,0.0,0.0,0.0,0.079547226,0.0,0.0,-0.008465728,0.33433167212210213,0.33433167212210213,-2.673918946,0.611248847,0.023772733,0.0003,0.0,-0.008465728,0.079547226,0.3343316721221021
2013-06-19,0.0,0.907249146,0.0,0.0,-0.223690993,0.0,0.0,0.0003,0.0,0.0,0.0,0.079547226,0.0,0.0,-0.008465728,0.33433167212210213,0.33433167212210213,0.907249146,-0.223690993,0.0,0.0003,0.0,-0.008465728,0.079547226,0.3343316721221021
2013-06-20,-1.899993824,0.127515459,0.0,0.0,-3.469513841,0.0,0.0,0.0003,0.0,0.0,0.0,0.079547226,0.0,0.0,-0.008465728,0.33433167212210213,0.33433167212210213,0.127515459,-3.469513841,0.0,0.0003,0.0,-0.008465728,0.079547226,0.3343316721221021
2013-06-21,0.0,0.0,-0.984480498,0.0,-1.144686585,0.0,0.0,0.0003,0.0,0.0,0.0,0.079547226,0.0,0.0,-0.008465728,0.33433167212210213,0.33433167212210213,-0.984480498,-1.144686585,0.0,0.0003,0.0,-0.008465728,0.079547226,0.3343316721221021
2013-06-24,-1.416636698,0.629424573,0.0,1.334200223,0.0,0.0,0.0,0.0003,0.0,0.0,0.0,0.079547226,0.0,0.0,-0.008465728,0.33433167212210213,0.33433167212210213,0.629424573,1.334200223,0.0,0.0003,0.0,-0.008465728,0.079547226,0.3343316721221021
2013-06-25,-0.207738325,0.0,-2.714145622,0.189155164,0.0,0.0,0.0,0.0003,0.0,0.0,0.0,0.079547226,0.0,0.0,-0.008465728,0.33433167212210213,0.33433167212210213,-2.714145622,0.189155164,0.0,0.0003,0.0,-0.008465728,0.079547226,0.3343316721221021
2013-06-26,-2.345690035,0.0,-2.870133489,0.2307048,0.0,0.0,0.0,0.0003,0.0,0.0,0.0,0.079547226,0.0,0.0,-0.008465728,0.33433167212210213,0.33433167212210213,-2.870133489,0.2307048,0.0,0.0003,0.0,-0.008465728,0.079547226,0.3343316721221021
2013-06-27,0.0,0.646597099,0.0,1.589891649,0.0,0.0,-0.166527932,0.0003,0.0,0.0,0.0,0.079547226,0.0,0.0,-0.008465728,0.33433167212210213,0.33433167212210213,0.646597099,1.589891649,-0.166527932,0.0003,0.0,-0.008465728,0.079547226,0.3343316721221021
2013-06-28,0.0,1.863575905,0.0,0.0,-0.661980076,0.507615303,0.0,0.0003,0.0,0.0,0.0,0.079547226,0.0,0.0,-0.008465728,0.33433167212210213,0.33433167212210213,1.863575905,-0.661980076,0.507615303,0.0003,0.0,-0.008465728,0.079547226,0.3343316721221021
2013-07-01,-2.314602989,0.0,-1.30878075,1.626386853,0.0,0.0,-0.189125352,0.0,-0.0009,0.0,-0.01,0.0,-0.223621998,0.00229111,0.0,-0.8307685584359934,-0.8307685584359934,-1.30878075,1.626386853,-0.189125352,-0.0009,-0.01,0.00229111,-0.223621998,-0.8307685584359934
2013-07-02,1.503787736,0.362613714,0.0,1.730900038,0.0,0.141877536,0.0,0.0,-0.0009,0.0,-0.01,0.0,-0.223621998,0.00229111,0.0,-0.8307685584359934,-0.8307685584359934,0.362613714,1.730900038,0.141877536,-0.0009,-0.01,0.00229111,-0.223621998,-0.8307685584359934
2013-07-03,-0.135777346,1.873258078,0.0,2.252414517,0.0,0.141676529,0.0,0.0,-0.0009,0.0,-0.01,0.0,-0.223621998,0.00229111,0.0,-0.8307685584359934,-0.8307685584359934,1.873258078,2.252414517,0.141676529,-0.0009,-0.01,0.00229111,-0.223621998,-0.8307685584359934
2013-07-04,2.017553304,0.0,-0.124615699,0.0,0.0,0.141476091,0.0,0.0,-0.0009,0.0,-0.01,0.0,-0.223621998,0.00229111,0.0,-0.8307685584359934,-0.8307685584359934,-0.124615699,0.0,0.141476091,-0.0009,-0.01,0.00229111,-0.223621998,-0.8307685584359934
2013-07-05,-0.21327654,0.0,-0.229207697,1.141420128,0.0,0.047114253,0.0,0.0,-0.0009,0.0,-0.01,0.0,-0.223621998,0.00229111,0.0,-0.8307685584359934,-0.8307685584359934,-0.229207697,1.141420128,0.047114253,-0.0009,-0.01,0.00229111,-0.223621998,-0.8307685584359934
2013-07-08,-0.588866798,0.0,-0.482641288,0.0,-0.058218515,0.0,-0.283019057,0.0,-0.0009,0.0,-0.01,0.0,-0.223621998,0.00229111,0.0,-0.8307685584359934,-0.8307685584359934,-0.482641288,-0.058218515,-0.283019057,-0.0009,-0.01,0.00229111,-0.223621998,-0.8307685584359934
2013-07-09,0.134138182,0.0,-0.354734631,0.416485662,0.0,0.330111123,0.0,0.0,-0.0009,0.0,-0.01,0.0,-0.223621998,0.00229111,0.0,-0.8307685584359934,-0.8307685584359934,-0.354734631,0.416485662,0.330111123,-0.0009,-0.01,0.00229111,-0.223621998,-0.8307685584359934
2013-07-10,0.0,0.782041812,0.0,2.811449288,0.0,0.0,0.0,0.0,-0.0009,0.0,-0.01,0.0,-0.223621998,0.00229111,0.0,-0.8307685584359934,-0.8307685584359934,0.782041812,2.811449288,0.0,-0.0009,-0.01,0.00229111,-0.223621998,-0.8307685584359934
2013-07-11,-0.537635704,0.0,-0.70769083,0.0,-1.553208609,0.0,-0.094206319,0.0,-0.0009,0.0,-0.01,0.0,-0.223621998,0.00229111,0.0,-0.8307685584359934,-0.8307685584359934,-0.70769083,-1.553208609,-0.094206319,-0.0009,-0.01,0.00229111,-0.223621998,-0.8307685584359934
2013-07-12,-0.269905697,0.15884316,0.0,1.025552622,0.0,0.0,-0.094295151,0.0,-0.0009,0.0,-0.01,0.0,-0.223621998,0.00229111,0.0,-0.8307685584359934,-0.8307685584359934,0.15884316,1.025552622,-0.094295151,-0.0009,-0.01,0.00229111,-0.223621998,-0.8307685584359934
2013-07-15,1.608613775,2.238032387,0.0,0.330111123,0.0,0.04715869,0.0,0.0,-0.0009,0.0,-0.01,0.0,-0.223621998,0.00229111,0.0,-0.8307685584359934,-0.8307685584359934,2.238032387,0.330111123,0.04715869,-0.0009,-0.01,0.00229111,-0.223621998,-0.8307685584359934
2013-07-16,-0.346343759,0.0,-0.294717507,0.0,-0.301773145,0.0,-0.023576565,0.0,-0.0009,0.0,-0.01,0.0,-0.223621998,0.00229111,0.0,-0.8307685584359934,-0.8307685584359934,-0.294717507,-0.301773145,-0.023576565,-0.0009,-0.01,0.00229111,-0.223621998,-0.8307685584359934
2013-07-17,0.399521107,0.355168473,0.0,0.480521017,0.0,0.117827279,0.0,0.0,-0.0009,0.0,-0.01,0.0,-0.223621998,0.00229111,0.0,-0.8307685584359934,-0.8307685584359934,0.355168473,0.480521017,0.117827279,-0.0009,-0.01,0.00229111,-0.223621998,-0.8307685584359934
2013-07-18,0.265463389,0.0,-0.050373267,1.446392966,0.0,0.047092066,0.0,0.0,-0.0009,0.0,-0.01,0.0,-0.223621998,0.00229111,0.0,-0.8307685584359934,-0.8307685584359934,-0.050373267,1.446392966,0.047092066,-0.0009,-0.01,0.00229111,-0.223621998,-0.8307685584359934
2013-07-19,0.158940431,0.696922916,0.0,0.055570993,0.0,0.0,-0.18850147,0.0,-0.0009,0.0,-0.01,0.0,-0.223621998,0.00229111,0.0,-0.8307685584359934,-0.8307685584359934,0.696922916,0.055570993,-0.18850147,-0.0009,-0.01,0.00229111,-0.223621998,-0.8307685584359934
2013-07-22,1.210222611,1.088838824,0.0,0.0,-1.295391116,0.0,0.0,0.0,-0.0009,0.0,-0.01,0.0,-0.223621998,0.00229111,0.0,-0.8307685584359934,-0.8307685584359934,1.088838824,-1.295391116,0.0,-0.0009,-0.01,0.00229111,-0.223621998,-0.8307685584359934
2013-07-23,1.195751185,0.20765975,0.0,0.486573431,0.0,0.0,0.0,0.0,-0.0009,0.0,-0.01,0.0,-0.223621998,0.00229111,0.0,-0.8307685584359934,-0.8307685584359934,0.20765975,0.486573431,0.0,-0.0009,-0.01,0.00229111,-0.223621998,-0.8307685584359934
2013-07-24,0.386847678,0.0,-0.493153312,0.0,-1.618554201,0.0,0.0,0.0,-0.0009,0.0,-0.01,0.0,-0.223621998,0.00229111,0.0,-0.8307685584359934,-0.8307685584359934,-0.493153312,-1.618554201,0.0,-0.0009,-0.01,0.00229111,-0.223621998,-0.8307685584359934
2013-07-25,-1.425818063,0.0,-1.98919755,0.056904402,0.0,0.023582125,0.0,0.0,-0.0009,0.0,-0.01,0.0,-0.223621998,0.00229111,0.0,-0.8307685584359934,-0.8307685584359934,-1.98919755,0.056904402,0.023582125,-0.0009,-0.01,0.00229111,-0.223621998,-0.8307685584359934
2013-07-26,0.390879977,0.0,-0.046593131,0.0,-0.675453265,0.0,-0.117966275,0.0,-0.0009,0.0,-0.01,0.0,-0.223621998,0.00229111,0.0,-0.8307685584359934,-0.8307685584359934,-0.046593131,-0.675453265,-0.117966275,-0.0009,-0.01,0.00229111,-0.223621998,-0.8307685584359934
2013-07-29,-0.078053861,0.058744292,0.0,0.0,-0.143287028,0.09438415,0.0,0.0,-0.0009,0.0,-0.01,0.0,-0.223621998,0.00229111,0.0,-0.8307685584359934,-0.8307685584359934,0.058744292,-0.143287028,0.09438415,-0.0009,-0.01,0.00229111,-0.223621998,-0.8307685584359934
2013-07-30,-0.836387521,0.0,-1.64773265,0.0,-1.415186073,0.0,-0.330735005,0.0,-0.0009,0.0,-0.01,0.0,-0.223621998,0.00229111,0.0,-0.8307685584359934,-0.8307685584359934,-1.64773265,-1.415186073,-0.330735005,-0.0009,-0.01,0.00229111,-0.223621998,-0.8307685584359934
2013-07-31,2.573241397,0.601391371,0.0,1.882498926,0.0,0.047314881,0.0,0.0008,0.0,0.0,0.0,0.0,-0.013016977,0.010399298,0.0,-0.8307685584359934,-0.8307685584359934,0.601391371,1.882498926,0.047314881,0.0008,0.0,0.010399298,-0.013016977,-0.8307685584359934
2013-08-01,-2.345690035,0.573383196,0.0,2.657059095,0.0,0.0,-0.047314881,0.0008,0.0,0.0,0.0,0.0,-0.013016977,0.010399298,0.0,-0.8307685584359934,-0.8307685584359934,0.573383196,2.657059095,-0.047314881,0.0008,0.0,0.010399298,-0.013016977,-0.8307685584359934
2013-08-02,-0.583710864,0.634832624,0.0,0.0,-0.921493932,0.0,-0.094696977,0.0008,0.0,0.0,0.0,0.0,-0.013016977,0.010399298,0.0,-0.8307685584359934,-0.8307685584359934,0.634832624,-0.921493932,-0.094696977,0.0008,0.0,0.010399298,-0.013016977,-0.8307685584359934
2013-08-05,0.451348171,0.0,-0.046512099,0.0,-0.309061356,0.0,-0.142213819,0.0008,0.0,0.0,0.0,0.0,-0.013016977,0.010399298,0.0,-0.8307685584359934,-0.8307685584359934,-0.046512099,-0.309061356,-0.142213819,0.0008,0.0,0.010399298,-0.013016977,-0.8307685584359934
2013-08-06,-0.39814253,0.0,-0.34851713,0.0,-1.217398133,0.0,-0.094921697,0.0008,0.0,0.0,0.0,0.0,-0.013016977,0.010399298,0.0,-0.8307685584359934,-0.8307685584359934,-0.34851713,-1.217398133,-0.094921697,0.0008,0.0,0.010399298,-0.013016977,-0.8307685584359934
2013-08-07,-0.533334598,0.867013647,0.0,0.0,-0.867787833,0.0,-0.095011884,0.0008,0.0,0.0,0.0,0.0,-0.013016977,0.010399298,0.0,-0.8307685584359934,-0.8307685584359934,0.867013647,-0.867787833,-0.095011884,0.0008,0.0,0.010399298,-0.013016977,-0.8307685584359934
2013-08-08,0.666224983,0.533837665,0.0,0.0,-0.923705211,0.142483995,0.0,0.0008,0.0,0.0,0.0,0.0,-0.013016977,0.010399298,0.0,-0.8307685584359934,-0.8307685584359934,0.533837665,-0.923705211,0.142483995,0.0008,0.0,0.010399298,-0.013016977,-0.8307685584359934
2013-08-09,0.582628767,0.0,-0.146220819,2.472797723,0.0,0.0,0.0,0.0008,0.0,0.0,0.0,0.0,-0.013016977,0.010399298,0.0,-0.8307685584359934,-0.8307685584359934,-0.146220819,2.472797723,0.0,0.0008,0.0,0.010399298,-0.013016977,-0.8307685584359934
2013-08-12,0.211026193,0.49388741,0.0,0.141356099,0.0,0.023727607,0.0,0.0008,0.0,0.0,0.0,0.0,-0.013016977,0.010399298,0.0,-0.8307685584359934,-0.8307685584359934,0.49388741,0.141356099,0.023727607,0.0008,0.0,0.010399298,-0.013016977,-0.8307685584359934
2013-08-13,-0.079082645,0.0,-0.377694517,0.554070066,0.0,0.0,-0.023727607,0.0008,0.0,0.0,0.0,0.0,-0.013016977,0.010399298,0.0,-0.8307685584359934,-0.8307685584359934,-0.377694517,0.554070066,-0.023727607,0.0008,0.0,0.010399298,-0.013016977,-0.8307685584359934
2013-08-14,-0.449320169,0.0,-0.190386542,0.102962521,0.0,0.0,0.0,0.0008,0.0,0.0,0.0,0.0,-0.013016977,0.010399298,0.0,-0.8307685584359934,-0.8307685584359934,-0.190386542,0.102962521,0.0,0.0008,0.0,0.010399298,-0.013016977,-0.8307685584359934
2013-08-15,0.449320169,1.32119692,0.0,0.503920439,0.0,0.0,0.0,0.0008,0.0,0.0,0.0,0.0,-0.013016977,0.010399298,0.0,-0.8307685584359934,-0.8307685584359934,1.32119692,0.503920439,0.0,0.0008,0.0,0.010399298,-0.013016977,-0.8307685584359934
2013-08-16,0.52604014,0.607880612,0.0,0.139528417,0.0,0.023727607,0.0,0.0008,0.0,0.0,0.0,0.0,-0.013016977,0.010399298,0.0,-0.8307685584359934,-0.8307685584359934,0.607880612,0.139528417,0.023727607,0.0008,0.0,0.010399298,-0.013016977,-0.8307685584359934
2013-08-19,0.41884878,0.0,-0.187101848,0.0,-0.409836639,0.0,-0.023727607,0.0008,0.0,0.0,0.0,0.0,-0.013016977,0.010399298,0.0,-0.8307685584359934,-0.8307685584359934,-0.187101848,-0.409836639,-0.023727607,0.0008,0.0,0.010399298,-0.013016977,-0.8307685584359934
2013-08-20,-0.523835666,0.352248158,0.0,0.0,-2.112887505,0.0,0.0,0.0008,0.0,0.0,0.0,0.0,-0.013016977,0.010399298,0.0,-0.8307685584359934,-0.8307685584359934,0.352248158,-2.112887505,0.0,0.0008,0.0,0.010399298,-0.013016977,-0.8307685584359934
2013-08-21,-0.262950454,0.0,-0.846300781,0.0,-0.92899198,0.0,0.0,0.0008,0.0,0.0,0.0,0.0,-0.013016977,0.010399298,0.0,-0.8307685584359934,-0.8307685584359934,-0.846300781,-0.92899198,0.0,0.0008,0.0,0.010399298,-0.013016977,-0.8307685584359934
2013-08-22,-0.21085933,0.0,-0.967479776,0.957586557,0.0,0.189663404,0.0,0.0008,0.0,0.0,0.0,0.0,-0.013016977,0.010399298,0.0,-0.8307685584359934,-0.8307685584359934,-0.967479776,0.957586557,0.189663404,0.0008,0.0,0.010399298,-0.013016977,-0.8307685584359934
2013-08-23,-0.052784377,0.0,-0.761024927,1.466371292,0.0,0.047359698,0.0,0.0008,0.0,0.0,0.0,0.0,-0.013016977,0.010399298,0.0,-0.8307685584359934,-0.8307685584359934,-0.761024927,1.466371292,0.047359698,0.0008,0.0,0.010399298,-0.013016977,-0.8307685584359934
2013-08-26,0.526594161,0.0,-2.213300318,0.0,-0.565079673,0.09465216,0.0,0.0008,0.0,0.0,0.0,0.0,-0.013016977,0.010399298,0.0,-0.8307685584359934,-0.8307685584359934,-2.213300318,-0.565079673,0.09465216,0.0008,0.0,0.010399298,-0.013016977,-0.8307685584359934
2013-08-27,0.314630569,0.610177653,0.0,3.005017031,0.0,0.0,-0.047314881,0.0008,0.0,0.0,0.0,0.0,-0.013016977,0.010399298,0.0,-0.8307685584359934,-0.8307685584359934,0.610177653,3.005017031,-0.047314881,0.0008,0.0,0.010399298,-0.013016977,-0.8307685584359934
2013-08-28,1.50691342,0.0,-1.302923167,0.966807968,0.0,0.0,-0.142079115,0.0008,0.0,0.0,0.0,0.0,-0.013016977,0.010399298,0.0,-0.8307685584359934,-0.8307685584359934,-1.302923167,0.966807968,-0.142079115,0.0008,0.0,0.010399298,-0.013016977,-0.8307685584359934
2013-08-29,-0.620798683,0.0,-1.756322424,0.0,-1.518229272,0.094741836,0.0,0.0008,0.0,0.0,0.0,0.0,-0.013016977,0.010399298,0.0,-0.8307685584359934,-0.8307685584359934,-1.756322424,-1.518229272,0.094741836,0.0008,0.0,0.010399298,-0.013016977,-0.8307685584359934
2013-08-30,-0.311850565,0.0,-0.822770662,0.0,-0.489630984,0.0,0.0,0.0008,0.0,0.0,0.0,0.0,-0.013016977,0.010399298,0.0,-0.8307685584359934,-0.8307685584359934,-0.822770662,-0.489630984,0.0,0.0008,0.0,0.010399298,-0.013016977,-0.8307685584359934
2013-09-02,0.0,0.0,0.0,0.0,0.0,0.0,0.0,0.004,0.0,0.0,0.0,0.038484222,0.0,0.0,-0.016945901,-0.8307685584359934,-0.8307685584359934,0.0,0.0,0.0,0.004,0.0,-0.016945901,0.038484222,-0.8307685584359934
2013-09-03,-0.208441972,0.888216381,0.0,0.636974228,0.0,0.0,0.0,0.004,0.0,0.0,0.0,0.038484222,0.0,0.0,-0.016945901,-0.8307685584359934,-0.8307685584359934,0.888216381,0.636974228,0.0,0.004,0.0,-0.016945901,0.038484222,-0.8307685584359934
2013-09-04,0.286495833,0.0,-0.223959527,0.0,-1.278031843,0.09465216,0.0,0.004,0.0,0.0,0.0,0.038484222,0.0,0.0,-0.016945901,-0.8307685584359934,-0.8307685584359934,-0.223959527,-1.278031843,0.09465216,0.004,0.0,-0.016945901,0.038484222,-0.8307685584359934
2013-09-05,0.052002081,0.179630011,0.0,1.121472433,0.0,0.0,-0.09465216,0.004,0.0,0.0,0.0,0.038484222,0.0,0.0,-0.016945901,-0.8307685584359934,-0.8307685584359934,0.179630011,1.121472433,-0.09465216,0.004,0.0,-0.016945901,0.038484222,-0.8307685584359934
2013-09-06,-0.390676366,1.16709973,0.0,1.935073159,0.0,0.0,0.0,0.004,0.0,0.0,0.0,0.038484222,0.0,0.0,-0.016945901,-0.8307685584359934,-0.8307685584359934,1.16709973,1.935073159,0.0,0.004,0.0,-0.016945901,0.038484222,-0.8307685584359934
2013-09-09,0.364678706,0.0,-0.041746682,0.0,-0.908106495,0.0,-0.094741836,0.004,0.0,0.0,0.0,0.038484222,0.0,0.0,-0.016945901,-0.8307685584359934,-0.8307685584359934,-0.041746682,-0.908106495,-0.094741836,0.004,0.0,-0.016945901,0.038484222,-0.8307685584359934
2013-09-10,-0.312500254,0.0,-1.858578058,0.0,-1.971505587,0.0,-0.094831681,0.004,0.0,0.0,0.0,0.038484222,0.0,0.0,-0.016945901,-0.8307685584359934,-0.8307685584359934,-1.858578058,-1.971505587,-0.094831681,0.004,0.0,-0.016945901,0.038484222,-0.8307685584359934
2013-09-11,-0.523013745,0.925177819,0.0,0.158044006,0.0,0.142213819,0.0,0.004,0.0,0.0,0.0,0.038484222,0.0,0.0,-0.016945901,-0.8307685584359934,-0.8307685584359934,0.925177819,0.158044006,0.142213819,0.004,0.0,-0.016945901,0.038484222,-0.8307685584359934
2013-09-12,-0.763262029,0.092680365,0.0,0.989054603,0.0,0.0,-0.142213819,0.004,0.0,0.0,0.0,0.038484222,0.0,0.0,-0.016945901,-0.8307685584359934,-0.8307685584359934,0.092680365,0.989054603,-0.142213819,0.004,0.0,-0.016945901,0.038484222,-0.8307685584359934
2013-09-13,-0.929004691,0.029471203,0.0,0.0,-0.3778284,0.0,0.0,0.004,0.0,0.0,0.0,0.038484222,0.0,0.0,-0.016945901,-0.8307685584359934,-0.8307685584359934,0.029471203,-0.3778284,0.0,0.004,0.0,-0.016945901,0.038484222,-0.8307685584359934
2013-09-16,0.31948909,0.67336084,0.0,0.0,-1.647698436,0.047427082,0.0,0.004,0.0,0.0,0.0,0.038484222,0.0,0.0,-0.016945901,-0.8307685584359934,-0.8307685584359934,0.67336084,-1.647698436,0.047427082,0.004,0.0,-0.016945901,0.038484222,-0.8307685584359934
2013-09-17,-0.132996429,0.0,-0.442103116,0.0,-1.113744405,0.0,0.0,0.004,0.0,0.0,0.0,0.038484222,0.0,0.0,-0.016945901,-0.8307685584359934,-0.8307685584359934,-0.442103116,-1.113744405,0.0,0.004,0.0,-0.016945901,0.038484222,-0.8307685584359934
2013-09-18,-0.319914962,0.511070798,0.0,2.687553487,0.0,0.094786737,0.0,0.004,0.0,0.0,0.0,0.038484222,0.0,0.0,-0.016945901,-0.8307685584359934,-0.8307685584359934,0.511070798,2.687553487,0.094786737,0.004,0.0,-0.016945901,0.038484222,-0.8307685584359934
2013-09-19,1.563152771,0.0,-0.106606475,0.0,-1.836967128,0.0,-0.047382138,0.004,0.0,0.0,0.0,0.038484222,0.0,0.0,-0.016945901,-0.8307685584359934,-0.8307685584359934,-0.106606475,-1.836967128,-0.047382138,0.004,0.0,-0.016945901,0.038484222,-0.8307685584359934
2013-09-20,-0.553579903,0.0,-0.423365334,0.0,-1.478980315,0.0,-0.094831681,0.004,0.0,0.0,0.0,0.038484222,0.0,0.0,-0.016945901,-0.8307685584359934,-0.8307685584359934,-0.423365334,-1.478980315,-0.094831681,0.004,0.0,-0.016945901,0.038484222,-0.8307685584359934
2013-09-23,-0.556661477,0.140621908,0.0,0.0,-1.036875649,0.0,0.0,0.004,0.0,0.0,0.0,0.038484222,0.0,0.0,-0.016945901,-0.8307685584359934,-0.8307685584359934,0.140621908,-1.036875649,0.0,0.004,0.0,-0.016945901,0.038484222,-0.8307685584359934
2013-09-24,-0.266169973,0.437390173,0.0,0.0,-0.386772867,0.047427082,0.0,0.004,0.0,0.0,0.0,0.038484222,0.0,0.0,-0.016945901,-0.8307685584359934,-0.8307685584359934,0.437390173,-0.386772867,0.047427082,0.004,0.0,-0.016945901,0.038484222,-0.8307685584359934
2013-09-25,-0.079989339,0.744797168,0.0,0.0,-0.524527672,0.0,0.0,0.004,0.0,0.0,0.0,0.038484222,0.0,0.0,-0.016945901,-0.8307685584359934,-0.8307685584359934,0.744797168,-0.524527672,0.0,0.004,0.0,-0.016945901,0.038484222,-0.8307685584359934
2013-09-26,0.186542359,0.646663066,0.0,0.408203502,0.0,0.0,0.0,0.004,0.0,0.0,0.0,0.038484222,0.0,0.0,-0.016945901,-0.8307685584359934,-0.8307685584359934,0.646663066,0.408203502,0.0,0.004,0.0,-0.016945901,0.038484222,-0.8307685584359934
2013-09-27,-0.293294438,0.0,-0.187576709,0.0,-0.233055068,0.104260471,0.0,0.004,0.0,0.0,0.0,0.038484222,0.0,0.0,-0.016945901,-0.8307685584359934,-0.8307685584359934,-0.187576709,-0.233055068,0.104260471,0.004,0.0,-0.016945901,0.038484222,-0.8307685584359934
2013-09-30,1.720757217,0.502161994,0.0,0.0,-0.487282906,0.0,0.0,0.0125,0.0,0.0,0.0,0.13334785,0.0,0.012692426,0.0,-0.8307685584359934,-0.8307685584359934,0.502161994,-0.487282906,0.0,0.0125,0.0,0.012692426,0.13334785,-0.8307685584359934
2013-10-01,-1.400842255,0.980560234,0.0,0.0,-0.264123411,0.0,-0.104260471,0.0125,0.0,0.0,0.0,0.13334785,0.0,0.012692426,0.0,-0.9538734430231979,-0.9538734430231979,0.980560234,-0.264123411,-0.104260471,0.0125,0.0,0.012692426,0.13334785,-0.953873443023198
2013-10-02,-0.453515517,0.134078232,0.0,1.997739053,0.0,0.0,0.0,0.0125,0.0,0.0,0.0,0.13334785,0.0,0.012692426,0.0,-0.9538734430231979,-0.9538734430231979,0.134078232,1.997739053,0.0,0.0125,0.0,0.012692426,0.13334785,-0.953873443023198
2013-10-03,0.213675295,0.49008786,0.0,0.0,-0.829160169,0.0,0.0,0.0125,0.0,0.0,0.0,0.13334785,0.0,0.012692426,0.0,-0.9538734430231979,-0.9538734430231979,0.49008786,-0.829160169,0.0,0.0125,0.0,0.012692426,0.13334785,-0.953873443023198
2013-10-04,0.053347561,0.0,-0.597742522,0.52143803,0.0,0.0,0.0,0.0125,0.0,0.0,0.0,0.13334785,0.0,0.012692426,0.0,-0.9538734430231979,-0.9538734430231979,-0.597742522,0.52143803,0.0,0.0125,0.0,0.012692426,0.13334785,-0.953873443023198
2013-10-07,-0.080032017,1.169840292,0.0,0.0,-0.734657727,0.0,0.0,0.0125,0.0,0.0,0.0,0.13334785,0.0,0.012692426,0.0,-0.9538734430231979,-0.9538734430231979,1.169840292,-0.734657727,0.0,0.0125,0.0,0.012692426,0.13334785,-0.953873443023198
2013-10-08,0.160000034,0.538879676,0.0,0.454964243,0.0,0.0,0.0,0.0125,0.0,0.0,0.0,0.13334785,0.0,0.012692426,0.0,-0.9538734430231979,-0.9538734430231979,0.538879676,0.454964243,0.0,0.0125,0.0,0.012692426,0.13334785,-0.953873443023198
2013-10-09,-0.160000034,0.149729018,0.0,0.0,-1.861924432,0.0,0.0,0.0125,0.0,0.0,0.0,0.13334785,0.0,0.012692426,0.0,-0.9538734430231979,-0.9538734430231979,0.149729018,-1.861924432,0.0,0.0125,0.0,0.012692426,0.13334785,-0.953873443023198
2013-10-10,-0.186990839,0.0,-0.187695988,1.416661863,0.0,0.0,-0.07114906,0.0125,0.0,0.0,0.0,0.13334785,0.0,0.012692426,0.0,-0.9538734430231979,-0.9538734430231979,-0.187695988,1.416661863,-0.07114906,0.0125,0.0,0.012692426,0.13334785,-0.953873443023198
2013-10-11,-0.214132844,0.0,-0.728151254,0.0,-0.886729318,0.0,0.0,0.0125,0.0,0.0,0.0,0.13334785,0.0,0.012692426,0.0,-0.9538734430231979,-0.9538734430231979,-0.728151254,-0.886729318,0.0,0.0125,0.0,0.012692426,0.13334785,-0.953873443023198
2013-10-14,-0.187743115,0.0,-0.484350405,0.283438591,0.0,0.023721979,0.0,0.0125,0.0,0.0,0.0,0.13334785,0.0,0.012692426,0.0,-0.9538734430231979,-0.9538734430231979,-0.484350405,0.283438591,0.023721979,0.0125,0.0,0.012692426,0.13334785,-0.953873443023198
2013-10-15,-0.457420413,0.0,-0.259282662,0.0,-1.28679149,0.0,0.0,0.0125,0.0,0.0,0.0,0.13334785,0.0,0.012692426,0.0,-0.9538734430231979,-0.9538734430231979,-0.259282662,-1.28679149,0.0,0.0125,0.0,0.012692426,0.13334785,-0.953873443023198
2013-10-16,0.296216724,0.493678291,0.0,1.169603976,0.0,0.094831681,0.0,0.0125,0.0,0.0,0.0,0.13334785,0.0,0.012692426,0.0,-0.9538734430231979,-0.9538734430231979,0.493678291,1.169603976,0.094831681,0.0125,0.0,0.012692426,0.13334785,-0.953873443023198
2013-10-17,0.295341871,1.31331525,0.0,0.0,-1.595621364,0.0,-0.047404599,0.0125,0.0,0.0,0.0,0.13334785,0.0,0.012692426,0.0,-0.9538734430231979,-0.9538734430231979,1.31331525,-1.595621364,-0.047404599,0.0125,0.0,0.012692426,0.13334785,-0.953873443023198
2013-10-18,0.080396628,0.0,-0.425188532,0.148816933,0.0,0.0,0.0,0.0125,0.0,0.0,0.0,0.13334785,0.0,0.012692426,0.0,-0.9538734430231979,-0.9538734430231979,-0.425188532,0.148816933,0.0,0.0125,0.0,0.012692426,0.13334785,-0.953873443023198
2013-10-21,-0.026791695,0.365412094,0.0,0.0,-1.588841817,0.0,-0.023710729,0.0125,0.0,0.0,0.0,0.13334785,0.0,0.012692426,0.0,-0.9538734430231979,-0.9538734430231979,0.365412094,-1.588841817,-0.023710729,0.0125,0.0,0.012692426,0.13334785,-0.953873443023198
2013-10-22,-0.160901081,0.0,-0.155586172,0.0,-1.675931766,0.0,-0.023716353,0.0125,0.0,0.0,0.0,0.13334785,0.0,0.012692426,0.0,-0.9538734430231979,-0.9538734430231979,-0.155586172,-1.675931766,-0.023716353,0.0125,0.0,0.012692426,0.13334785,-0.953873443023198
2013-10-23,0.268024819,0.093779625,0.0,0.0,-0.750530434,0.0,0.0,0.0125,0.0,0.0,0.0,0.13334785,0.0,0.012692426,0.0,-0.9538734430231979,-0.9538734430231979,0.093779625,-0.750530434,0.0,0.0125,0.0,0.012692426,0.13334785,-0.953873443023198
2013-10-24,-0.107123738,0.409999778,0.0,0.0,-0.258331324,0.0,-0.023721979,0.0125,0.0,0.0,0.0,0.13334785,0.0,0.012692426,0.0,-0.9538734430231979,-0.9538734430231979,0.409999778,-0.258331324,-0.023721979,0.0125,0.0,0.012692426,0.13334785,-0.953873443023198
2013-10-25,-0.026798875,0.0,-0.133165075,0.773000499,0.0,0.023721979,0.0,0.0125,0.0,0.0,0.0,0.13334785,0.0,0.012692426,0.0,-0.9538734430231979,-0.9538734430231979,-0.133165075,0.773000499,0.023721979,0.0125,0.0,0.012692426,0.13334785,-0.953873443023198
2013-10-28,0.0,0.0,-0.304759864,1.366392218,0.0,0.0,-0.023721979,0.0125,0.0,0.0,0.0,0.13334785,0.0,0.012692426,0.0,-0.9538734430231979,-0.9538734430231979,-0.304759864,1.366392218,-0.023721979,0.0125,0.0,0.012692426,0.13334785,-0.953873443023198
2013-10-29,-0.134102206,0.0,-1.327422019,0.0,-0.456784025,0.023721979,0.0,0.0125,0.0,0.0,0.0,0.13334785,0.0,0.012692426,0.0,-0.9538734430231979,-0.9538734430231979,-1.327422019,-0.456784025,0.023721979,0.0125,0.0,0.012692426,0.13334785,-0.953873443023198
2013-10-30,0.026834832,0.666917637,0.0,0.0,-1.517199785,0.0,0.0,0.0125,0.0,0.0,0.0,0.13334785,0.0,0.012692426,0.0,-0.9538734430231979,-0.9538734430231979,0.666917637,-1.517199785,0.0,0.0125,0.0,0.012692426,0.13334785,-0.953873443023198
2013-10-31,2.573241397,0.414826098,0.0,0.0,-0.538582348,0.0,0.0,0.0161,0.0,0.0,0.0,0.0,-0.018536669,0.0,-0.003360044,-0.9538734430231979,-0.9538734430231979,0.414826098,-0.538582348,0.0,0.0161,0.0,-0.003360044,-0.018536669,-0.953873443023198
2013-11-01,-2.345690035,0.0,-0.154106364,0.0,-1.812991759,0.0,0.0,0.0161,0.0,0.0,0.0,0.0,-0.018536669,0.0,-0.003360044,-0.9538734430231979,-0.9538734430231979,-0.154106364,-1.812991759,0.0,0.0161,0.0,-0.003360044,-0.018536669,-0.953873443023198
2013-11-04,-0.379815975,0.0,-0.389324192,0.021148356,0.0,0.0,0.0,0.0161,0.0,0.0,0.0,0.0,-0.018536669,0.0,-0.003360044,-0.9538734430231979,-0.9538734430231979,-0.389324192,0.021148356,0.0,0.0161,0.0,-0.003360044,-0.018536669,-0.953873443023198
2013-11-05,-0.244931406,0.02613617,0.0,0.0,-1.255469198,0.0,-0.047449586,0.0161,0.0,0.0,0.0,0.0,-0.018536669,0.0,-0.003360044,-0.9538734430231979,-0.9538734430231979,0.02613617,-1.255469198,-0.047449586,0.0161,0.0,-0.003360044,-0.018536669,-0.953873443023198
2013-11-06,0.054481069,0.597256009,0.0,1.424495226,0.0,0.047449586,0.0,0.0161,0.0,0.0,0.0,0.0,-0.018536669,0.0,-0.003360044,-0.9538734430231979,-0.9538734430231979,0.597256009,1.424495226,0.047449586,0.0161,0.0,-0.003360044,-0.018536669,-0.953873443023198
2013-11-07,0.163265342,0.329167504,0.0,0.0,-0.518547117,0.0,0.0,0.0161,0.0,0.0,0.0,0.0,-0.018536669,0.0,-0.003360044,-0.9538734430231979,-0.9538734430231979,0.329167504,-0.518547117,0.0,0.0161,0.0,-0.003360044,-0.018536669,-0.953873443023198
2013-11-08,-0.217746412,0.0,-0.657417269,0.328372733,0.0,0.0,0.0,0.0161,0.0,0.0,0.0,0.0,-0.018536669,0.0,-0.003360044,-0.9538734430231979,-0.9538734430231979,-0.657417269,0.328372733,0.0,0.0161,0.0,-0.003360044,-0.018536669,-0.953873443023198
2013-11-11,-0.464291425,0.0,-0.154489763,0.600982356,0.0,0.0,0.0,0.0161,0.0,0.0,0.0,0.0,-0.018536669,0.0,-0.003360044,-0.9538734430231979,-0.9538734430231979,-0.154489763,0.600982356,0.0,0.0161,0.0,-0.003360044,-0.018536669,-0.953873443023198
2013-11-12,-0.082158022,0.666408974,0.0,0.0,-2.135539324,0.0,0.0,0.0161,0.0,0.0,0.0,0.0,-0.018536669,0.0,-0.003360044,-0.9538734430231979,-0.9538734430231979,0.666408974,-2.135539324,0.0,0.0161,0.0,-0.003360044,-0.018536669,-0.953873443023198
2013-11-13,-0.274348595,0.0,-0.893560731,0.844789283,0.0,0.0,0.0,0.0161,0.0,0.0,0.0,0.0,-0.018536669,0.0,-0.003360044,-0.9538734430231979,-0.9538734430231979,-0.893560731,0.844789283,0.0,0.0161,0.0,-0.003360044,-0.018536669,-0.953873443023198
2013-11-14,0.329128108,0.0,-0.038244382,0.0,-0.159855099,0.047427082,0.0,0.0161,0.0,0.0,0.0,0.0,-0.018536669,0.0,-0.003360044,-0.9538734430231979,-0.9538734430231979,-0.038244382,-0.159855099,0.047427082,0.0161,0.0,-0.003360044,-0.018536669,-0.953873443023198
2013-11-15,-0.054779514,0.235272935,0.0,0.042653018,0.0,0.0,-0.047427082,0.0161,0.0,0.0,0.0,0.0,-0.018536669,0.0,-0.003360044,-0.9538734430231979,-0.9538734430231979,0.235272935,0.042653018,-0.047427082,0.0161,0.0,-0.003360044,-0.018536669,-0.953873443023198
2013-11-18,2.573241397,1.110545509,0.0,0.0,-0.824283423,0.023716353,0.0,0.0161,0.0,0.0,0.0,0.0,-0.018536669,0.0,-0.003360044,-0.9538734430231979,-0.9538734430231979,1.110545509,-0.824283423,0.023716353,0.0161,0.0,-0.003360044,-0.018536669,-0.953873443023198
2013-11-19,-2.345690035,0.398458238,0.0,0.343384821,0.0,0.0,0.0,0.0161,0.0,0.0,0.0,0.0,-0.018536669,0.0,-0.003360044,-0.9538734430231979,-0.9538734430231979,0.398458238,0.343384821,0.0,0.0161,0.0,-0.003360044,-0.018536669,-0.953873443023198
2013-11-20,-0.08236102,0.0,-0.152455654,0.0,-0.010712947,0.0,-0.023716353,0.0161,0.0,0.0,0.0,0.0,-0.018536669,0.0,-0.003360044,-0.9538734430231979,-0.9538734430231979,-0.152455654,-0.010712947,-0.023716353,0.0161,0.0,-0.003360044,-0.018536669,-0.953873443023198
2013-11-21,-0.993659846,0.458643853,0.0,2.130559152,0.0,0.0,0.0,0.0161,0.0,0.0,0.0,0.0,-0.018536669,0.0,-0.003360044,-0.9538734430231979,-0.9538734430231979,0.458643853,2.130559152,0.0,0.0161,0.0,-0.003360044,-0.018536669,-0.953873443023198
2013-11-22,-0.194363521,0.0,-0.363579281,0.0,-0.863708761,0.0,0.0,0.0161,0.0,0.0,0.0,0.0,-0.018536669,0.0,-0.003360044,-0.9538734430231979,-0.9538734430231979,-0.363579281,-0.863708761,0.0,0.0161,0.0,-0.003360044,-0.018536669,-0.953873443023198
2013-11-25,-2.163309536,0.355689424,0.0,0.0,-0.711293407,0.0,0.0,0.0161,0.0,0.0,0.0,0.0,-0.018536669,0.0,-0.003360044,-0.9538734430231979,-0.9538734430231979,0.355689424,-0.711293407,0.0,0.0161,0.0,-0.003360044,-0.018536669,-0.953873443023198
2013-11-26,0.820256331,0.023667706,0.0,0.0,-0.480590448,0.0,0.0,0.0161,0.0,0.0,0.0,0.0,-0.018536669,0.0,-0.003360044,-0.9538734430231979,-0.9538734430231979,0.023667706,-0.480590448,0.0,0.0161,0.0,-0.003360044,-0.018536669,-0.953873443023198
2013-11-27,-0.169157074,0.912836012,0.0,0.0,-1.466649821,0.080612661,0.0,0.0161,0.0,0.0,0.0,0.0,-0.018536669,0.0,-0.003360044,-0.9538734430231979,-0.9538734430231979,0.912836012,-1.466649821,0.080612661,0.0161,0.0,-0.003360044,-0.018536669,-0.953873443023198
2013-11-28,-0.509194877,0.0,-0.629259611,0.0,0.0,0.0,-0.033185579,0.0161,0.0,0.0,0.0,0.0,-0.018536669,0.0,-0.003360044,-0.9538734430231979,-0.9538734430231979,-0.629259611,0.0,-0.033185579,0.0161,0.0,-0.003360044,-0.018536669,-0.953873443023198
2013-11-29,0.509194877,0.0,-0.216548306,0.541713134,0.0,0.0,0.0,0.0161,0.0,0.0,0.0,0.0,-0.018536669,0.0,-0.003360044,-0.9538734430231979,-0.9538734430231979,-0.216548306,0.541713134,0.0,0.0161,0.0,-0.003360044,-0.018536669,-0.953873443023198
2013-12-02,0.0,0.253904656,0.0,1.138817636,0.0,0.0,-0.047427082,0.0076,0.0,0.0,0.0,0.034424681,0.0,0.001331469,0.0,-0.9538734430231979,-0.9538734430231979,0.253904656,1.138817636,-0.047427082,0.0076,0.0,0.001331469,0.034424681,-0.953873443023198
2013-12-03,-0.594313338,0.0,-0.114078924,2.343857297,0.0,0.094831681,0.0,0.0076,0.0,0.0,0.0,0.034424681,0.0,0.001331469,0.0,-0.9538734430231979,-0.9538734430231979,-0.114078924,2.343857297,0.094831681,0.0076,0.0,0.001331469,0.034424681,-0.953873443023198
2013-12-04,-0.056785919,0.758730469,0.0,1.182586396,0.0,0.0,0.0,0.0076,0.0,0.0,0.0,0.034424681,0.0,0.001331469,0.0,-0.9538734430231979,-0.9538734430231979,0.758730469,1.182586396,0.0,0.0076,0.0,0.001331469,0.034424681,-0.953873443023198
2013-12-05,0.453387005,0.0,-0.311030072,0.17515846,0.0,0.094741836,0.0,0.0076,0.0,0.0,0.0,0.034424681,0.0,0.001331469,0.0,-0.9538734430231979,-0.9538734430231979,-0.311030072,0.17515846,0.094741836,0.0076,0.0,0.001331469,0.034424681,-0.953873443023198
2013-12-06,-0.056561087,0.0,-0.07447768,0.349399184,0.0,0.0,0.0,0.0076,0.0,0.0,0.0,0.034424681,0.0,0.001331469,0.0,-0.9538734430231979,-0.9538734430231979,-0.07447768,0.349399184,0.0,0.0076,0.0,0.001331469,0.034424681,-0.953873443023198
2013-12-09,-0.028292545,0.800660425,0.0,0.0,-0.390585346,0.0,-0.094741836,0.0076,0.0,0.0,0.0,0.034424681,0.0,0.001331469,0.0,-0.9538734430231979,-0.9538734430231979,0.800660425,-0.390585346,-0.094741836,0.0076,0.0,0.001331469,0.034424681,-0.953873443023198
2013-12-10,0.395369055,0.0,-0.39562333,1.248608996,0.0,0.0,0.0,0.0076,0.0,0.0,0.0,0.034424681,0.0,0.001331469,0.0,-0.9538734430231979,-0.9538734430231979,-0.39562333,1.248608996,0.0,0.0076,0.0,0.001331469,0.034424681,-0.953873443023198
2013-12-11,0.786079286,0.0,-0.070323491,0.0,-1.094248276,0.0,-0.047404599,0.0076,0.0,0.0,0.0,0.034424681,0.0,0.001331469,0.0,-0.9538734430231979,-0.9538734430231979,-0.070323491,-1.094248276,-0.047404599,0.0076,0.0,0.001331469,0.034424681,-0.953873443023198
2013-12-12,-0.19594128,0.0,-1.569686885,0.0,-0.041139567,0.0,-0.023710729,0.0076,0.0,0.0,0.0,0.034424681,0.0,0.001331469,0.0,-0.9538734430231979,-0.9538734430231979,-1.569686885,-0.041139567,-0.023710729,0.0076,0.0,0.001331469,0.034424681,-0.953873443023198
2013-12-13,-0.815871736,0.652924642,0.0,0.0,-0.971684304,0.033193447,0.0,0.0076,0.0,0.0,0.0,0.034424681,0.0,0.001331469,0.0,-0.9538734430231979,-0.9538734430231979,0.652924642,-0.971684304,0.033193447,0.0076,0.0,0.001331469,0.034424681,-0.953873443023198
2013-12-16,-0.056513141,0.0,-0.714479601,0.940818519,0.0,0.0,-0.009482718,0.0076,0.0,0.0,0.0,0.034424681,0.0,0.001331469,0.0,-0.9538734430231979,-0.9538734430231979,-0.714479601,0.940818519,-0.009482718,0.0076,0.0,0.001331469,0.034424681,-0.953873443023198
2013-12-17,0.310427793,0.0,-0.06556791,0.0,-0.195704857,0.047404599,0.0,0.0076,0.0,0.0,0.0,0.034424681,0.0,0.001331469,0.0,-0.9538734430231979,-0.9538734430231979,-0.06556791,-0.195704857,0.047404599,0.0076,0.0,0.001331469,0.034424681,-0.953873443023198
2013-12-18,-0.056369787,0.410580446,0.0,0.616714875,0.0,0.0,-0.071115328,0.0076,0.0,0.0,0.0,0.034424681,0.0,0.001331469,0.0,-0.9538734430231979,-0.9538734430231979,0.410580446,0.616714875,-0.071115328,0.0076,0.0,0.001331469,0.034424681,-0.953873443023198
2013-12-19,-0.678927643,0.0,-0.055438959,0.82657749,0.0,0.0,0.0,0.0076,0.0,0.0,0.0,0.034424681,0.0,0.001331469,0.0,-0.9538734430231979,-0.9538734430231979,-0.055438959,0.82657749,0.0,0.0076,0.0,0.001331469,0.034424681,-0.953873443023198
2013-12-20,-0.312722359,0.503759498,0.0,0.718954036,0.0,0.0,0.0,0.0076,0.0,0.0,0.0,0.034424681,0.0,0.001331469,0.0,-0.9538734430231979,-0.9538734430231979,0.503759498,0.718954036,0.0,0.0076,0.0,0.001331469,0.034424681,-0.953873443023198
2013-12-23,0.028469751,0.0,-0.17158583,0.0,-0.495626362,0.023710729,0.0,0.0076,0.0,0.0,0.0,0.034424681,0.0,0.001331469,0.0,-0.9538734430231979,-0.9538734430231979,-0.17158583,-0.495626362,0.023710729,0.0076,0.0,0.001331469,0.034424681,-0.953873443023198
2013-12-24,-0.170940213,0.395977704,0.0,0.253177511,0.0,0.0,-0.037939866,0.0076,0.0,0.0,0.0,0.034424681,0.0,0.001331469,0.0,-0.9538734430231979,-0.9538734430231979,0.395977704,0.253177511,-0.037939866,0.0076,0.0,0.001331469,0.034424681,-0.953873443023198
2013-12-25,0.028510335,0.0,-0.441388724,0.0,0.0,0.0,-0.033209195,0.0076,0.0,0.0,0.0,0.034424681,0.0,0.001331469,0.0,-0.9538734430231979,-0.9538734430231979,-0.441388724,0.0,-0.033209195,0.0076,0.0,0.001331469,0.034424681,-0.953873443023198
2013-12-26,0.113960126,0.0,-0.387819794,0.313052515,0.0,0.0,0.0,0.0076,0.0,0.0,0.0,0.034424681,0.0,0.001331469,0.0,-0.9538734430231979,-0.9538734430231979,-0.387819794,0.313052515,0.0,0.0076,0.0,0.001331469,0.034424681,-0.953873443023198
2013-12-27,0.028469751,0.527935264,0.0,0.763362486,0.0,0.0,-0.023727607,0.0076,0.0,0.0,0.0,0.034424681,0.0,0.001331469,0.0,-0.9538734430231979,-0.9538734430231979,0.527935264,0.763362486,-0.023727607,0.0076,0.0,0.001331469,0.034424681,-0.953873443023198
2013-12-30,-0.542316157,0.0,-0.09075664,0.0,-1.046076729,0.047449586,0.0,0.0076,0.0,0.0,0.0,0.034424681,0.0,0.001331469,0.0,-0.9538734430231979,-0.9538734430231979,-0.09075664,-1.046076729,0.047449586,0.0076,0.0,0.001331469,0.034424681,-0.953873443023198
2013-12-31,2.573241397,0.0,-1.181401424,0.0,-0.740856892,0.0,-0.023721979,0.0052,0.0,0.0,0.0,0.0,-0.129194351,0.006662976,0.0,-0.9538734430231979,-0.9538734430231979,-1.181401424,-0.740856892,-0.023721979,0.0052,0.0,0.006662976,-0.129194351,-0.953873443023198
2014-01-01,-2.345690035,0.0,0.0,0.0,0.0,0.0,0.0,0.0052,0.0,0.0,0.0,0.0,-0.129194351,0.006662976,0.0,1.3428092491801515,1.3428092491801515,0.0,0.0,0.0,0.0052,0.0,0.006662976,-0.129194351,1.3428092491801515
2014-01-02,-2.14758183,0.981841969,0.0,0.0,-3.13511787,0.0,-0.071199718,0.0052,0.0,0.0,0.0,0.0,-0.129194351,0.006662976,0.0,1.3428092491801515,1.3428092491801515,0.981841969,-3.13511787,-0.071199718,0.0052,0.0,0.006662976,-0.129194351,1.3428092491801515
2014-01-03,0.484400434,0.0,-0.237619169,0.0,-1.567828725,0.071199718,0.0,0.0052,0.0,0.0,0.0,0.0,-0.129194351,0.006662976,0.0,1.3428092491801515,1.3428092491801515,-0.237619169,-1.567828725,0.071199718,0.0052,0.0,0.006662976,-0.129194351,1.3428092491801515
2014-01-06,0.142025304,0.263327381,0.0,0.0,-0.578221977,0.023721979,0.0,0.0052,0.0,0.0,0.0,0.0,-0.129194351,0.006662976,0.0,1.3428092491801515,1.3428092491801515,0.263327381,-0.578221977,0.023721979,0.0052,0.0,0.006662976,-0.129194351,1.3428092491801515
2014-01-07,-0.085190975,1.038602514,0.0,0.203829926,0.0,0.0,-0.023721979,0.0052,0.0,0.0,0.0,0.0,-0.129194351,0.006662976,0.0,1.3428092491801515,1.3428092491801515,1.038602514,0.203829926,-0.023721979,0.0052,0.0,0.006662976,-0.129194351,1.3428092491801515
2014-01-08,-0.455581654,0.001956851,0.0,0.0,-1.522625388,0.023721979,0.0,0.0052,0.0,0.0,0.0,0.0,-0.129194351,0.006662976,0.0,1.3428092491801515,1.3428092491801515,0.001956851,-1.522625388,0.023721979,0.0052,0.0,0.006662976,-0.129194351,1.3428092491801515
2014-01-09,0.057061342,0.563931442,0.0,0.0,-0.589328345,0.0,-0.023721979,0.0052,0.0,0.0,0.0,0.0,-0.129194351,0.006662976,0.0,1.3428092491801515,1.3428092491801515,0.563931442,-0.589328345,-0.023721979,0.0052,0.0,0.006662976,-0.129194351,1.3428092491801515
2014-01-10,0.114025098,0.869882366,0.0,1.121100177,0.0,0.0,-0.014235889,0.0052,0.0,0.0,0.0,0.0,-0.129194351,0.006662976,0.0,1.3428092491801515,1.3428092491801515,0.869882366,1.121100177,-0.014235889,0.0052,0.0,0.006662976,-0.129194351,1.3428092491801515
2014-01-13,0.34129726,0.173457238,0.0,0.0,-1.022637285,0.0,-0.05696383,0.0052,0.0,0.0,0.0,0.0,-0.129194351,0.006662976,0.0,1.3428092491801515,1.3428092491801515,0.173457238,-1.022637285,-0.05696383,0.0052,0.0,0.006662976,-0.129194351,1.3428092491801515
2014-01-14,-0.056802046,0.27306659,0.0,0.762530928,0.0,0.05696383,0.0,0.0052,0.0,0.0,0.0,0.0,-0.129194351,0.006662976,0.0,1.3428092491801515,1.3428092491801515,0.27306659,0.762530928,0.05696383,0.0052,0.0,0.006662976,-0.129194351,1.3428092491801515
2014-01-15,-0.541234764,0.59164406,0.0,1.753392955,0.0,0.0,-0.009491718,0.0052,0.0,0.0,0.0,0.0,-0.129194351,0.006662976,0.0,1.3428092491801515,1.3428092491801515,0.59164406,1.753392955,-0.009491718,0.0052,0.0,0.006662976,-0.129194351,1.3428092491801515
2014-01-16,0.028559189,0.95189053,0.0,0.0,-0.256246136,0.047449586,0.0,0.0052,0.0,0.0,0.0,0.0,-0.129194351,0.006662976,0.0,1.3428092491801515,1.3428092491801515,0.95189053,-0.256246136,0.047449586,0.0052,0.0,0.006662976,-0.129194351,1.3428092491801515
2014-01-17,0.171184065,1.622453086,0.0,0.448000749,0.0,0.0,-0.047449586,0.0052,0.0,0.0,0.0,0.0,-0.129194351,0.006662976,0.0,1.3428092491801515,1.3428092491801515,1.622453086,0.448000749,-0.047449586,0.0052,0.0,0.006662976,-0.129194351,1.3428092491801515
2014-01-20,-0.028510335,1.978511623,0.0,0.0,0.0,0.0,0.0,0.0052,0.0,0.0,0.0,0.0,-0.129194351,0.006662976,0.0,1.3428092491801515,1.3428092491801515,1.978511623,0.0,0.0,0.0052,0.0,0.006662976,-0.129194351,1.3428092491801515
2014-01-21,-0.142673729,1.358790404,0.0,0.583648922,0.0,0.023727607,0.0,0.0052,0.0,0.0,0.0,0.0,-0.129194351,0.006662976,0.0,1.3428092491801515,1.3428092491801515,1.358790404,0.583648922,0.023727607,0.0052,0.0,0.006662976,-0.129194351,1.3428092491801515
2014-01-22,-0.285959589,1.006221227,0.0,1.928174585,0.0,0.0,-0.023727607,0.0052,0.0,0.0,0.0,0.0,-0.129194351,0.006662976,0.0,1.3428092491801515,1.3428092491801515,1.006221227,1.928174585,-0.023727607,0.0052,0.0,0.006662976,-0.129194351,1.3428092491801515
2014-01-23,0.285959589,0.0,-1.880978296,0.909191096,0.0,0.0,-0.023733239,0.0052,0.0,0.0,0.0,0.0,-0.129194351,0.006662976,0.0,1.3428092491801515,1.3428092491801515,-1.880978296,0.909191096,-0.023733239,0.0052,0.0,0.006662976,-0.129194351,1.3428092491801515
2014-01-24,0.142673729,0.863959682,0.0,0.0,-0.58796394,0.0,-0.023738873,0.0052,0.0,0.0,0.0,0.0,-0.129194351,0.006662976,0.0,1.3428092491801515,1.3428092491801515,0.863959682,-0.58796394,-0.023738873,0.0052,0.0,0.006662976,-0.129194351,1.3428092491801515
2014-01-27,0.823517362,0.858343606,0.0,0.0,-0.872823496,0.0,-0.118778966,0.0052,0.0,0.0,0.0,0.0,-0.129194351,0.006662976,0.0,1.3428092491801515,1.3428092491801515,0.858343606,-0.872823496,-0.118778966,0.0052,0.0,0.006662976,-0.129194351,1.3428092491801515
2014-01-28,0.0,0.0,0.0,1.727837719,0.0,0.0,0.0,0.0052,0.0,0.0,0.0,0.0,-0.129194351,0.006662976,0.0,1.3428092491801515,1.3428092491801515,0.0,1.727837719,0.0,0.0052,0.0,0.006662976,-0.129194351,1.3428092491801515
2014-01-29,0.0,0.0,0.0,0.0,-0.153980424,0.0,0.0,0.0052,0.0,0.0,0.0,0.0,-0.129194351,0.006662976,0.0,1.3428092491801515,1.3428092491801515,0.0,-0.153980424,0.0,0.0052,0.0,0.006662976,-0.129194351,1.3428092491801515
2014-01-30,0.0,0.0,0.0,0.930524634,0.0,0.0,0.0,0.0052,0.0,0.0,0.0,0.0,-0.129194351,0.006662976,0.0,1.3428092491801515,1.3428092491801515,0.0,0.930524634,0.0,0.0052,0.0,0.006662976,-0.129194351,1.3428092491801515
2014-01-31,0.564017288,0.0,0.0,0.0,-0.715018368,0.0,0.0,0.0079,0.0,0.0,0.0,0.026015594,0.0,0.023217305,0.0,1.3428092491801515,1.3428092491801515,0.0,-0.715018368,0.0,0.0079,0.0,0.023217305,0.026015594,1.3428092491801515
2014-02-03,0.0,0.0,0.0,0.0,-1.144401376,0.0,0.0,0.0079,0.0,0.0,0.0,0.026015594,0.0,0.023217305,0.0,1.3428092491801515,1.3428092491801515,0.0,-1.144401376,0.0,0.0079,0.0,0.023217305,0.026015594,1.3428092491801515
2014-02-04,0.0,0.0,0.0,0.826109613,0.0,0.0,0.0,0.0079,0.0,0.0,0.0,0.026015594,0.0,0.023217305,0.0,1.3428092491801515,1.3428092491801515,0.0,0.826109613,0.0,0.0079,0.0,0.023217305,0.026015594,1.3428092491801515
2014-02-05,0.0,0.0,0.0,0.16440612,0.0,0.189978685,0.0,0.0079,0.0,0.0,0.0,0.026015594,0.0,0.023217305,0.0,1.3428092491801515,1.3428092491801515,0.0,0.16440612,0.189978685,0.0079,0.0,0.023217305,0.026015594,1.3428092491801515
2014-02-06,-0.705520071,0.0,-1.013234403,0.450728073,0.0,0.023721979,0.0,0.0079,0.0,0.0,0.0,0.026015594,0.0,0.023217305,0.0,1.3428092491801515,1.3428092491801515,-1.013234403,0.450728073,0.023721979,0.0079,0.0,0.023217305,0.026015594,1.3428092491801515
2014-02-07,0.11321824,0.523142558,0.0,2.163667461,0.0,0.023716353,0.0,0.0079,0.0,0.0,0.0,0.026015594,0.0,0.023217305,0.0,1.3428092491801515,1.3428092491801515,0.523142558,2.163667461,0.023716353,0.0079,0.0,0.023217305,0.026015594,1.3428092491801515
2014-02-10,0.282486064,0.0,-1.315749085,0.139930058,0.0,0.0,0.0,0.0079,0.0,0.0,0.0,0.026015594,0.0,0.023217305,0.0,1.3428092491801515,1.3428092491801515,-1.315749085,0.139930058,0.0,0.0079,0.0,0.023217305,0.026015594,1.3428092491801515
2014-02-11,0.253556975,1.787996533,0.0,0.0,-0.15993606,0.023710729,0.0,0.0079,0.0,0.0,0.0,0.026015594,0.0,0.023217305,0.0,1.3428092491801515,1.3428092491801515,1.787996533,-0.15993606,0.023710729,0.0079,0.0,0.023217305,0.026015594,1.3428092491801515
2014-02-12,-0.028141269,0.0,-0.795517785,0.419287826,0.0,0.0,-0.047427082,0.0079,0.0,0.0,0.0,0.026015594,0.0,0.023217305,0.0,1.3428092491801515,1.3428092491801515,-0.795517785,0.419287826,-0.047427082,0.0079,0.0,0.023217305,0.026015594,1.3428092491801515
2014-02-13,-0.056306308,2.110999649,0.0,0.0,-0.109643669,0.023716353,0.0,0.0079,0.0,0.0,0.0,0.026015594,0.0,0.023217305,0.0,1.3428092491801515,1.3428092491801515,2.110999649,-0.109643669,0.023716353,0.0079,0.0,0.023217305,0.026015594,1.3428092491801515
2014-02-14,1.147989648,0.932636531,0.0,0.039884336,0.0,0.0,-0.071165938,0.0079,0.0,0.0,0.0,0.026015594,0.0,0.023217305,0.0,1.3428092491801515,1.3428092491801515,0.932636531,0.039884336,-0.071165938,0.0079,0.0,0.023217305,0.026015594,1.3428092491801515
2014-02-17,2.338805188,0.0,-0.318081991,0.0,0.0,0.047449586,0.0,0.0079,0.0,0.0,0.0,0.026015594,0.0,0.023217305,0.0,1.3428092491801515,1.3428092491801515,-0.318081991,0.0,0.047449586,0.0079,0.0,0.023217305,0.026015594,1.3428092491801515
2014-02-18,-0.709609965,0.0,-0.108589054,2.198757546,0.0,0.0,0.0,0.0079,0.0,0.0,0.0,0.026015594,0.0,0.023217305,0.0,1.3428092491801515,1.3428092491801515,-0.108589054,2.198757546,0.0,0.0079,0.0,0.023217305,0.026015594,1.3428092491801515
2014-02-19,-0.356702258,1.405998557,0.0,0.893209822,0.0,0.0,0.0,0.0079,0.0,0.0,0.0,0.026015594,0.0,0.023217305,0.0,1.3428092491801515,1.3428092491801515,1.405998557,0.893209822,0.0,0.0079,0.0,0.023217305,0.026015594,1.3428092491801515
2014-02-20,-0.772630775,0.169193093,0.0,0.0,-0.251621153,0.0,0.0,0.0079,0.0,0.0,0.0,0.026015594,0.0,0.023217305,0.0,1.3428092491801515,1.3428092491801515,0.169193093,-0.251621153,0.0,0.0079,0.0,0.023217305,0.026015594,1.3428092491801515
2014-02-21,0.193718063,0.0,-1.508623082,0.0,-0.651341437,0.023716353,0.0,0.0079,0.0,0.0,0.0,0.026015594,0.0,0.023217305,0.0,1.3428092491801515,1.3428092491801515,-1.508623082,-0.651341437,0.023716353,0.0079,0.0,0.023217305,0.026015594,1.3428092491801515
2014-02-24,0.496415802,0.157485859,0.0,0.622267443,0.0,0.0,0.0,0.0079,0.0,0.0,0.0,0.026015594,0.0,0.023217305,0.0,1.3428092491801515,1.3428092491801515,0.157485859,0.622267443,0.0,0.0079,0.0,0.023217305,0.026015594,1.3428092491801515
2014-02-25,0.164925821,0.620524555,0.0,0.0,-0.944643534,0.0,0.0,0.0079,0.0,0.0,0.0,0.026015594,0.0,0.023217305,0.0,1.3428092491801515,1.3428092491801515,0.620524555,-0.944643534,0.0,0.0079,0.0,0.023217305,0.026015594,1.3428092491801515
2014-02-26,0.027461211,2.598484293,0.0,0.711746777,0.0,0.0,-0.023716353,0.0079,0.0,0.0,0.0,0.026015594,0.0,0.023217305,0.0,1.3428092491801515,1.3428092491801515,2.598484293,0.711746777,-0.023716353,0.0079,0.0,0.023217305,0.026015594,1.3428092491801515
2014-02-27,-0.688802834,0.0,-0.368074641,0.0,-0.243178954,0.0,0.0,0.0079,0.0,0.0,0.0,0.026015594,0.0,0.023217305,0.0,1.3428092491801515,1.3428092491801515,-0.368074641,-0.243178954,0.0,0.0079,0.0,0.023217305,0.026015594,1.3428092491801515
2014-02-28,-1.112049269,0.0,-0.400140157,0.194590449,0.0,0.0,0.0,0.0108,0.0,0.0,0.0,0.040788465,0.0,0.0,-0.021450658,1.3428092491801515,1.3428092491801515,-0.400140157,0.194590449,0.0,0.0108,0.0,-0.021450658,0.040788465,1.3428092491801515
2014-03-03,1.553429296,0.05799178,0.0,2.362995357,0.0,0.023716353,0.0,0.0108,0.0,0.0,0.0,0.040788465,0.0,0.0,-0.021450658,1.3428092491801515,1.3428092491801515,0.05799178,2.362995357,0.023716353,0.0108,0.0,-0.021450658,0.040788465,1.3428092491801515
2014-03-04,-0.35847274,0.0,-3.922753376,0.0,-1.626985836,0.0,-0.023716353,0.0108,0.0,0.0,0.0,0.040788465,0.0,0.0,-0.021450658,1.3428092491801515,1.3428092491801515,-3.922753376,-1.626985836,-0.023716353,0.0108,0.0,-0.021450658,0.040788465,1.3428092491801515
2014-03-05,-0.193557367,2.142168387,0.0,0.0,-1.840453137,0.0,0.0,0.0108,0.0,0.0,0.0,0.040788465,0.0,0.0,-0.021450658,1.3428092491801515,1.3428092491801515,2.142168387,-1.840453137,0.0,0.0108,0.0,-0.021450658,0.040788465,1.3428092491801515
2014-03-06,-0.027681661,0.0,-0.00694336,0.068772415,0.0,0.0,0.0,0.0108,0.0,0.0,0.0,0.040788465,0.0,0.0,-0.021450658,1.3428092491801515,1.3428092491801515,-0.00694336,0.068772415,0.0,0.0108,0.0,-0.021450658,0.040788465,1.3428092491801515
2014-03-07,0.221239028,0.576390425,0.0,0.977333815,0.0,0.0,0.0,0.0108,0.0,0.0,0.0,0.040788465,0.0,0.0,-0.021450658,1.3428092491801515,1.3428092491801515,0.576390425,0.977333815,0.0,0.0108,0.0,-0.021450658,0.040788465,1.3428092491801515
2014-03-10,-0.248928354,0.248224633,0.0,0.0,-1.400541966,0.0,0.0,0.0108,0.0,0.0,0.0,0.040788465,0.0,0.0,-0.021450658,1.3428092491801515,1.3428092491801515,0.248224633,-1.400541966,0.0,0.0108,0.0,-0.021450658,0.040788465,1.3428092491801515
2014-03-11,0.248928354,0.730744113,0.0,0.0,-1.090847786,0.0,0.0,0.0108,0.0,0.0,0.0,0.040788465,0.0,0.0,-0.021450658,1.3428092491801515,1.3428092491801515,0.730744113,-1.090847786,0.0,0.0108,0.0,-0.021450658,0.040788465,1.3428092491801515
2014-03-12,0.138026247,0.993171662,0.0,0.0,-2.014369652,0.0,0.0,0.0108,0.0,0.0,0.0,0.040788465,0.0,0.0,-0.021450658,1.3428092491801515,1.3428092491801515,0.993171662,-2.014369652,0.0,0.0108,0.0,-0.021450658,0.040788465,1.3428092491801515
2014-03-13,0.165380413,0.028763589,0.0,0.28446631,0.0,0.0,0.0,0.0108,0.0,0.0,0.0,0.040788465,0.0,0.0,-0.021450658,1.3428092491801515,1.3428092491801515,0.028763589,0.28446631,0.0,0.0108,0.0,-0.021450658,0.040788465,1.3428092491801515
2014-03-14,-0.13779801,0.857405595,0.0,0.667343225,0.0,0.0,0.0,0.0108,0.0,0.0,0.0,0.040788465,0.0,0.0,-0.021450658,1.3428092491801515,1.3428092491801515,0.857405595,0.667343225,0.0,0.0108,0.0,-0.021450658,0.040788465,1.3428092491801515
2014-03-17,0.302905367,1.142393079,0.0,0.0,-0.809475229,0.0,-0.047449586,0.0108,0.0,0.0,0.0,0.040788465,0.0,0.0,-0.021450658,1.3428092491801515,1.3428092491801515,1.142393079,-0.809475229,-0.047449586,0.0108,0.0,-0.021450658,0.040788465,1.3428092491801515
2014-03-18,-0.358077782,0.0,-0.172605556,1.662423052,0.0,0.023727607,0.0,0.0108,0.0,0.0,0.0,0.040788465,0.0,0.0,-0.021450658,1.3428092491801515,1.3428092491801515,-0.172605556,1.662423052,0.023727607,0.0108,0.0,-0.021450658,0.040788465,1.3428092491801515
2014-03-19,-0.248653257,0.0,-0.212847412,0.62752335,0.0,0.0,0.0,0.0108,0.0,0.0,0.0,0.040788465,0.0,0.0,-0.021450658,1.3428092491801515,1.3428092491801515,-0.212847412,0.62752335,0.0,0.0108,0.0,-0.021450658,0.040788465,1.3428092491801515
2014-03-20,-0.554786444,1.102550652,0.0,0.0,-1.028004462,0.0,0.0,0.0108,0.0,0.0,0.0,0.040788465,0.0,0.0,-0.021450658,1.3428092491801515,1.3428092491801515,1.102550652,-1.028004462,0.0,0.0108,0.0,-0.021450658,0.040788465,1.3428092491801515
2014-03-21,0.222284059,0.0,-1.144175347,0.290508594,0.0,0.0,0.0,0.0108,0.0,0.0,0.0,0.040788465,0.0,0.0,-0.021450658,1.3428092491801515,1.3428092491801515,-1.144175347,0.290508594,0.0,0.0108,0.0,-0.021450658,0.040788465,1.3428092491801515
2014-03-24,-0.361462927,1.032158204,0.0,0.079992005,0.0,0.0,0.0,0.0108,0.0,0.0,0.0,0.040788465,0.0,0.0,-0.021450658,1.3428092491801515,1.3428092491801515,1.032158204,0.079992005,0.0,0.0108,0.0,-0.021450658,0.040788465,1.3428092491801515
2014-03-25,-0.390734519,0.067554767,0.0,0.0,-0.390566818,0.0,0.0,0.0108,0.0,0.0,0.0,0.040788465,0.0,0.0,-0.021450658,1.3428092491801515,1.3428092491801515,0.067554767,-0.390566818,0.0,0.0108,0.0,-0.021450658,0.040788465,1.3428092491801515
2014-03-26,-0.027968117,0.0,-0.58313056,0.948726345,0.0,0.0,0.0,0.0108,0.0,0.0,0.0,0.040788465,0.0,0.0,-0.021450658,1.3428092491801515,1.3428092491801515,-0.58313056,0.948726345,0.0,0.0108,0.0,-0.021450658,0.040788465,1.3428092491801515
2014-03-27,-0.561011289,0.0,-2.560714453,0.634104968,0.0,0.023721979,0.0,0.0108,0.0,0.0,0.0,0.040788465,0.0,0.0,-0.021450658,1.3428092491801515,1.3428092491801515,-2.560714453,0.634104968,0.023721979,0.0108,0.0,-0.021450658,0.040788465,1.3428092491801515
2014-03-28,0.02812544,0.736660938,0.0,0.472953882,0.0,0.023716353,0.0,0.0108,0.0,0.0,0.0,0.040788465,0.0,0.0,-0.021450658,1.3428092491801515,1.3428092491801515,0.736660938,0.472953882,0.023716353,0.0108,0.0,-0.021450658,0.040788465,1.3428092491801515
2014-03-31,0.0,0.271279137,0.0,0.0,-0.157402885,0.0,-0.047438331,0.0086,0.0,0.0,0.0,0.05362305,0.0,0.0,-0.02516222,1.3428092491801515,1.3428092491801515,0.271279137,-0.157402885,-0.047438331,0.0086,0.0,-0.02516222,0.05362305,1.3428092491801515
2014-04-01,-0.394477829,0.0,-0.566984864,0.0,-1.868284492,0.0,0.0,0.0086,0.0,0.0,0.0,0.05362305,0.0,0.0,-0.02516222,0.3873119134006222,0.3873119134006222,-0.566984864,-1.868284492,0.0,0.0086,0.0,-0.02516222,0.05362305,0.3873119134006222
2014-04-02,-0.141262914,0.0,-1.010281401,0.0,-0.090320644,0.0,0.0,0.0086,0.0,0.0,0.0,0.05362305,0.0,0.0,-0.02516222,0.3873119134006222,0.3873119134006222,-1.010281401,-0.090320644,0.0,0.0086,0.0,-0.02516222,0.05362305,0.3873119134006222
2014-04-03,0.141262914,0.0,-0.053006405,0.690382451,0.0,0.0,-0.023727607,0.0086,0.0,0.0,0.0,0.05362305,0.0,0.0,-0.02516222,0.3873119134006222,0.3873119134006222,-0.053006405,0.690382451,-0.023727607,0.0086,0.0,-0.02516222,0.05362305,0.3873119134006222
2014-04-04,0.19743343,0.888834199,0.0,0.86374327,0.0,0.0,0.0,0.0086,0.0,0.0,0.0,0.05362305,0.0,0.0,-0.02516222,0.3873119134006222,0.3873119134006222,0.888834199,0.86374327,0.0,0.0086,0.0,-0.02516222,0.05362305,0.3873119134006222
2014-04-07,0.36563112,0.981772701,0.0,0.0,-0.72424544,0.023727607,0.0,0.0086,0.0,0.0,0.0,0.05362305,0.0,0.0,-0.02516222,0.3873119134006222,0.3873119134006222,0.981772701,-0.72424544,0.023727607,0.0086,0.0,-0.02516222,0.05362305,0.3873119134006222
2014-04-08,0.308339417,0.947288453,0.0,2.108452491,0.0,0.0,0.0,0.0086,0.0,0.0,0.0,0.05362305,0.0,0.0,-0.02516222,0.3873119134006222,0.3873119134006222,0.947288453,2.108452491,0.0,0.0086,0.0,-0.02516222,0.05362305,0.3873119134006222
2014-04-09,0.0,0.0,0.0,0.950909552,0.0,0.0,0.0,0.0086,0.0,0.0,0.0,0.05362305,0.0,0.0,-0.02516222,0.3873119134006222,0.3873119134006222,0.0,0.950909552,0.0,0.0086,0.0,-0.02516222,0.05362305,0.3873119134006222
2014-04-10,0.363179614,0.664575404,0.0,0.0,-0.173980326,0.0,0.0,0.0086,0.0,0.0,0.0,0.05362305,0.0,0.0,-0.02516222,0.3873119134006222,0.3873119134006222,0.664575404,-0.173980326,0.0,0.0086,0.0,-0.02516222,0.05362305,0.3873119134006222
2014-04-11,-0.22333901,0.0,-1.169681708,0.299444802,0.0,0.092483911,0.0,0.0086,0.0,0.0,0.0,0.05362305,0.0,0.0,-0.02516222,0.3873119134006222,0.3873119134006222,-1.169681708,0.299444802,0.092483911,0.0086,0.0,-0.02516222,0.05362305,0.3873119134006222
2014-04-14,0.334821741,0.691168323,0.0,0.356232024,0.0,0.0,-0.092483911,0.0086,0.0,0.0,0.0,0.05362305,0.0,0.0,-0.02516222,0.3873119134006222,0.3873119134006222,0.691168323,0.356232024,-0.092483911,0.0086,0.0,-0.02516222,0.05362305,0.3873119134006222
2014-04-15,-0.586675799,0.0,-1.118243844,0.0,-0.33694376,0.094854169,0.0,0.0086,0.0,0.0,0.0,0.05362305,0.0,0.0,-0.02516222,0.3873119134006222,0.3873119134006222,-1.118243844,-0.33694376,0.094854169,0.0086,0.0,-0.02516222,0.05362305,0.3873119134006222
2014-04-16,-0.533784102,0.0,-2.06374699,0.009642737,0.0,0.0,-0.094854169,0.0086,0.0,0.0,0.0,0.05362305,0.0,0.0,-0.02516222,0.3873119134006222,0.3873119134006222,-2.06374699,0.009642737,-0.094854169,0.0086,0.0,-0.02516222,0.05362305,0.3873119134006222
2014-04-17,-0.028172982,0.0,-0.580807544,0.596040988,0.0,0.0,0.0,0.0086,0.0,0.0,0.0,0.05362305,0.0,0.0,-0.02516222,0.3873119134006222,0.3873119134006222,-0.580807544,0.596040988,0.0,0.0086,0.0,-0.02516222,0.05362305,0.3873119134006222
2014-04-18,-0.112771368,0.108513123,0.0,0.0,0.0,0.0,0.0,0.0086,0.0,0.0,0.0,0.05362305,0.0,0.0,-0.02516222,0.3873119134006222,0.3873119134006222,0.108513123,0.0,0.0,0.0086,0.0,-0.02516222,0.05362305,0.3873119134006222
2014-04-21,-0.169395862,0.0,-2.899310644,0.019168104,0.0,0.0,0.0,0.0086,0.0,0.0,0.0,0.05362305,0.0,0.0,-0.02516222,0.3873119134006222,0.3873119134006222,-2.899310644,0.019168104,0.0,0.0086,0.0,-0.02516222,0.05362305,0.3873119134006222
2014-04-22,0.056497177,0.0,-0.650715236,0.0,-2.582166372,0.0,0.0,0.0086,0.0,0.0,0.0,0.05362305,0.0,0.0,-0.02516222,0.3873119134006222,0.3873119134006222,-0.650715236,-2.582166372,0.0,0.0086,0.0,-0.02516222,0.05362305,0.3873119134006222
2014-04-23,-0.084757739,1.627691934,0.0,0.0,-0.216578151,0.07114906,0.0,0.0086,0.0,0.0,0.0,0.05362305,0.0,0.0,-0.02516222,0.3873119134006222,0.3873119134006222,1.627691934,-0.216578151,0.07114906,0.0086,0.0,-0.02516222,0.05362305,0.3873119134006222
2014-04-24,0.056513141,0.0,-0.249508142,0.716848948,0.0,0.0,-0.023710729,0.0086,0.0,0.0,0.0,0.05362305,0.0,0.0,-0.02516222,0.3873119134006222,0.3873119134006222,-0.249508142,0.716848948,-0.023710729,0.0086,0.0,-0.02516222,0.05362305,0.3873119134006222
2014-04-25,0.282087634,0.59113127,0.0,0.0,-1.329741337,0.0,-0.023716353,0.0086,0.0,0.0,0.0,0.05362305,0.0,0.0,-0.02516222,0.3873119134006222,0.3873119134006222,0.59113127,-1.329741337,-0.023716353,0.0086,0.0,-0.02516222,0.05362305,0.3873119134006222
2014-04-28,0.281294138,1.304891373,0.0,0.277255351,0.0,0.0,-0.047449586,0.0086,0.0,0.0,0.0,0.05362305,0.0,0.0,-0.02516222,0.3873119134006222,0.3873119134006222,1.304891373,0.277255351,-0.047449586,0.0086,0.0,-0.02516222,0.05362305,0.3873119134006222
2014-04-29,-0.394033721,0.0,-1.34687437,0.424293892,0.0,0.0,-0.047472111,0.0086,0.0,0.0,0.0,0.05362305,0.0,0.0,-0.02516222,0.3873119134006222,0.3873119134006222,-1.34687437,0.424293892,-0.047472111,0.0086,0.0,-0.02516222,0.05362305,0.3873119134006222
2014-04-30,1.954823488,0.0,0.0,0.0,-1.477981573,0.0,0.0,0.0,-0.0069,0.0,-0.005,0.0,-0.027223721,0.015090525,0.0,0.3873119134006222,0.3873119134006222,0.0,-1.477981573,0.0,-0.0069,-0.005,0.015090525,-0.027223721,0.3873119134006222
2014-05-01,1.754430965,0.0,0.0,0.0,-0.380457007,0.0,0.0,0.0,-0.0069,0.0,-0.005,0.0,-0.027223721,0.015090525,0.0,0.3873119134006222,0.3873119134006222,0.0,-0.380457007,0.0,-0.0069,-0.005,0.015090525,-0.027223721,0.3873119134006222
2014-05-02,0.0,0.0,0.0,0.40044102,0.0,0.0,0.0,0.0,-0.0069,0.0,-0.005,0.0,-0.027223721,0.015090525,0.0,0.3873119134006222,0.3873119134006222,0.0,0.40044102,0.0,-0.0069,-0.005,0.015090525,-0.027223721,0.3873119134006222
2014-05-05,-2.345690035,1.201764044,0.0,0.0,-0.350298111,0.047472111,0.0,0.0,-0.0069,0.0,-0.005,0.0,-0.027223721,0.015090525,0.0,0.3873119134006222,0.3873119134006222,1.201764044,-0.350298111,0.047472111,-0.0069,-0.005,0.015090525,-0.027223721,0.3873119134006222
2014-05-06,-0.22516193,0.0,-2.965129507,0.070157858,0.0,0.023727607,0.0,0.0,-0.0069,0.0,-0.005,0.0,-0.027223721,0.015090525,0.0,0.3873119134006222,0.3873119134006222,-2.965129507,0.070157858,0.023727607,-0.0069,-0.005,0.015090525,-0.027223721,0.3873119134006222
2014-05-07,0.0,0.0,-0.627017301,1.244602117,0.0,0.0,-0.023727607,0.0,-0.0069,0.0,-0.005,0.0,-0.027223721,0.015090525,0.0,0.3873119134006222,0.3873119134006222,-0.627017301,1.244602117,-0.023727607,-0.0069,-0.005,0.015090525,-0.027223721,0.3873119134006222
2014-05-08,-0.225670053,0.0,-1.314965872,0.0,-0.535768719,0.047449586,0.0,0.0,-0.0069,0.0,-0.005,0.0,-0.027223721,0.015090525,0.0,0.3873119134006222,0.3873119134006222,-1.314965872,-0.535768719,0.047449586,-0.0069,-0.005,0.015090525,-0.027223721,0.3873119134006222
2014-05-09,0.197489132,0.0,-4.195604674,0.0,-0.199163579,0.0,0.0,0.0,-0.0069,0.0,-0.005,0.0,-0.027223721,0.015090525,0.0,0.3873119134006222,0.3873119134006222,-4.195604674,-0.199163579,0.0,-0.0069,-0.005,0.015090525,-0.027223721,0.3873119134006222
2014-05-12,0.477998942,2.642560622,0.0,0.566573754,0.0,0.0,-0.023721979,0.0,-0.0069,0.0,-0.005,0.0,-0.027223721,0.015090525,0.0,0.3873119134006222,0.3873119134006222,2.642560622,0.566573754,-0.023721979,-0.0069,-0.005,0.015090525,-0.027223721,0.3873119134006222
2014-05-13,0.196160915,0.0,-4.195604674,1.104003327,0.0,0.0,0.0,0.0,-0.0069,0.0,-0.005,0.0,-0.027223721,0.015090525,0.0,0.3873119134006222,0.3873119134006222,-4.195604674,1.104003327,0.0,-0.0069,-0.005,0.015090525,-0.027223721,0.3873119134006222
2014-05-14,1.995631638,0.206029879,0.0,0.605943996,0.0,0.047438331,0.0,0.0,-0.0069,0.0,-0.005,0.0,-0.027223721,0.015090525,0.0,0.3873119134006222,0.3873119134006222,0.206029879,0.605943996,0.047438331,-0.0069,-0.005,0.015090525,-0.027223721,0.3873119134006222
2014-05-15,0.082293243,3.540507138,0.0,0.0,-0.870974826,0.071115328,0.0,0.0,-0.0069,0.0,-0.005,0.0,-0.027223721,0.015090525,0.0,0.3873119134006222,0.3873119134006222,3.540507138,-0.870974826,0.071115328,-0.0069,-0.005,0.015090525,-0.027223721,0.3873119134006222
2014-05-16,0.082225577,0.0,-1.386995342,0.55868805,0.0,0.189393996,0.0,0.0,-0.0069,0.0,-0.005,0.0,-0.027223721,0.015090525,0.0,0.3873119134006222,0.3873119134006222,-1.386995342,0.55868805,0.189393996,-0.0069,-0.005,0.015090525,-0.027223721,0.3873119134006222
2014-05-19,1.144114905,1.587078462,0.0,0.623601358,0.0,0.0,-0.142011858,0.0,-0.0069,0.0,-0.005,0.0,-0.027223721,0.015090525,0.0,0.3873119134006222,0.3873119134006222,1.587078462,0.623601358,-0.142011858,-0.0069,-0.005,0.015090525,-0.027223721,0.3873119134006222
2014-05-20,0.674857467,0.130028003,0.0,0.0,-0.145808045,0.094696977,0.0,0.0,-0.0069,0.0,-0.005,0.0,-0.027223721,0.015090525,0.0,0.3873119134006222,0.3873119134006222,0.130028003,-0.145808045,0.094696977,-0.0069,-0.005,0.015090525,-0.027223721,0.3873119134006222
2014-05-21,-1.490744506,1.30035978,0.0,1.458188167,0.0,0.0,0.0,0.0,-0.0069,0.0,-0.005,0.0,-0.027223721,0.015090525,0.0,0.3873119134006222,0.3873119134006222,1.30035978,1.458188167,0.0,-0.0069,-0.005,0.015090525,-0.027223721,0.3873119134006222
2014-05-22,-0.246069844,0.998806047,0.0,0.0,-0.268791561,0.0,-0.094696977,0.0,-0.0069,0.0,-0.005,0.0,-0.027223721,0.015090525,0.0,0.3873119134006222,0.3873119134006222,0.998806047,-0.268791561,-0.094696977,-0.0069,-0.005,0.015090525,-0.027223721,0.3873119134006222
2014-05-23,0.573223898,0.0,-0.167619929,0.937626464,0.0,0.071031138,0.0,0.0,-0.0069,0.0,-0.005,0.0,-0.027223721,0.015090525,0.0,0.3873119134006222,0.3873119134006222,-0.167619929,0.937626464,0.071031138,-0.0069,-0.005,0.015090525,-0.027223721,0.3873119134006222
2014-05-26,0.0,0.0,-0.186369268,0.0,0.0,0.0,-0.023671441,0.0,-0.0069,0.0,-0.005,0.0,-0.027223721,0.015090525,0.0,0.3873119134006222,0.3873119134006222,-0.186369268,0.0,-0.023671441,-0.0069,-0.005,0.015090525,-0.027223721,0.3873119134006222
2014-05-27,-0.081688228,0.390791111,0.0,0.0,-0.219266974,0.0,0.0,0.0,-0.0069,0.0,-0.005,0.0,-0.027223721,0.015090525,0.0,0.3873119134006222,0.3873119134006222,0.390791111,-0.219266974,0.0,-0.0069,-0.005,0.015090525,-0.027223721,0.3873119134006222
2014-05-28,-0.49153567,1.962043867,0.0,0.0,-1.35481294,0.09465216,0.0,0.0,-0.0069,0.0,-0.005,0.0,-0.027223721,0.015090525,0.0,0.3873119134006222,0.3873119134006222,1.962043867,-1.35481294,0.09465216,-0.0069,-0.005,0.015090525,-0.027223721,0.3873119134006222
2014-05-29,-0.219238235,0.356557976,0.0,0.857299476,0.0,0.0,0.0,0.0,-0.0069,0.0,-0.005,0.0,-0.027223721,0.015090525,0.0,0.3873119134006222,0.3873119134006222,0.356557976,0.857299476,0.0,-0.0069,-0.005,0.015090525,-0.027223721,0.3873119134006222
2014-05-30,0.164473721,0.444811868,0.0,0.0,-0.828281727,0.0,-0.023654642,0.0,-0.0069,0.0,-0.005,0.0,-0.027223721,0.015090525,0.0,0.3873119134006222,0.3873119134006222,0.444811868,-0.828281727,-0.023654642,-0.0069,-0.005,0.015090525,-0.027223721,0.3873119134006222
2014-06-02,-0.549301024,0.269867107,0.0,0.0,-0.319659303,0.118217297,0.0,0.0012,0.0,0.0,0.0,0.007924815,0.0,0.0,-0.002112426,0.3873119134006222,0.3873119134006222,0.269867107,-0.319659303,0.118217297,0.0012,0.0,-0.002112426,0.007924815,0.3873119134006222
2014-06-03,0.055066081,0.0,-0.52790402,0.261615381,0.0,0.141676529,0.0,0.0012,0.0,0.0,0.0,0.007924815,0.0,0.0,-0.002112426,0.3873119134006222,0.3873119134006222,-0.52790402,0.261615381,0.141676529,0.0012,0.0,-0.002112426,0.007924815,0.3873119134006222
2014-06-04,-0.77369825,0.331384144,0.0,0.0,-0.067760518,0.0,-0.141676529,0.0012,0.0,0.0,0.0,0.007924815,0.0,0.0,-0.002112426,0.3873119134006222,0.3873119134006222,0.331384144,-0.067760518,-0.141676529,0.0012,0.0,-0.002112426,0.007924815,0.3873119134006222
2014-06-05,-0.166574164,0.0,-1.248846577,0.0,-0.096880457,0.094473318,0.0,0.0012,0.0,0.0,0.0,0.007924815,0.0,0.0,-0.002112426,0.3873119134006222,0.3873119134006222,-1.248846577,-0.096880457,0.094473318,0.0012,0.0,-0.002112426,0.007924815,0.3873119134006222
2014-06-06,0.885206334,0.348870142,0.0,0.145285512,0.0,0.0,-0.094473318,0.0012,0.0,0.0,0.0,0.007924815,0.0,0.0,-0.002112426,0.3873119134006222,0.3873119134006222,0.348870142,0.145285512,-0.094473318,0.0012,0.0,-0.002112426,0.007924815,0.3873119134006222
2014-06-09,0.055066081,1.267689533,0.0,1.698615765,0.0,0.141676529,0.0,0.0012,0.0,0.0,0.0,0.007924815,0.0,0.0,-0.002112426,0.3873119134006222,0.3873119134006222,1.267689533,1.698615765,0.141676529,0.0012,0.0,-0.002112426,0.007924815,0.3873119134006222
2014-06-10,0.055035775,0.897519239,0.0,0.0,-0.066631767,0.0,-0.02359882,0.0012,0.0,0.0,0.0,0.007924815,0.0,0.0,-0.002112426,0.3873119134006222,0.3873119134006222,0.897519239,-0.066631767,-0.02359882,0.0012,0.0,-0.002112426,0.007924815,0.3873119134006222
2014-06-11,0.849203843,0.257477569,0.0,0.019042178,0.0,0.047192073,0.0,0.0012,0.0,0.0,0.0,0.007924815,0.0,0.0,-0.002112426,0.3873119134006222,0.3873119134006222,0.257477569,0.019042178,0.047192073,0.0012,0.0,-0.002112426,0.007924815,0.3873119134006222
2014-06-12,-0.054570261,0.598798927,0.0,2.035501864,0.0,0.0,0.0,0.0012,0.0,0.0,0.0,0.007924815,0.0,0.0,-0.002112426,0.3873119134006222,0.3873119134006222,0.598798927,2.035501864,0.0,0.0012,0.0,-0.002112426,0.007924815,0.3873119134006222
2014-06-13,0.326975768,0.419302477,0.0,0.270157135,0.0,0.023587687,0.0,0.0012,0.0,0.0,0.0,0.007924815,0.0,0.0,-0.002112426,0.3873119134006222,0.3873119134006222,0.419302477,0.270157135,0.023587687,0.0012,0.0,-0.002112426,0.007924815,0.3873119134006222
2014-06-16,-0.24513154,0.29942227,0.0,0.027905679,0.0,0.0,-0.07077976,0.0012,0.0,0.0,0.0,0.007924815,0.0,0.0,-0.002112426,0.3873119134006222,0.3873119134006222,0.29942227,0.027905679,-0.07077976,0.0012,0.0,-0.002112426,0.007924815,0.3873119134006222
2014-06-17,-0.464672149,0.0,-0.790531746,0.0,-0.531544125,0.07077976,0.0,0.0012,0.0,0.0,0.0,0.007924815,0.0,0.0,-0.002112426,0.3873119134006222,0.3873119134006222,-0.790531746,-0.531544125,0.07077976,0.0012,0.0,-0.002112426,0.007924815,0.3873119134006222
2014-06-18,0.1642486,0.169801618,0.0,0.0,-0.290275966,0.0,-0.07077976,0.0012,0.0,0.0,0.0,0.007924815,0.0,0.0,-0.002112426,0.3873119134006222,0.3873119134006222,0.169801618,-0.290275966,-0.07077976,0.0012,0.0,-0.002112426,0.007924815,0.3873119134006222
2014-06-19,0.599947259,0.0,-1.198251292,0.411754278,0.0,0.507615303,0.0,0.0012,0.0,0.0,0.0,0.007924815,0.0,0.0,-0.002112426,0.3873119134006222,0.3873119134006222,-1.198251292,0.411754278,0.507615303,0.0012,0.0,-0.002112426,0.007924815,0.3873119134006222
2014-06-20,0.515255377,0.621152891,0.0,0.809193831,0.0,0.0,-0.07046389,0.0012,0.0,0.0,0.0,0.007924815,0.0,0.0,-0.002112426,0.3873119134006222,0.3873119134006222,0.621152891,0.809193831,-0.07046389,0.0012,0.0,-0.002112426,0.007924815,0.3873119134006222
2014-06-23,-0.569647546,0.0,-1.146489089,0.0,-1.0429371,0.117412248,0.0,0.0012,0.0,0.0,0.0,0.007924815,0.0,0.0,-0.002112426,0.3873119134006222,0.3873119134006222,-1.146489089,-1.0429371,0.117412248,0.0012,0.0,-0.002112426,0.007924815,0.3873119134006222
2014-06-24,0.32591012,0.620877607,0.0,0.0,-0.178011009,0.0,-0.117412248,0.0012,0.0,0.0,0.0,0.007924815,0.0,0.0,-0.002112426,0.3873119134006222,0.3873119134006222,0.620877607,-0.178011009,-0.117412248,0.0012,0.0,-0.002112426,0.007924815,0.3873119134006222
2014-06-25,-0.217155351,0.855789692,0.0,0.374392051,0.0,0.093940824,0.0,0.0012,0.0,0.0,0.0,0.007924815,0.0,0.0,-0.002112426,0.3873119134006222,0.3873119134006222,0.855789692,0.374392051,0.093940824,0.0012,0.0,-0.002112426,0.007924815,0.3873119134006222
2014-06-26,-0.081554986,0.323848652,0.0,0.0,-0.515151235,0.0,0.0,0.0012,0.0,0.0,0.0,0.007924815,0.0,0.0,-0.002112426,0.3873119134006222,0.3873119134006222,0.323848652,-0.515151235,0.0,0.0012,0.0,-0.002112426,0.007924815,0.3873119134006222
2014-06-27,0.081554986,0.696648469,0.0,0.0,-0.028175628,0.0,0.0,0.0012,0.0,0.0,0.0,0.007924815,0.0,0.0,-0.002112426,0.3873119134006222,0.3873119134006222,0.696648469,-0.028175628,0.0,0.0012,0.0,-0.002112426,0.007924815,0.3873119134006222
2014-06-30,0.0,0.363806856,0.0,0.0,-0.367007423,0.0,0.0,0.0031,0.0,0.0,0.0,0.0,-0.040144797,0.000619379,0.0,0.3873119134006222,0.3873119134006222,0.363806856,-0.367007423,0.0,0.0031,0.0,0.000619379,-0.040144797,0.3873119134006222
2014-07-01,0.325556446,0.112339172,0.0,0.0,-0.009428181,0.0,0.0,0.0031,0.0,0.0,0.0,0.0,-0.040144797,0.000619379,0.0,-0.6561255015480199,-0.6561255015480199,0.112339172,-0.009428181,0.0,0.0031,0.0,0.000619379,-0.040144797,-0.6561255015480199
2014-07-02,-0.027089259,0.0,-0.024185468,0.0,-0.833180355,0.0,-0.046959381,0.0031,0.0,0.0,0.0,0.0,-0.040144797,0.000619379,0.0,-0.6561255015480199,-0.6561255015480199,-0.024185468,-0.833180355,-0.046959381,0.0031,0.0,0.000619379,-0.040144797,-0.6561255015480199
2014-07-03,-0.13555648,0.774477229,0.0,0.0,-0.400114852,0.0,-0.093984969,0.0031,0.0,0.0,0.0,0.0,-0.040144797,0.000619379,0.0,-0.6561255015480199,-0.6561255015480199,0.774477229,-0.400114852,-0.093984969,0.0031,0.0,0.000619379,-0.040144797,-0.6561255015480199
2014-07-04,-0.135740485,0.405492664,0.0,0.0,0.0,0.0,-0.04702563,0.0031,0.0,0.0,0.0,0.0,-0.040144797,0.000619379,0.0,-0.6561255015480199,-0.6561255015480199,0.405492664,0.0,-0.04702563,0.0031,0.0,0.000619379,-0.040144797,-0.6561255015480199
2014-07-07,-0.13592499,1.122319558,0.0,0.0,-0.545586422,0.0,-0.070579935,0.0031,0.0,0.0,0.0,0.0,-0.040144797,0.000619379,0.0,-0.6561255015480199,-0.6561255015480199,1.122319558,-0.545586422,-0.070579935,0.0031,0.0,0.000619379,-0.040144797,-0.6561255015480199
2014-07-08,0.163087832,0.0,-0.10811725,0.0,-0.124849956,0.0,-0.04708098,0.0031,0.0,0.0,0.0,0.0,-0.040144797,0.000619379,0.0,-0.6561255015480199,-0.6561255015480199,-0.10811725,-0.124849956,-0.04708098,0.0031,0.0,0.000619379,-0.040144797,-0.6561255015480199
2014-07-09,0.054303558,0.045626221,0.0,0.0,-1.091851032,0.04708098,0.0,0.0031,0.0,0.0,0.0,0.0,-0.040144797,0.000619379,0.0,-0.6561255015480199,-0.6561255015480199,0.045626221,-1.091851032,0.04708098,0.0031,0.0,0.000619379,-0.040144797,-0.6561255015480199
2014-07-10,0.325203539,0.0,-0.116641746,0.658470473,0.0,0.0,-0.330033303,0.0031,0.0,0.0,0.0,0.0,-0.040144797,0.000619379,0.0,-0.6561255015480199,-0.6561255015480199,-0.116641746,0.658470473,-0.330033303,0.0031,0.0,0.000619379,-0.040144797,-0.6561255015480199
2014-07-11,-0.081201791,0.0,-1.177384932,0.0,-2.077211553,0.0,-0.023615539,0.0031,0.0,0.0,0.0,0.0,-0.040144797,0.000619379,0.0,-0.6561255015480199,-0.6561255015480199,-1.177384932,-2.077211553,-0.023615539,0.0031,0.0,0.000619379,-0.040144797,-0.6561255015480199
2014-07-14,-0.244001748,0.0,-0.126729706,0.246051007,0.0,0.0,-0.047247816,0.0031,0.0,0.0,0.0,0.0,-0.040144797,0.000619379,0.0,-0.6561255015480199,-0.6561255015480199,-0.126729706,0.246051007,-0.047247816,0.0031,0.0,0.000619379,-0.040144797,-0.6561255015480199
2014-07-15,-0.027148093,0.800489003,0.0,0.0,-1.156768052,0.047247816,0.0,0.0031,0.0,0.0,0.0,0.0,-0.040144797,0.000619379,0.0,-0.6561255015480199,-0.6561255015480199,0.800489003,-1.156768052,0.047247816,0.0031,0.0,0.000619379,-0.040144797,-0.6561255015480199
2014-07-16,-0.21745048,1.023238782,0.0,1.304108583,0.0,0.0,0.0,0.0031,0.0,0.0,0.0,0.0,-0.040144797,0.000619379,0.0,-0.6561255015480199,-0.6561255015480199,1.023238782,1.304108583,0.0,0.0031,0.0,0.000619379,-0.040144797,-0.6561255015480199
2014-07-17,0.081599352,0.0,-0.895821013,1.905560284,0.0,0.0,0.0,0.0031,0.0,0.0,0.0,0.0,-0.040144797,0.000619379,0.0,-0.6561255015480199,-0.6561255015480199,-0.895821013,1.905560284,0.0,0.0031,0.0,0.000619379,-0.040144797,-0.6561255015480199
2014-07-18,0.108695663,0.323759277,0.0,0.0,-0.009630664,0.070829893,0.0,0.0031,0.0,0.0,0.0,0.0,-0.040144797,0.000619379,0.0,-0.6561255015480199,-0.6561255015480199,0.323759277,-0.009630664,0.070829893,0.0031,0.0,0.000619379,-0.040144797,-0.6561255015480199
2014-07-21,0.0,1.237864372,0.0,1.443826774,0.0,0.02359882,0.0,0.0031,0.0,0.0,0.0,0.0,-0.040144797,0.000619379,0.0,-0.6561255015480199,-0.6561255015480199,1.237864372,1.443826774,0.02359882,0.0031,0.0,0.000619379,-0.040144797,-0.6561255015480199
2014-07-22,-0.190295015,0.17368654,0.0,0.0,-0.714526929,0.0,0.0,0.0031,0.0,0.0,0.0,0.0,-0.040144797,0.000619379,0.0,-0.6561255015480199,-0.6561255015480199,0.17368654,-0.714526929,0.0,0.0031,0.0,0.000619379,-0.040144797,-0.6561255015480199
2014-07-23,0.054406965,0.0,-0.053409889,0.0,-0.748563956,0.04718094,0.0,0.0031,0.0,0.0,0.0,0.0,-0.040144797,0.000619379,0.0,-0.6561255015480199,-0.6561255015480199,-0.053409889,-0.748563956,0.04718094,0.0031,0.0,0.000619379,-0.040144797,-0.6561255015480199
2014-07-24,-0.16330978,0.0,-0.326084519,0.0,-1.016613296,0.04715869,0.0,0.0031,0.0,0.0,0.0,0.0,-0.040144797,0.000619379,0.0,-0.6561255015480199,-0.6561255015480199,-0.326084519,-1.016613296,0.04715869,0.0031,0.0,0.000619379,-0.040144797,-0.6561255015480199
2014-07-25,-0.109021543,1.084495499,0.0,2.375225851,0.0,0.0,-0.04715869,0.0031,0.0,0.0,0.0,0.0,-0.040144797,0.000619379,0.0,-0.6561255015480199,-0.6561255015480199,1.084495499,2.375225851,-0.04715869,0.0031,0.0,0.000619379,-0.040144797,-0.6561255015480199
2014-07-28,0.054525628,0.0,-0.733371543,0.426722946,0.0,0.0,0.0,0.0031,0.0,0.0,0.0,0.0,-0.040144797,0.000619379,0.0,-0.6561255015480199,-0.6561255015480199,-0.733371543,0.426722946,0.0,0.0031,0.0,0.000619379,-0.040144797,-0.6561255015480199
2014-07-29,0.081732739,0.0,-1.439043073,0.0,-0.731282047,0.094295151,0.0,0.0031,0.0,0.0,0.0,0.0,-0.040144797,0.000619379,0.0,-0.6561255015480199,-0.6561255015480199,-1.439043073,-0.731282047,0.094295151,0.0031,0.0,0.000619379,-0.040144797,-0.6561255015480199
2014-07-30,-0.136258367,0.098162009,0.0,0.0,-0.592735961,0.0,0.0,0.0031,0.0,0.0,0.0,0.0,-0.040144797,0.000619379,0.0,-0.6561255015480199,-0.6561255015480199,0.098162009,-0.592735961,0.0,0.0031,0.0,0.000619379,-0.040144797,-0.6561255015480199
2014-07-31,-0.656637106,0.0,-0.588721024,0.0,-5.986381245,0.0,-0.094295151,0.0048,0.0,0.0,0.0,0.050692182,0.0,0.011983863,0.0,-0.6561255015480199,-0.6561255015480199,-0.588721024,-5.986381245,-0.094295151,0.0048,0.0,0.011983863,0.050692182,-0.6561255015480199
2014-08-01,0.438236801,1.180723158,0.0,0.0,-0.377378183,0.0,0.0,0.0048,0.0,0.0,0.0,0.050692182,0.0,0.011983863,0.0,-0.6561255015480199,-0.6561255015480199,1.180723158,-0.377378183,0.0,0.0048,0.0,0.011983863,0.050692182,-0.6561255015480199
2014-08-04,0.081956022,0.0,-0.389213725,0.407914088,0.0,0.0,0.0,0.0048,0.0,0.0,0.0,0.050692182,0.0,0.011983863,0.0,-0.6561255015480199,-0.6561255015480199,-0.389213725,0.407914088,0.0,0.0048,0.0,0.011983863,0.050692182,-0.6561255015480199
2014-08-05,-0.027311211,1.359835174,0.0,0.0,-0.940702234,0.04715869,0.0,0.0048,0.0,0.0,0.0,0.050692182,0.0,0.011983863,0.0,-0.6561255015480199,-0.6561255015480199,1.359835174,-0.940702234,0.04715869,0.0048,0.0,0.011983863,0.050692182,-0.6561255015480199
2014-08-06,-0.027318672,1.23966136,0.0,0.0,-0.42209359,0.0,-0.09433963,0.0048,0.0,0.0,0.0,0.050692182,0.0,0.011983863,0.0,-0.6561255015480199,-0.6561255015480199,1.23966136,-0.42209359,-0.09433963,0.0048,0.0,0.011983863,0.050692182,-0.6561255015480199
2014-08-07,0.218340698,0.0,-0.661778649,0.42209359,0.0,0.0,-0.047203211,0.0048,0.0,0.0,0.0,0.050692182,0.0,0.011983863,0.0,-0.6561255015480199,-0.6561255015480199,-0.661778649,0.42209359,-0.047203211,0.0048,0.0,0.011983863,0.050692182,-0.6561255015480199
2014-08-08,0.16344324,0.610774609,0.0,0.276994278,0.0,0.047203211,0.0,0.0048,0.0,0.0,0.0,0.050692182,0.0,0.011983863,0.0,-0.6561255015480199,-0.6561255015480199,0.610774609,0.276994278,0.047203211,0.0048,0.0,0.011983863,0.050692182,-0.6561255015480199
2014-08-11,-0.108932473,0.0,-0.803031364,0.490547739,0.0,0.0,-0.047203211,0.0048,0.0,0.0,0.0,0.050692182,0.0,0.011983863,0.0,-0.6561255015480199,-0.6561255015480199,-0.803031364,0.490547739,-0.047203211,0.0048,0.0,0.011983863,0.050692182,-0.6561255015480199
2014-08-12,0.0,0.0,-0.071361599,0.0,-0.74699759,0.0,-0.047225503,0.0048,0.0,0.0,0.0,0.050692182,0.0,0.011983863,0.0,-0.6561255015480199,-0.6561255015480199,-0.071361599,-0.74699759,-0.047225503,0.0048,0.0,0.011983863,0.050692182,-0.6561255015480199
2014-08-13,-0.054510767,0.0,-0.096335921,0.215462044,0.0,0.023615539,0.0,0.0048,0.0,0.0,0.0,0.050692182,0.0,0.011983863,0.0,-0.6561255015480199,-0.6561255015480199,-0.096335921,0.215462044,0.023615539,0.0048,0.0,0.011983863,0.050692182,-0.6561255015480199
2014-08-14,0.081755012,0.568366941,0.0,0.0,-2.102506116,0.023609964,0.0,0.0048,0.0,0.0,0.0,0.050692182,0.0,0.011983863,0.0,-0.6561255015480199,-0.6561255015480199,0.568366941,-2.102506116,0.023609964,0.0048,0.0,0.011983863,0.050692182,-0.6561255015480199
2014-08-15,-0.109021543,0.00826139,0.0,1.825398123,0.0,0.0,0.0,0.0048,0.0,0.0,0.0,0.050692182,0.0,0.011983863,0.0,-0.6561255015480199,-0.6561255015480199,0.00826139,1.825398123,0.0,0.0048,0.0,0.011983863,0.050692182,-0.6561255015480199
2014-08-18,-0.109140529,0.066066564,0.0,0.0,-0.887793588,0.0,-0.023609964,0.0048,0.0,0.0,0.0,0.050692182,0.0,0.011983863,0.0,-0.6561255015480199,-0.6561255015480199,0.066066564,-0.887793588,-0.023609964,0.0048,0.0,0.011983863,0.050692182,-0.6561255015480199
2014-08-19,-0.081933638,0.156733379,0.0,0.0,-2.19097815,0.0,0.0,0.0048,0.0,0.0,0.0,0.050692182,0.0,0.011983863,0.0,-0.6561255015480199,-0.6561255015480199,0.156733379,-2.19097815,0.0,0.0048,0.0,0.011983863,0.050692182,-0.6561255015480199
2014-08-20,-0.109349382,0.0,-0.379883189,2.14949298,0.0,0.0,0.0,0.0048,0.0,0.0,0.0,0.050692182,0.0,0.011983863,0.0,-0.6561255015480199,-0.6561255015480199,-0.379883189,2.14949298,0.0,0.0048,0.0,0.011983863,0.050692182,-0.6561255015480199
2014-08-21,-0.273897734,0.759971017,0.0,0.0,-2.553061922,0.0,0.0,0.0048,0.0,0.0,0.0,0.050692182,0.0,0.011983863,0.0,-0.6561255015480199,-0.6561255015480199,0.759971017,-2.553061922,0.0,0.0048,0.0,0.011983863,0.050692182,-0.6561255015480199
2014-08-22,0.08224812,1.126800086,0.0,0.0,-0.383836701,0.0,0.0,0.0048,0.0,0.0,0.0,0.050692182,0.0,0.011983863,0.0,-0.6561255015480199,-0.6561255015480199,1.126800086,-0.383836701,0.0,0.0048,0.0,0.011983863,0.050692182,-0.6561255015480199
2014-08-25,-0.192017615,1.114244645,0.0,1.883653577,0.0,0.023609964,0.0,0.0048,0.0,0.0,0.0,0.050692182,0.0,0.011983863,0.0,-0.6561255015480199,-0.6561255015480199,1.114244645,1.883653577,0.023609964,0.0048,0.0,0.011983863,0.050692182,-0.6561255015480199
2014-08-26,0.109769495,0.707293482,0.0,0.408014376,0.0,0.023604391,0.0,0.0048,0.0,0.0,0.0,0.050692182,0.0,0.011983863,0.0,-0.6561255015480199,-0.6561255015480199,0.707293482,0.408014376,0.023604391,0.0048,0.0,0.011983863,0.050692182,-0.6561255015480199
2014-08-27,0.027423557,0.651644125,0.0,0.041753654,0.0,0.0,-0.070829893,0.0048,0.0,0.0,0.0,0.050692182,0.0,0.011983863,0.0,-0.6561255015480199,-0.6561255015480199,0.651644125,0.041753654,-0.070829893,0.0048,0.0,0.011983863,0.050692182,-0.6561255015480199
2014-08-28,0.082225577,0.0,-0.309398824,0.644962186,0.0,0.0,0.0,0.0048,0.0,0.0,0.0,0.050692182,0.0,0.011983863,0.0,-0.6561255015480199,-0.6561255015480199,-0.309398824,0.644962186,0.0,0.0048,0.0,0.011983863,0.050692182,-0.6561255015480199
2014-08-29,-0.054809538,0.890694788,0.0,1.461683255,0.0,0.0,0.0,0.0048,0.0,0.0,0.0,0.050692182,0.0,0.011983863,0.0,-0.6561255015480199,-0.6561255015480199,0.890694788,1.461683255,0.0,0.0048,0.0,0.011983863,0.050692182,-0.6561255015480199
2014-09-01,-2.345690035,0.0,0.0,0.0,0.0,0.0,0.0,0.0036,0.0,0.0,0.0,0.0,-0.014111694,0.0,-0.022795456,-0.6561255015480199,-0.6561255015480199,0.0,0.0,0.0,0.0036,0.0,-0.022795456,-0.014111694,-0.6561255015480199
2014-09-02,0.0,0.0,0.0,0.0,-5.179897796,0.0,0.0,0.0036,0.0,0.0,0.0,0.0,-0.014111694,0.0,-0.022795456,-0.6561255015480199,-0.6561255015480199,0.0,-5.179897796,0.0,0.0036,0.0,-0.022795456,-0.014111694,-0.6561255015480199
2014-09-03,2.197890672,0.956180086,0.0,2.738733958,0.0,0.070829893,0.0,0.0036,0.0,0.0,0.0,0.0,-0.014111694,0.0,-0.022795456,-0.6561255015480199,-0.6561255015480199,0.956180086,2.738733958,0.070829893,0.0036,0.0,-0.022795456,-0.014111694,-0.6561255015480199
2014-09-04,0.137494866,0.0,-0.292153471,0.0,-1.042059848,0.0,-0.070829893,0.0036,0.0,0.0,0.0,0.0,-0.014111694,0.0,-0.022795456,-0.6561255015480199,-0.6561255015480199,-0.292153471,-1.042059848,-0.070829893,0.0036,0.0,-0.022795456,-0.014111694,-0.6561255015480199
2014-09-05,-0.247627035,0.142277559,0.0,0.0,-1.267120185,0.0,0.0,0.0036,0.0,0.0,0.0,0.0,-0.014111694,0.0,-0.022795456,-0.6561255015480199,-0.6561255015480199,0.142277559,-1.267120185,0.0,0.0036,0.0,-0.022795456,-0.014111694,-0.6561255015480199
2014-09-08,0.082610496,0.293296518,0.0,0.0,-0.731343333,0.0,0.0,0.0036,0.0,0.0,0.0,0.0,-0.014111694,0.0,-0.022795456,-0.6561255015480199,-0.6561255015480199,0.293296518,-0.731343333,0.0,0.0036,0.0,-0.022795456,-0.014111694,-0.6561255015480199
2014-09-09,-0.330852246,0.0,-0.14654073,0.097103099,0.0,0.0,0.0,0.0036,0.0,0.0,0.0,0.0,-0.014111694,0.0,-0.022795456,-0.6561255015480199,-0.6561255015480199,-0.14654073,0.097103099,0.0,0.0036,0.0,-0.022795456,-0.014111694,-0.6561255015480199
2014-09-10,-0.276548849,0.0,-2.150925757,0.0,-1.106062024,0.0,0.0,0.0036,0.0,0.0,0.0,0.0,-0.014111694,0.0,-0.022795456,-0.6561255015480199,-0.6561255015480199,-2.150925757,-1.106062024,0.0,0.0036,0.0,-0.022795456,-0.014111694,-0.6561255015480199
2014-09-11,-0.166297156,0.385007476,0.0,1.278457283,0.0,0.047225503,0.0,0.0036,0.0,0.0,0.0,0.0,-0.014111694,0.0,-0.022795456,-0.6561255015480199,-0.6561255015480199,0.385007476,1.278457283,0.047225503,0.0036,0.0,-0.022795456,-0.014111694,-0.6561255015480199
2014-09-12,-0.194363521,0.244235221,0.0,0.0,-0.767281011,0.0,-0.047225503,0.0036,0.0,0.0,0.0,0.0,-0.014111694,0.0,-0.022795456,-0.6561255015480199,-0.6561255015480199,0.244235221,-0.767281011,-0.047225503,0.0036,0.0,-0.022795456,-0.014111694,-0.6561255015480199
2014-09-15,0.055570993,0.0,0.0,0.73497953,0.0,0.0,0.0,0.0036,0.0,0.0,0.0,0.0,-0.014111694,0.0,-0.022795456,-0.6561255015480199,-0.6561255015480199,0.0,0.73497953,0.0,0.0036,0.0,-0.022795456,-0.014111694,-0.6561255015480199
2014-09-16,0.277392688,0.0,-0.37293639,2.183609155,0.0,0.0,0.0,0.0036,0.0,0.0,0.0,0.0,-0.014111694,0.0,-0.022795456,-0.6561255015480199,-0.6561255015480199,-0.37293639,2.183609155,0.0,0.0036,0.0,-0.022795456,-0.014111694,-0.6561255015480199
2014-09-17,-0.027704668,0.244549373,0.0,0.0,-0.612980148,0.023615539,0.0,0.0036,0.0,0.0,0.0,0.0,-0.014111694,0.0,-0.022795456,-0.6561255015480199,-0.6561255015480199,0.244549373,-0.612980148,0.023615539,0.0036,0.0,-0.022795456,-0.014111694,-0.6561255015480199
2014-09-18,-0.24968802,0.0,-0.725863554,0.0,-1.344737446,0.070813174,0.0,0.0036,0.0,0.0,0.0,0.0,-0.014111694,0.0,-0.022795456,-0.6561255015480199,-0.6561255015480199,-0.725863554,-1.344737446,0.070813174,0.0036,0.0,-0.022795456,-0.014111694,-0.6561255015480199
2014-09-19,0.277392688,0.0,-1.595885621,0.0,-0.690029692,0.0,-0.047203211,0.0036,0.0,0.0,0.0,0.0,-0.014111694,0.0,-0.022795456,-0.6561255015480199,-0.6561255015480199,-1.595885621,-0.690029692,-0.047203211,0.0036,0.0,-0.022795456,-0.014111694,-0.6561255015480199
2014-09-22,-0.49986219,0.272342801,0.0,0.0,-1.054988305,0.047203211,0.0,0.0036,0.0,0.0,0.0,0.0,-0.014111694,0.0,-0.022795456,-0.6561255015480199,-0.6561255015480199,0.272342801,-1.054988305,0.047203211,0.0036,0.0,-0.022795456,-0.014111694,-0.6561255015480199
2014-09-23,0.166898509,0.0,-0.969538934,0.098355289,0.0,0.04718094,0.0,0.0036,0.0,0.0,0.0,0.0,-0.014111694,0.0,-0.022795456,-0.6561255015480199,-0.6561255015480199,-0.969538934,0.098355289,0.04718094,0.0036,0.0,-0.022795456,-0.014111694,-0.6561255015480199
2014-09-24,-0.027797081,0.0,-0.366834665,2.214511236,0.0,0.0,-0.04718094,0.0036,0.0,0.0,0.0,0.0,-0.014111694,0.0,-0.022795456,-0.6561255015480199,-0.6561255015480199,-0.366834665,2.214511236,-0.04718094,0.0036,0.0,-0.022795456,-0.014111694,-0.6561255015480199
2014-09-25,-0.166944947,0.0,-1.151789902,0.0,-0.010684331,0.0,0.0,0.0036,0.0,0.0,0.0,0.0,-0.014111694,0.0,-0.022795456,-0.6561255015480199,-0.6561255015480199,-1.151789902,-0.010684331,0.0,0.0036,0.0,-0.022795456,-0.014111694,-0.6561255015480199
2014-09-26,0.166944947,1.035234989,0.0,2.072613052,0.0,0.0,0.0,0.0036,0.0,0.0,0.0,0.0,-0.014111694,0.0,-0.022795456,-0.6561255015480199,-0.6561255015480199,1.035234989,2.072613052,0.0,0.0036,0.0,-0.022795456,-0.014111694,-0.6561255015480199
2014-09-29,-0.166944947,0.0,-0.621176297,0.0,-1.073242625,0.141476091,0.0,0.0036,0.0,0.0,0.0,0.0,-0.014111694,0.0,-0.022795456,-0.6561255015480199,-0.6561255015480199,-0.621176297,-1.073242625,0.141476091,0.0036,0.0,-0.022795456,-0.014111694,-0.6561255015480199
2014-09-30,2.039762009,0.0,-1.309295939,0.0,-3.619134884,0.0,-0.141476091,0.0035,0.0,0.0,0.0,0.0,-0.010339633,0.017128868,0.0,-0.6561255015480199,-0.6561255015480199,-1.309295939,-3.619134884,-0.141476091,0.0035,0.0,0.017128868,-0.010339633,-0.6561255015480199
2014-10-01,-2.345690035,1.056095635,0.0,0.0,-0.472762136,0.0,0.0,0.0035,0.0,0.0,0.0,0.0,-0.010339633,0.017128868,0.0,-0.3793298772956186,-0.3793298772956186,1.056095635,-0.472762136,0.0,0.0035,0.0,0.017128868,-0.010339633,-0.3793298772956186
2014-10-02,1.323776548,1.468860964,0.0,0.308098835,0.0,0.212139149,0.0,0.0035,0.0,0.0,0.0,0.0,-0.010339633,0.017128868,0.0,-0.3793298772956186,-0.3793298772956186,1.468860964,0.308098835,0.212139149,0.0035,0.0,0.017128868,-0.010339633,-0.3793298772956186
2014-10-03,-0.02798377,0.154999582,0.0,0.0,-1.393982081,0.0,-0.212139149,0.0035,0.0,0.0,0.0,0.0,-0.010339633,0.017128868,0.0,-0.3793298772956186,-0.3793298772956186,0.154999582,-1.393982081,-0.212139149,0.0035,0.0,0.017128868,-0.010339633,-0.3793298772956186
2014-10-06,-0.224152518,0.0,-0.207264107,0.633018939,0.0,0.329800063,0.0,0.0035,0.0,0.0,0.0,0.0,-0.010339633,0.017128868,0.0,-0.3793298772956186,-0.3793298772956186,-0.207264107,0.633018939,0.329800063,0.0035,0.0,0.017128868,-0.010339633,-0.3793298772956186
2014-10-07,0.168161475,0.33434756,0.0,0.0,-1.606998091,0.0,0.0,0.0035,0.0,0.0,0.0,0.0,-0.010339633,0.017128868,0.0,-0.3793298772956186,-0.3793298772956186,0.33434756,-1.606998091,0.0,0.0035,0.0,0.017128868,-0.010339633,-0.3793298772956186
2014-10-08,0.195831647,0.143182582,0.0,0.0,-1.816374151,0.0,-0.094117654,0.0035,0.0,0.0,0.0,0.0,-0.010339633,0.017128868,0.0,-0.3793298772956186,-0.3793298772956186,0.143182582,-1.816374151,-0.094117654,0.0035,0.0,0.017128868,-0.010339633,-0.3793298772956186
2014-10-09,0.167551003,1.165463491,0.0,0.0,-1.768321142,0.0,-0.25928123,0.0035,0.0,0.0,0.0,0.0,-0.010339633,0.017128868,0.0,-0.3793298772956186,-0.3793298772956186,1.165463491,-1.768321142,-0.25928123,0.0035,0.0,0.017128868,-0.010339633,-0.3793298772956186
2014-10-10,-0.11166947,0.378551372,0.0,0.128182736,0.0,0.165074911,0.0,0.0035,0.0,0.0,0.0,0.0,-0.010339633,0.017128868,0.0,-0.3793298772956186,-0.3793298772956186,0.378551372,0.128182736,0.165074911,0.0035,0.0,0.017128868,-0.010339633,-0.3793298772956186
2014-10-13,0.0,0.0,-1.422145865,0.0,-0.163170199,0.0,-0.141476091,0.0035,0.0,0.0,0.0,0.0,-0.010339633,0.017128868,0.0,-0.3793298772956186,-0.3793298772956186,-1.422145865,-0.163170199,-0.141476091,0.0035,0.0,0.017128868,-0.010339633,-0.3793298772956186
2014-10-14,-2.259983192,0.0,-0.255282616,0.0,-4.790405274,0.023593252,0.0,0.0035,0.0,0.0,0.0,0.0,-0.010339633,0.017128868,0.0,-0.3793298772956186,-0.3793298772956186,-0.255282616,-4.790405274,0.023593252,0.0035,0.0,0.017128868,-0.010339633,-0.3793298772956186
2014-10-15,2.092244824,0.0,-1.722609204,0.122294255,0.0,0.094317385,0.0,0.0035,0.0,0.0,0.0,0.0,-0.010339633,0.017128868,0.0,-0.3793298772956186,-0.3793298772956186,-1.722609204,0.122294255,0.094317385,0.0035,0.0,0.017128868,-0.010339633,-0.3793298772956186
2014-10-16,0.363078181,0.0,-0.102747681,0.621384881,0.0,0.0,-0.070729698,0.0035,0.0,0.0,0.0,0.0,-0.010339633,0.017128868,0.0,-0.3793298772956186,-0.3793298772956186,-0.102747681,0.621384881,-0.070729698,0.0035,0.0,0.017128868,-0.010339633,-0.3793298772956186
2014-10-17,0.027874565,0.0,-2.625739843,0.569250008,0.0,0.094295151,0.0,0.0035,0.0,0.0,0.0,0.0,-0.010339633,0.017128868,0.0,-0.3793298772956186,-0.3793298772956186,-2.625739843,0.569250008,0.094295151,0.0035,0.0,0.017128868,-0.010339633,-0.3793298772956186
2014-10-20,-0.167364056,0.153079478,0.0,0.0,-0.048320851,0.0,0.0,0.0035,0.0,0.0,0.0,0.0,-0.010339633,0.017128868,0.0,-0.3793298772956186,-0.3793298772956186,0.153079478,-0.048320851,0.0,0.0035,0.0,0.017128868,-0.010339633,-0.3793298772956186
2014-10-21,0.111607154,0.303763332,0.0,0.590327598,0.0,0.094206319,0.0,0.0035,0.0,0.0,0.0,0.0,-0.010339633,0.017128868,0.0,-0.3793298772956186,-0.3793298772956186,0.303763332,0.590327598,0.094206319,0.0035,0.0,0.017128868,-0.010339633,-0.3793298772956186
2014-10-22,-0.167457477,1.696892301,0.0,0.0,-3.334252809,0.0,-0.094206319,0.0035,0.0,0.0,0.0,0.0,-0.010339633,0.017128868,0.0,-0.3793298772956186,-0.3793298772956186,1.696892301,-3.334252809,-0.094206319,0.0035,0.0,0.017128868,-0.010339633,-0.3793298772956186
2014-10-23,-0.11179431,0.0,-0.276925307,2.804322627,0.0,0.094206319,0.0,0.0035,0.0,0.0,0.0,0.0,-0.010339633,0.017128868,0.0,-0.3793298772956186,-0.3793298772956186,-0.276925307,2.804322627,0.094206319,0.0035,0.0,0.017128868,-0.010339633,-0.3793298772956186
2014-10-24,-0.19594128,0.0,-0.998942218,0.0,-1.877188228,0.0470699,0.0,0.0035,0.0,0.0,0.0,0.0,-0.010339633,0.017128868,0.0,-0.3793298772956186,-0.3793298772956186,-0.998942218,-1.877188228,0.0470699,0.0035,0.0,0.017128868,-0.010339633,-0.3793298772956186
2014-10-27,0.0,0.0,-0.393917618,0.0,-0.012305421,0.047047754,0.0,0.0035,0.0,0.0,0.0,0.0,-0.010339633,0.017128868,0.0,-0.3793298772956186,-0.3793298772956186,-0.393917618,-0.012305421,0.047047754,0.0035,0.0,0.017128868,-0.010339633,-0.3793298772956186
2014-10-28,-0.056053813,0.0,-1.80502294,0.122986118,0.0,0.0,-0.094117654,0.0035,0.0,0.0,0.0,0.0,-0.010339633,0.017128868,0.0,-0.3793298772956186,-0.3793298772956186,-1.80502294,0.122986118,-0.094117654,0.0035,0.0,0.017128868,-0.010339633,-0.3793298772956186
2014-10-29,0.0,1.043231095,0.0,1.087963791,0.0,0.023537719,0.0,0.0035,0.0,0.0,0.0,0.0,-0.010339633,0.017128868,0.0,-0.3793298772956186,-0.3793298772956186,1.043231095,1.087963791,0.023537719,0.0035,0.0,0.017128868,-0.010339633,-0.3793298772956186
2014-10-30,-0.336984312,1.357981723,0.0,0.0,-1.457376845,0.0,-0.117744038,0.0035,0.0,0.0,0.0,0.0,-0.010339633,0.017128868,0.0,-0.3793298772956186,-0.3793298772956186,1.357981723,-1.457376845,-0.117744038,0.0035,0.0,0.017128868,-0.010339633,-0.3793298772956186
2014-10-31,0.0,0.0,-0.462455887,0.0,-0.655983539,0.164802862,0.0,0.0063,0.0,0.0,0.0,0.0,-0.055383506,0.0,-0.001156238,-0.3793298772956186,-0.3793298772956186,-0.462455887,-0.655983539,0.164802862,0.0063,0.0,-0.001156238,-0.055383506,-0.3793298772956186
2014-11-03,-0.479346752,2.062757306,0.0,0.0,-2.209757209,0.07054674,0.0,0.0063,0.0,0.0,0.0,0.0,-0.055383506,0.0,-0.001156238,-0.3793298772956186,-0.3793298772956186,2.062757306,-2.209757209,0.07054674,0.0063,0.0,-0.001156238,-0.055383506,-0.3793298772956186
2014-11-04,-0.084829639,0.0,-0.313695807,0.0,-2.078063491,0.0,-0.094073384,0.0063,0.0,0.0,0.0,0.0,-0.055383506,0.0,-0.001156238,-0.3793298772956186,-0.3793298772956186,-0.313695807,-2.078063491,-0.094073384,0.0063,0.0,-0.001156238,-0.055383506,-0.3793298772956186
2014-11-05,-0.823751285,0.0,-0.318018234,2.001863335,0.0,0.0,-0.10358304,0.0063,0.0,0.0,0.0,0.0,-0.055383506,0.0,-0.001156238,-0.3793298772956186,-0.3793298772956186,-0.318018234,2.001863335,-0.10358304,0.0063,0.0,-0.001156238,-0.055383506,-0.3793298772956186
2014-11-06,-0.199857311,0.0,-0.036695412,0.0,-1.072944257,0.150630795,0.0,0.0063,0.0,0.0,0.0,0.0,-0.055383506,0.0,-0.001156238,-0.3793298772956186,-0.3793298772956186,-0.036695412,-1.072944257,0.150630795,0.0063,0.0,-0.001156238,-0.055383506,-0.3793298772956186
2014-11-07,-0.11438377,0.0,-0.175322931,1.072944257,0.0,0.04702563,0.0,0.0063,0.0,0.0,0.0,0.0,-0.055383506,0.0,-0.001156238,-0.3793298772956186,-0.3793298772956186,-0.175322931,1.072944257,0.04702563,0.0063,0.0,-0.001156238,-0.055383506,-0.3793298772956186
2014-11-10,0.712761392,0.886809409,0.0,0.0,-1.639590976,0.0,-0.400424513,0.0063,0.0,0.0,0.0,0.0,-0.055383506,0.0,-0.001156238,-0.3793298772956186,-0.3793298772956186,0.886809409,-1.639590976,-0.400424513,0.0063,0.0,-0.001156238,-0.055383506,-0.3793298772956186
2014-11-11,-0.455581654,0.0,-0.033134526,0.540959588,0.0,0.400424513,0.0,0.0063,0.0,0.0,0.0,0.0,-0.055383506,0.0,-0.001156238,-0.3793298772956186,-0.3793298772956186,-0.033134526,0.540959588,0.400424513,0.0063,0.0,-0.001156238,-0.055383506,-0.3793298772956186
2014-11-12,0.284981669,0.320942589,0.0,0.0,-0.890271024,0.0,0.0,0.0063,0.0,0.0,0.0,0.0,-0.055383506,0.0,-0.001156238,-0.3793298772956186,-0.3793298772956186,0.320942589,-0.890271024,0.0,0.0063,0.0,-0.001156238,-0.055383506,-0.3793298772956186
2014-11-13,0.0,0.0,-0.023126353,0.0,-4.006087937,0.093984969,0.0,0.0063,0.0,0.0,0.0,0.0,-0.055383506,0.0,-0.001156238,-0.3793298772956186,-0.3793298772956186,-0.023126353,-4.006087937,0.093984969,0.0063,0.0,-0.001156238,-0.055383506,-0.3793298772956186
2014-11-14,-0.028461648,0.0,-0.611480806,2.372811936,0.0,0.0,0.0,0.0063,0.0,0.0,0.0,0.0,-0.055383506,0.0,-0.001156238,-0.3793298772956186,-0.3793298772956186,-0.611480806,2.372811936,0.0,0.0063,0.0,-0.001156238,-0.055383506,-0.3793298772956186
2014-11-17,0.567699509,0.131228165,0.0,0.0,-0.356318424,0.093896721,0.0,0.0063,0.0,0.0,0.0,0.0,-0.055383506,0.0,-0.001156238,-0.3793298772956186,-0.3793298772956186,0.131228165,-0.356318424,0.093896721,0.0063,0.0,-0.001156238,-0.055383506,-0.3793298772956186
2014-11-18,0.197935877,0.0,-0.255971418,0.0,-1.451520258,0.210945818,0.0,0.0063,0.0,0.0,0.0,0.0,-0.055383506,0.0,-0.001156238,-0.3793298772956186,-0.3793298772956186,-0.255971418,-1.451520258,0.210945818,0.0063,0.0,-0.001156238,-0.055383506,-0.3793298772956186
2014-11-19,0.0,0.0,-1.000225777,0.0,0.0,0.0,-0.351823982,0.0063,0.0,0.0,0.0,0.0,-0.055383506,0.0,-0.001156238,-0.3793298772956186,-0.3793298772956186,-1.000225777,0.0,-0.351823982,0.0063,0.0,-0.001156238,-0.055383506,-0.3793298772956186
2014-11-20,-0.169635325,0.0,-0.456594871,1.438298866,0.0,0.07046389,0.0,0.0063,0.0,0.0,0.0,0.0,-0.055383506,0.0,-0.001156238,-0.3793298772956186,-0.3793298772956186,-0.456594871,1.438298866,0.07046389,0.0063,0.0,-0.001156238,-0.055383506,-0.3793298772956186
2014-11-21,0.113122184,0.428013595,0.0,1.16991147,0.0,0.234521683,0.0,0.0063,0.0,0.0,0.0,0.0,-0.055383506,0.0,-0.001156238,-0.3793298772956186,-0.3793298772956186,0.428013595,1.16991147,0.234521683,0.0063,0.0,-0.001156238,-0.055383506,-0.3793298772956186
2014-11-24,0.056513141,0.0,-1.632530175,0.0,-1.02457221,0.0,-0.281492093,0.0063,0.0,0.0,0.0,0.0,-0.055383506,0.0,-0.001156238,-0.3793298772956186,-0.3793298772956186,-1.632530175,-1.02457221,-0.281492093,0.0063,0.0,-0.001156238,-0.055383506,-0.3793298772956186
2014-11-25,-0.056513141,0.0,-0.265272573,0.0,-2.270093477,0.398547005,0.0,0.0063,0.0,0.0,0.0,0.0,-0.055383506,0.0,-0.001156238,-0.3793298772956186,-0.3793298772956186,-0.265272573,-2.270093477,0.398547005,0.0063,0.0,-0.001156238,-0.055383506,-0.3793298772956186
2014-11-26,-0.028268551,0.691654267,0.0,0.0,-0.460268851,0.046783627,0.0,0.0063,0.0,0.0,0.0,0.0,-0.055383506,0.0,-0.001156238,-0.3793298772956186,-0.3793298772956186,0.691654267,-0.460268851,0.046783627,0.0063,0.0,-0.001156238,-0.055383506,-0.3793298772956186
2014-11-27,-0.368220215,0.0,-2.052994166,0.0,0.0,0.04676175,0.0,0.0063,0.0,0.0,0.0,0.0,-0.055383506,0.0,-0.001156238,-0.3793298772956186,-0.3793298772956186,-2.052994166,0.0,0.04676175,0.0063,0.0,-0.001156238,-0.055383506,-0.3793298772956186
2014-11-28,-0.312633479,0.0,-0.802320556,0.0,-6.814898374,0.0,-0.421645038,0.0063,0.0,0.0,0.0,0.0,-0.055383506,0.0,-0.001156238,-0.3793298772956186,-0.3793298772956186,-0.802320556,-6.814898374,-0.421645038,0.0063,0.0,-0.001156238,-0.055383506,-0.3793298772956186
2014-12-01,0.028461648,0.0,-0.847656448,4.507136987,0.0,0.421645038,0.0,0.0018,0.0,0.0,0.0,0.0,-0.001971689,0.0,-0.006223126,-0.3793298772956186,-0.3793298772956186,-0.847656448,4.507136987,0.421645038,0.0018,0.0,-0.006223126,-0.001971689,-0.3793298772956186
2014-12-02,0.284171831,0.742529761,0.0,0.0,-2.927325299,0.0,-0.093545376,0.0018,0.0,0.0,0.0,0.0,-0.001971689,0.0,-0.006223126,-0.3793298772956186,-0.3793298772956186,0.742529761,-2.927325299,-0.093545376,0.0018,0.0,-0.006223126,-0.001971689,-0.3793298772956186
2014-12-03,0.0,0.007011885,0.0,0.461688213,0.0,0.0,-0.140482346,0.0018,0.0,0.0,0.0,0.0,-0.001971689,0.0,-0.006223126,-0.3793298772956186,-0.3793298772956186,0.007011885,0.461688213,-0.140482346,0.0018,0.0,-0.006223126,-0.001971689,-0.3793298772956186
2014-12-04,-0.08516679,1.072270127,0.0,0.0,-0.850560974,0.0,-0.187617316,0.0018,0.0,0.0,0.0,0.0,-0.001971689,0.0,-0.006223126,-0.3793298772956186,-0.3793298772956186,1.072270127,-0.850560974,-0.187617316,0.0018,0.0,-0.006223126,-0.001971689,-0.3793298772956186
2014-12-05,-0.085239386,0.347970955,0.0,0.0,-1.266794199,0.04693734,0.0,0.0018,0.0,0.0,0.0,0.0,-0.001971689,0.0,-0.006223126,-0.3793298772956186,-0.3793298772956186,0.347970955,-1.266794199,0.04693734,0.0018,0.0,-0.006223126,-0.001971689,-0.3793298772956186
2014-12-08,-0.085312105,0.0,-0.207598165,0.0,-4.279059255,0.0,-0.04693734,0.0018,0.0,0.0,0.0,0.0,-0.001971689,0.0,-0.006223126,-0.3793298772956186,-0.3793298772956186,-0.207598165,-4.279059255,-0.04693734,0.0018,0.0,-0.006223126,-0.001971689,-0.3793298772956186
2014-12-09,0.085312105,0.0,-1.727568969,0.961621661,0.0,0.187617316,0.0,0.0018,0.0,0.0,0.0,0.0,-0.001971689,0.0,-0.006223126,-0.3793298772956186,-0.3793298772956186,-1.727568969,0.961621661,0.187617316,0.0018,0.0,-0.006223126,-0.001971689,-0.3793298772956186
2014-12-10,0.340522463,0.0,-3.144693727,0.0,-4.410239268,0.0,0.0,0.0018,0.0,0.0,0.0,0.0,-0.001971689,0.0,-0.006223126,-0.3793298772956186,-0.3793298772956186,-3.144693727,-4.410239268,0.0,0.0018,0.0,-0.006223126,-0.001971689,-0.3793298772956186
2014-12-11,-0.170116287,0.0,-0.036371572,0.0,-1.619870131,0.0,0.0,0.0018,0.0,0.0,0.0,0.0,-0.001971689,0.0,-0.006223126,-0.3793298772956186,-0.3793298772956186,-0.036371572,-1.619870131,0.0,0.0018,0.0,-0.006223126,-0.001971689,-0.3793298772956186
2014-12-12,0.113443007,0.0,-0.380876475,0.0,-3.734944391,0.140482346,0.0,0.0018,0.0,0.0,0.0,0.0,-0.001971689,0.0,-0.006223126,-0.3793298772956186,-0.3793298772956186,-0.380876475,-3.734944391,0.140482346,0.0018,0.0,-0.006223126,-0.001971689,-0.3793298772956186
2014-12-15,-0.056705417,0.56623334,0.0,0.0,-3.25246213,0.0,0.0,0.0018,0.0,0.0,0.0,0.0,-0.001971689,0.0,-0.006223126,-0.3793298772956186,-0.3793298772956186,0.56623334,-3.25246213,0.0,0.0018,0.0,-0.006223126,-0.001971689,-0.3793298772956186
2014-12-16,-0.14190438,0.0,-0.998065085,0.017868311,0.0,0.0,-0.046805524,0.0018,0.0,0.0,0.0,0.0,-0.001971689,0.0,-0.006223126,-0.3793298772956186,-0.3793298772956186,-0.998065085,0.017868311,-0.046805524,0.0018,0.0,-0.006223126,-0.001971689,-0.3793298772956186
2014-12-17,-0.113668668,0.0,-1.861982352,0.818509908,0.0,0.046805524,0.0,0.0018,0.0,0.0,0.0,0.0,-0.001971689,0.0,-0.006223126,-0.3793298772956186,-0.3793298772956186,-1.861982352,0.818509908,0.046805524,0.0018,0.0,-0.006223126,-0.001971689,-0.3793298772956186
2014-12-18,0.170454587,0.0,-2.145137864,0.0,-4.068909532,0.0,0.0,0.0018,0.0,0.0,0.0,0.0,-0.001971689,0.0,-0.006223126,-0.3793298772956186,-0.3793298772956186,-2.145137864,-4.068909532,0.0,0.0018,0.0,-0.006223126,-0.001971689,-0.3793298772956186
2014-12-19,0.056753691,0.703746057,0.0,4.915923596,0.0,0.0,0.0,0.0018,0.0,0.0,0.0,0.0,-0.001971689,0.0,-0.006223126,-0.3793298772956186,-0.3793298772956186,0.703746057,4.915923596,0.0,0.0018,0.0,-0.006223126,-0.001971689,-0.3793298772956186
2014-12-22,-0.141944665,0.0,-0.056876352,0.0,-2.960273222,0.0,-0.023400024,0.0018,0.0,0.0,0.0,0.0,-0.001971689,0.0,-0.006223126,-0.3793298772956186,-0.3793298772956186,-0.056876352,-2.960273222,-0.023400024,0.0018,0.0,-0.006223126,-0.001971689,-0.3793298772956186
2014-12-23,-0.227531384,1.56176734,0.0,2.731581065,0.0,0.0,0.0,0.0018,0.0,0.0,0.0,0.0,-0.001971689,0.0,-0.006223126,-0.3793298772956186,-0.3793298772956186,1.56176734,2.731581065,0.0,0.0018,0.0,-0.006223126,-0.001971689,-0.3793298772956186
2014-12-24,-0.028477859,0.90143445,0.0,0.0,-1.920400411,0.023400024,0.0,0.0018,0.0,0.0,0.0,0.0,-0.001971689,0.0,-0.006223126,-0.3793298772956186,-0.3793298772956186,0.90143445,-1.920400411,0.023400024,0.0018,0.0,-0.006223126,-0.001971689,-0.3793298772956186
2014-12-25,-0.028485971,0.0,-0.78947534,0.0,0.0,0.0,0.0,0.0018,0.0,0.0,0.0,0.0,-0.001971689,0.0,-0.006223126,-0.3793298772956186,-0.3793298772956186,-0.78947534,0.0,0.0,0.0018,0.0,-0.006223126,-0.001971689,-0.3793298772956186
2014-12-26,0.142348778,0.0,-0.818318316,0.0,-2.012943114,0.0,0.0,0.0018,0.0,0.0,0.0,0.0,-0.001971689,0.0,-0.006223126,-0.3793298772956186,-0.3793298772956186,-0.818318316,-2.012943114,0.0,0.0018,0.0,-0.006223126,-0.001971689,-0.3793298772956186
2014-12-29,0.0,0.510128638,0.0,0.0,-2.091700508,0.0,-0.328099662,0.0018,0.0,0.0,0.0,0.0,-0.001971689,0.0,-0.006223126,-0.3793298772956186,-0.3793298772956186,0.510128638,-2.091700508,-0.328099662,0.0018,0.0,-0.006223126,-0.001971689,-0.3793298772956186
2014-12-30,-0.142348778,0.0,-0.655013931,1.263957348,0.0,0.374883288,0.0,0.0018,0.0,0.0,0.0,0.0,-0.001971689,0.0,-0.006223126,-0.3793298772956186,-0.3793298772956186,-0.655013931,1.263957348,0.374883288,0.0018,0.0,-0.006223126,-0.001971689,-0.3793298772956186
2014-12-31,0.766287275,1.426499039,0.0,0.0,-1.282664672,0.0,-0.046783627,0.0,-0.0043,0.0,0.0,0.0,-0.012834728,0.00898705,0.0,-0.3793298772956186,-0.3793298772956186,1.426499039,-1.282664672,-0.046783627,-0.0043,0.0,0.00898705,-0.012834728,-0.3793298772956186
2015-01-01,-0.623938496,0.0,0.0,0.0,0.0,0.0,0.0,0.0,-0.0043,0.0,0.0,0.0,-0.012834728,0.00898705,0.0,0.03136926366764525,0.03136926366764525,0.0,0.0,0.0,-0.0043,0.0,0.00898705,-0.012834728,0.0313692636676452
2015-01-02,0.0,0.0,0.0,0.0,-1.375174728,0.0,0.0,0.0,-0.0043,0.0,0.0,0.0,-0.012834728,0.00898705,0.0,0.03136926366764525,0.03136926366764525,0.0,-1.375174728,0.0,-0.0043,0.0,0.00898705,-0.012834728,0.0313692636676452
2015-01-05,0.028445456,1.137005124,0.0,0.0,-5.197238443,0.0,0.0,0.0,-0.0043,0.0,0.0,0.0,-0.012834728,0.00898705,0.0,0.03136926366764525,0.03136926366764525,1.137005124,-5.197238443,0.0,-0.0043,0.0,0.00898705,-0.012834728,0.0313692636676452
2015-01-06,0.227272825,0.0,-1.066489803,0.0,-4.223824835,0.233699569,0.0,0.0,-0.0043,0.0,0.0,0.0,-0.012834728,0.00898705,0.0,0.03136926366764525,0.03136926366764525,-1.066489803,-4.223824835,0.233699569,-0.0043,0.0,0.00898705,-0.012834728,0.0313692636676452
2015-01-07,0.085094318,1.721390159,0.0,1.468941278,0.0,0.0,0.0,0.0,-0.0043,0.0,0.0,0.0,-0.012834728,0.00898705,0.0,0.03136926366764525,0.03136926366764525,1.721390159,1.468941278,0.0,-0.0043,0.0,0.00898705,-0.012834728,0.0313692636676452
2015-01-08,-0.227079291,0.916580065,0.0,0.225664266,0.0,0.0,-0.280505093,0.0,-0.0043,0.0,0.0,0.0,-0.012834728,0.00898705,0.0,0.03136926366764525,0.03136926366764525,0.916580065,0.225664266,-0.280505093,-0.0043,0.0,0.00898705,-0.012834728,0.0313692636676452
2015-01-09,0.0,0.0,0.0,0.0,-0.926409096,0.0,-0.093676822,0.0,-0.0043,0.0,0.0,0.0,-0.012834728,0.00898705,0.0,0.03136926366764525,0.03136926366764525,0.0,-0.926409096,-0.093676822,-0.0043,0.0,0.00898705,-0.012834728,0.0313692636676452
2015-01-12,0.170357792,3.540507138,0.0,0.0,-4.852132751,0.0,-0.117219566,0.0,-0.0043,0.0,0.0,0.0,-0.012834728,0.00898705,0.0,0.03136926366764525,0.03136926366764525,3.540507138,-4.852132751,-0.117219566,-0.0043,0.0,0.00898705,-0.012834728,0.0313692636676452
2015-01-13,0.226693211,0.0,-0.452520962,0.0,-0.304414238,0.0,0.0,0.0,-0.0043,0.0,0.0,0.0,-0.012834728,0.00898705,0.0,0.03136926366764525,0.03136926366764525,-0.452520962,-0.304414238,0.0,-0.0043,0.0,0.00898705,-0.012834728,0.0313692636676452
2015-01-14,-0.169971712,1.129210719,0.0,5.445683911,0.0,0.0,-0.023460411,0.0,-0.0043,0.0,0.0,0.0,-0.012834728,0.00898705,0.0,0.03136926366764525,0.03136926366764525,1.129210719,5.445683911,-0.023460411,-0.0043,0.0,0.00898705,-0.012834728,0.0313692636676452
2015-01-15,0.056689344,0.0,-0.252141609,0.0,-4.470489271,0.046915319,0.0,0.0,-0.0043,0.0,0.0,0.0,-0.012834728,0.00898705,0.0,0.03136926366764525,0.03136926366764525,-0.252141609,-4.470489271,0.046915319,-0.0043,0.0,0.00898705,-0.012834728,0.0313692636676452
2015-01-16,0.367699467,0.0,-0.247578447,4.470489271,0.0,0.0,-0.023454908,0.0,-0.0043,0.0,0.0,0.0,-0.012834728,0.00898705,0.0,0.03136926366764525,0.03136926366764525,-0.247578447,4.470489271,-0.023454908,-0.0043,0.0,0.00898705,-0.012834728,0.0313692636676452
2015-01-19,0.366352389,0.076243289,0.0,0.0,0.0,0.070348227,0.0,0.0,-0.0043,0.0,0.0,0.0,-0.012834728,0.00898705,0.0,0.03136926366764525,0.03136926366764525,0.076243289,0.0,0.070348227,-0.0043,0.0,0.00898705,-0.012834728,0.0313692636676452
2015-01-20,-0.028133352,0.0,-1.139285905,0.0,-3.568808624,0.0,0.0,0.0,-0.0043,0.0,0.0,0.0,-0.012834728,0.00898705,0.0,0.03136926366764525,0.03136926366764525,-1.139285905,-3.568808624,0.0,-0.0043,0.0,0.00898705,-0.012834728,0.0313692636676452
2015-01-21,0.700970205,0.482383486,0.0,2.240161302,0.0,0.093720719,0.0,0.0,-0.0043,0.0,0.0,0.0,-0.012834728,0.00898705,0.0,0.03136926366764525,0.03136926366764525,0.482383486,2.240161302,0.093720719,-0.0043,0.0,0.00898705,-0.012834728,0.0313692636676452
2015-01-22,-0.307821707,0.0,-0.664756489,0.0,-4.095261956,0.0,-0.093720719,0.0,-0.0043,0.0,0.0,0.0,-0.012834728,0.00898705,0.0,0.03136926366764525,0.03136926366764525,-0.664756489,-4.095261956,-0.093720719,-0.0043,0.0,0.00898705,-0.012834728,0.0313692636676452
2015-01-23,-0.028030834,1.477430268,0.0,0.0,-1.469485813,0.0,-0.046893319,0.0,-0.0043,0.0,0.0,0.0,-0.012834728,0.00898705,0.0,0.03136926366764525,0.03136926366764525,1.477430268,-1.469485813,-0.046893319,-0.0043,0.0,0.00898705,-0.012834728,0.0313692636676452
2015-01-26,-0.590469872,1.146937627,0.0,0.0,-1.021550078,0.0,0.0,0.0,-0.0043,0.0,0.0,0.0,-0.012834728,0.00898705,0.0,0.03136926366764525,0.03136926366764525,1.146937627,-1.021550078,0.0,-0.0043,0.0,0.00898705,-0.012834728,0.0313692636676452
2015-01-27,-0.169348051,0.0,-1.005223555,2.294893299,0.0,0.0,0.0,0.0,-0.0043,0.0,0.0,0.0,-0.012834728,0.00898705,0.0,0.03136926366764525,0.03136926366764525,-1.005223555,2.294893299,0.0,-0.0043,0.0,0.00898705,-0.012834728,0.0313692636676452
2015-01-28,-0.993620666,0.089763514,0.0,0.0,-3.915090756,0.0,0.0,0.0,-0.0043,0.0,0.0,0.0,-0.012834728,0.00898705,0.0,0.03136926366764525,0.03136926366764525,0.089763514,-3.915090756,0.0,-0.0043,0.0,0.00898705,-0.012834728,0.0313692636676452
2015-01-29,0.937107525,0.807689428,0.0,0.090702954,0.0,0.0,-0.423032358,0.0,-0.0043,0.0,0.0,0.0,-0.012834728,0.00898705,0.0,0.03136926366764525,0.03136926366764525,0.807689428,0.090702954,-0.423032358,-0.0043,0.0,0.00898705,-0.012834728,0.0313692636676452
2015-01-30,-0.1697313,0.0,-0.030812949,6.428831324,0.0,0.174129983,0.0,0.0,-0.0043,0.0,0.0,0.0,-0.012834728,0.00898705,0.0,0.03136926366764525,0.03136926366764525,-0.030812949,6.428831324,0.174129983,-0.0043,0.0,0.00898705,-0.012834728,0.0313692636676452
2015-02-02,0.0,0.0,-1.380877866,3.009295503,0.0,0.0,-0.296673242,0.0,-0.0038,0.0,0.0,0.0,-0.011263441,0.023132348,0.0,0.03136926366764525,0.03136926366764525,-1.380877866,3.009295503,-0.296673242,-0.0038,0.0,0.023132348,-0.011263441,0.0313692636676452
2015-02-03,-0.170019877,0.0,-0.611164766,6.428831324,0.0,0.0,-0.089645905,0.0,-0.0038,0.0,0.0,0.0,-0.011263441,0.023132348,0.0,0.03136926366764525,0.03136926366764525,-0.611164766,6.428831324,-0.089645905,-0.0038,0.0,0.023132348,-0.011263441,0.0313692636676452
2015-02-04,-0.170309437,0.0,-2.767797465,0.0,-6.814898374,0.507615303,0.0,0.0,-0.0038,0.0,0.0,0.0,-0.011263441,0.023132348,0.0,0.03136926366764525,0.03136926366764525,-2.767797465,-6.814898374,0.507615303,-0.0038,0.0,0.023132348,-0.011263441,0.0313692636676452
2015-02-05,0.056802046,0.936473648,0.0,4.10448799,0.0,0.0,-0.436554171,0.0,-0.0038,0.0,0.0,0.0,-0.011263441,0.023132348,0.0,0.03136926366764525,0.03136926366764525,0.936473648,4.10448799,-0.436554171,-0.0038,0.0,0.023132348,-0.011263441,0.0313692636676452
2015-02-06,0.0567698,1.212886156,0.0,2.310656943,0.0,0.0,-0.0094193,0.0,-0.0038,0.0,0.0,0.0,-0.011263441,0.023132348,0.0,0.03136926366764525,0.03136926366764525,1.212886156,2.310656943,-0.0094193,-0.0038,0.0,0.023132348,-0.011263441,0.0313692636676452
2015-02-09,-0.113571846,1.068033261,0.0,2.541942884,0.0,0.354964582,0.0,0.0,-0.0038,0.0,0.0,0.0,-0.011263441,0.023132348,0.0,0.03136926366764525,0.03136926366764525,1.068033261,2.541942884,0.354964582,-0.0038,0.0,0.023132348,-0.011263441,0.0313692636676452
2015-02-10,-0.028413127,0.104268048,0.0,0.0,-5.68809305,0.0,-0.436554171,0.0,-0.0038,0.0,0.0,0.0,-0.011263441,0.023132348,0.0,0.03136926366764525,0.03136926366764525,0.104268048,-5.68809305,-0.436554171,-0.0038,0.0,0.023132348,-0.011263441,0.0313692636676452
2015-02-11,0.028413127,0.0,-0.149484654,0.0,-2.549197314,0.507615303,0.0,0.0,-0.0038,0.0,0.0,0.0,-0.011263441,0.023132348,0.0,0.03136926366764525,0.03136926366764525,-0.149484654,-2.549197314,0.507615303,-0.0038,0.0,0.023132348,-0.011263441,0.0313692636676452
2015-02-12,0.0,1.320219625,0.0,4.742310996,0.0,0.0,-0.143510864,0.0,-0.0038,0.0,0.0,0.0,-0.011263441,0.023132348,0.0,0.03136926366764525,0.03136926366764525,1.320219625,4.742310996,-0.143510864,-0.0038,0.0,0.023132348,-0.011263441,0.0313692636676452
2015-02-13,0.312012734,0.639985757,0.0,2.870273125,0.0,0.293858572,0.0,0.0,-0.0038,0.0,0.0,0.0,-0.011263441,0.023132348,0.0,0.03136926366764525,0.03136926366764525,0.639985757,2.870273125,0.293858572,-0.0038,0.0,0.023132348,-0.011263441,0.0313692636676452
2015-02-16,0.76174723,0.0,0.0,0.0,0.0,0.0,0.0,0.0,-0.0038,0.0,0.0,0.0,-0.011263441,0.023132348,0.0,0.03136926366764525,0.03136926366764525,0.0,0.0,0.0,-0.0038,0.0,0.023132348,-0.011263441,0.0313692636676452
2015-02-17,0.056195562,0.0,0.0,1.694636675,0.0,0.0,0.0,0.0,-0.0038,0.0,0.0,0.0,-0.011263441,0.023132348,0.0,0.03136926366764525,0.03136926366764525,0.0,1.694636675,0.0,-0.0038,0.0,0.023132348,-0.011263441,0.0313692636676452
2015-02-18,0.0,0.0,0.0,0.0,-2.706192204,0.0,0.0,0.0,-0.0038,0.0,0.0,0.0,-0.011263441,0.023132348,0.0,0.03136926366764525,0.03136926366764525,0.0,-2.706192204,0.0,-0.0038,0.0,0.023132348,-0.011263441,0.0313692636676452
2015-02-19,0.0,0.0,0.0,0.0,-1.956478871,0.0,0.0,0.0,-0.0038,0.0,0.0,0.0,-0.011263441,0.023132348,0.0,0.03136926366764525,0.03136926366764525,0.0,-1.956478871,0.0,-0.0038,0.0,0.023132348,-0.011263441,0.0313692636676452
2015-02-20,0.0,0.0,0.0,0.0,-2.315330497,0.0,0.0,0.0,-0.0038,0.0,0.0,0.0,-0.011263441,0.023132348,0.0,0.03136926366764525,0.03136926366764525,0.0,-2.315330497,0.0,-0.0038,0.0,0.023132348,-0.011263441,0.0313692636676452
2015-02-23,0.0,0.0,0.0,0.0,-0.783844833,0.0,0.0,0.0,-0.0038,0.0,0.0,0.0,-0.011263441,0.023132348,0.0,0.03136926366764525,0.03136926366764525,0.0,-0.783844833,0.0,-0.0038,0.0,0.023132348,-0.011263441,0.0313692636676452
2015-02-24,-0.959646089,0.666419793,0.0,0.0,-2.2032715,0.0,-0.046959381,0.0,-0.0038,0.0,0.0,0.0,-0.011263441,0.023132348,0.0,0.03136926366764525,0.03136926366764525,0.666419793,-2.2032715,-0.046959381,-0.0038,0.0,0.023132348,-0.011263441,0.0313692636676452
2015-02-25,0.311482625,1.132202006,0.0,3.585920518,0.0,0.211143773,0.0,0.0,-0.0038,0.0,0.0,0.0,-0.011263441,0.023132348,0.0,0.03136926366764525,0.03136926366764525,1.132202006,3.585920518,0.211143773,-0.0038,0.0,0.023132348,-0.011263441,0.0313692636676452
2015-02-26,0.563858274,0.0,-0.495445444,0.0,-5.312791684,0.0,0.0,0.0,-0.0038,0.0,0.0,0.0,-0.011263441,0.023132348,0.0,0.03136926366764525,0.03136926366764525,-0.495445444,-5.312791684,0.0,-0.0038,0.0,0.023132348,-0.011263441,0.0313692636676452
2015-02-27,-0.394366708,0.679561322,0.0,4.493524438,0.0,0.0,-0.070331734,0.0,-0.0038,0.0,0.0,0.0,-0.011263441,0.023132348,0.0,0.03136926366764525,0.03136926366764525,0.679561322,4.493524438,-0.070331734,-0.0038,0.0,0.023132348,-0.011263441,0.0313692636676452
2015-03-02,0.0,0.0,-1.050650556,0.0,-0.502867398,0.0,0.0,0.0,-0.0032,0.0,0.0,0.075678611,0.0,0.0,-0.038011341,0.03136926366764525,0.03136926366764525,-1.050650556,-0.502867398,0.0,-0.0032,0.0,-0.038011341,0.075678611,0.0313692636676452
2015-03-03,-0.197768111,0.0,-0.225010034,1.679703559,0.0,0.0,0.0,0.0,-0.0032,0.0,0.0,0.075678611,0.0,0.0,-0.038011341,0.03136926366764525,0.03136926366764525,-0.225010034,1.679703559,0.0,-0.0032,0.0,-0.038011341,0.075678611,0.0313692636676452
2015-03-04,-0.08487764,1.357566837,0.0,2.157792625,0.0,0.070331734,0.0,0.0,-0.0032,0.0,0.0,0.075678611,0.0,0.0,-0.038011341,0.03136926366764525,0.03136926366764525,1.357566837,2.157792625,0.070331734,-0.0032,0.0,-0.038011341,0.075678611,0.0313692636676452
2015-03-05,-0.141623023,0.431822074,0.0,0.0,-1.505551949,0.070282303,0.0,0.0,-0.0032,0.0,0.0,0.075678611,0.0,0.0,-0.038011341,0.03136926366764525,0.03136926366764525,0.431822074,-1.505551949,0.070282303,-0.0032,0.0,-0.038011341,0.075678611,0.0313692636676452
2015-03-06,0.0,0.0,-0.778292029,0.0,-2.291621653,0.0,-0.140614038,0.0,-0.0032,0.0,0.0,0.075678611,0.0,0.0,-0.038011341,0.03136926366764525,0.03136926366764525,-0.778292029,-2.291621653,-0.140614038,-0.0032,0.0,-0.038011341,0.075678611,0.0313692636676452
2015-03-09,-0.227014853,0.0,-0.393112644,0.683007878,0.0,0.023449408,0.0,0.0,-0.0032,0.0,0.0,0.075678611,0.0,0.0,-0.038011341,0.03136926366764525,0.03136926366764525,-0.393112644,0.683007878,0.023449408,-0.0032,0.0,-0.038011341,0.075678611,0.0313692636676452
2015-03-10,-0.113700979,0.0,-1.304594685,0.0,-3.110955358,0.0,-0.023449408,0.0,-0.0032,0.0,0.0,0.075678611,0.0,0.0,-0.038011341,0.03136926366764525,0.03136926366764525,-1.304594685,-3.110955358,-0.023449408,-0.0032,0.0,-0.038011341,0.075678611,0.0313692636676452
2015-03-11,0.085287852,0.452604948,0.0,0.0,-0.74627212,0.023449408,0.0,0.0,-0.0032,0.0,0.0,0.075678611,0.0,0.0,-0.038011341,0.03136926366764525,0.03136926366764525,0.452604948,-0.74627212,0.023449408,-0.0032,0.0,-0.038011341,0.075678611,0.0313692636676452
2015-03-12,0.056818183,0.0,-0.536203441,0.0,-1.975269096,0.046882326,0.0,0.0,-0.0032,0.0,0.0,0.075678611,0.0,0.0,-0.038011341,0.03136926366764525,0.03136926366764525,-0.536203441,-1.975269096,0.046882326,-0.0032,0.0,-0.038011341,0.075678611,0.0313692636676452
2015-03-13,0.056785919,0.536203441,0.0,0.0,-4.870527813,0.117109745,0.0,0.0,-0.0032,0.0,0.0,0.075678611,0.0,0.0,-0.038011341,0.03136926366764525,0.03136926366764525,0.536203441,-4.870527813,0.117109745,-0.0032,0.0,-0.038011341,0.075678611,0.0313692636676452
2015-03-16,0.085118462,0.0,0.0,0.0,-2.139480323,0.420463128,0.0,0.0,-0.0032,0.0,0.0,0.075678611,0.0,0.0,-0.038011341,0.03136926366764525,0.03136926366764525,0.0,-2.139480323,0.420463128,-0.0032,0.0,-0.038011341,0.075678611,0.0313692636676452
2015-03-17,-0.14190438,0.0,-1.443204147,0.0,-1.236845818,0.0,0.0,0.0,-0.0032,0.0,0.0,0.075678611,0.0,0.0,-0.038011341,0.03136926366764525,0.03136926366764525,-1.443204147,-1.236845818,0.0,-0.0032,0.0,-0.038011341,0.075678611,0.0313692636676452
2015-03-18,-0.113668668,0.03616294,0.0,2.817727883,0.0,0.11648225,0.0,0.0,-0.0032,0.0,0.0,0.075678611,0.0,0.0,-0.038011341,0.03136926366764525,0.03136926366764525,0.03616294,2.817727883,0.11648225,-0.0032,0.0,-0.038011341,0.075678611,0.0313692636676452
2015-03-19,0.142065658,0.0,-0.244785504,0.0,-1.376220254,0.0,-0.093174943,0.0,-0.0032,0.0,0.0,0.075678611,0.0,0.0,-0.038011341,0.03136926366764525,0.03136926366764525,-0.244785504,-1.376220254,-0.093174943,-0.0032,0.0,-0.038011341,0.075678611,0.0313692636676452
2015-03-20,0.0567698,0.0,-1.184082726,4.399732039,0.0,0.046598323,0.0,0.0,-0.0032,0.0,0.0,0.075678611,0.0,0.0,-0.038011341,0.03136926366764525,0.03136926366764525,-1.184082726,4.399732039,0.046598323,-0.0032,0.0,-0.038011341,0.075678611,0.0313692636676452
2015-03-23,0.028372819,0.708315628,0.0,2.998083221,0.0,0.116400898,0.0,0.0,-0.0032,0.0,0.0,0.075678611,0.0,0.0,-0.038011341,0.03136926366764525,0.03136926366764525,0.708315628,2.998083221,0.116400898,-0.0032,0.0,-0.038011341,0.075678611,0.0313692636676452
2015-03-24,0.0,0.0,-1.275792412,0.0,-0.783653274,0.046522448,0.0,0.0,-0.0032,0.0,0.0,0.075678611,0.0,0.0,-0.038011341,0.03136926366764525,0.03136926366764525,-1.275792412,-0.783653274,0.046522448,-0.0032,0.0,-0.038011341,0.075678611,0.0313692636676452
2015-03-25,0.0,0.0,-0.300805012,3.591950149,0.0,0.0,-0.116346726,0.0,-0.0032,0.0,0.0,0.075678611,0.0,0.0,-0.038011341,0.03136926366764525,0.03136926366764525,-0.300805012,3.591950149,-0.116346726,-0.0032,0.0,-0.038011341,0.075678611,0.0313692636676452
2015-03-26,0.085070188,0.0,-2.046808245,5.312750862,0.0,0.046554936,0.0,0.0,-0.0032,0.0,0.0,0.075678611,0.0,0.0,-0.038011341,0.03136926366764525,0.03136926366764525,-2.046808245,5.312750862,0.046554936,-0.0032,0.0,-0.038011341,0.075678611,0.0313692636676452
2015-03-27,-0.113443007,0.50401434,0.0,0.0,-5.148782799,0.069791791,0.0,0.0,-0.0032,0.0,0.0,0.075678611,0.0,0.0,-0.038011341,0.03136926366764525,0.03136926366764525,0.50401434,-5.148782799,0.069791791,-0.0032,0.0,-0.038011341,0.075678611,0.0313692636676452
2015-03-30,-0.255718281,0.0,-1.292919656,0.0,-0.348754072,0.069743116,0.0,0.0,-0.0032,0.0,0.0,0.075678611,0.0,0.0,-0.038011341,0.03136926366764525,0.03136926366764525,-1.292919656,-0.348754072,0.069743116,-0.0032,0.0,-0.038011341,0.075678611,0.0313692636676452
2015-03-31,-0.142348778,0.0,-1.254781104,0.0,-1.950674013,0.0232369,0.0,0.0,-0.0008,0.0,0.0,0.0,-0.055560925,0.019558383,0.0,0.03136926366764525,0.03136926366764525,-1.254781104,-1.950674013,0.0232369,-0.0008,0.0,0.019558383,-0.055560925,0.0313692636676452
2015-04-01,0.085433581,1.082453275,0.0,4.90695328,0.0,0.046457608,0.0,0.0,-0.0008,0.0,0.0,0.0,-0.055560925,0.019558383,0.0,0.9038608589073882,0.9038608589073882,1.082453275,4.90695328,0.046457608,-0.0008,0.0,0.019558383,-0.055560925,0.9038608589073882
2015-04-02,0.142227303,0.0,-1.880312696,0.0,-1.995028385,0.139243466,0.0,0.0,-0.0008,0.0,0.0,0.0,-0.055560925,0.019558383,0.0,0.9038608589073882,0.9038608589073882,-1.880312696,-1.995028385,0.139243466,-0.0008,0.0,0.019558383,-0.055560925,0.9038608589073882
2015-04-03,-0.085312105,1.496497911,0.0,0.0,0.0,0.023188406,0.0,0.0,-0.0008,0.0,0.0,0.0,-0.055560925,0.019558383,0.0,0.9038608589073882,0.9038608589073882,1.496497911,0.0,0.023188406,-0.0008,0.0,0.019558383,-0.055560925,0.9038608589073882
2015-04-06,0.340812599,0.102009226,0.0,5.831115172,0.0,0.0,0.0,0.0,-0.0008,0.0,0.0,0.0,-0.055560925,0.019558383,0.0,0.9038608589073882,0.9038608589073882,0.102009226,5.831115172,0.0,-0.0008,0.0,0.019558383,-0.055560925,0.9038608589073882
2015-04-07,-0.227079291,0.0,-0.947579622,3.52766938,0.0,0.046360687,0.0,0.0,-0.0008,0.0,0.0,0.0,-0.055560925,0.019558383,0.0,0.9038608589073882,0.9038608589073882,-0.947579622,3.52766938,0.046360687,-0.0008,0.0,0.019558383,-0.055560925,0.9038608589073882
2015-04-08,-0.056850485,1.027656791,0.0,0.0,-6.727318061,0.023172286,0.0,0.0,-0.0008,0.0,0.0,0.0,-0.055560925,0.019558383,0.0,0.9038608589073882,0.9038608589073882,1.027656791,-6.727318061,0.023172286,-0.0008,0.0,0.019558383,-0.055560925,0.9038608589073882
2015-04-09,-0.142267772,0.0,-0.443047354,0.691497372,0.0,0.0,0.0,0.0,-0.0008,0.0,0.0,0.0,-0.055560925,0.019558383,0.0,0.9038608589073882,0.9038608589073882,-0.443047354,0.691497372,0.0,-0.0008,0.0,0.019558383,-0.055560925,0.9038608589073882
2015-04-10,0.085384949,0.673820182,0.0,1.640341408,0.0,0.0,0.0,0.0,-0.0008,0.0,0.0,0.0,-0.055560925,0.019558383,0.0,0.9038608589073882,0.9038608589073882,0.673820182,1.640341408,0.0,-0.0008,0.0,0.019558383,-0.055560925,0.9038608589073882
2015-04-13,-0.056915198,0.973538137,0.0,0.617881865,0.0,0.0,0.0,0.0,-0.0008,0.0,0.0,0.0,-0.055560925,0.019558383,0.0,0.9038608589073882,0.9038608589073882,0.973538137,0.617881865,0.0,-0.0008,0.0,0.019558383,-0.055560925,0.9038608589073882
2015-04-14,-0.085433581,0.619984784,0.0,2.565461363,0.0,0.0,-0.023172286,0.0,-0.0008,0.0,0.0,0.0,-0.055560925,0.019558383,0.0,0.9038608589073882,0.9038608589073882,0.619984784,2.565461363,-0.023172286,-0.0008,0.0,0.019558383,-0.055560925,0.9038608589073882
2015-04-15,0.0,0.0,-0.155530758,5.386970991,0.0,0.023172286,0.0,0.0,-0.0008,0.0,0.0,0.0,-0.055560925,0.019558383,0.0,0.9038608589073882,0.9038608589073882,-0.155530758,5.386970991,0.023172286,-0.0008,0.0,0.019558383,-0.055560925,0.9038608589073882
2015-04-16,0.05696383,0.989825072,0.0,0.779178725,0.0,0.101894317,0.0,0.0,-0.0008,0.0,0.0,0.0,-0.055560925,0.019558383,0.0,0.9038608589073882,0.9038608589073882,0.989825072,0.779178725,0.101894317,-0.0008,0.0,0.019558383,-0.055560925,0.9038608589073882
2015-04-17,-0.05696383,0.667387141,0.0,0.0,-1.74381643,0.0,-0.194615696,0.0,-0.0008,0.0,0.0,0.0,-0.055560925,0.019558383,0.0,0.9038608589073882,0.9038608589073882,0.667387141,-1.74381643,-0.194615696,-0.0008,0.0,0.019558383,-0.055560925,0.9038608589073882
2015-04-20,-0.114025098,0.042223787,0.0,1.177743806,0.0,0.0,-0.023193784,0.0,-0.0008,0.0,0.0,0.0,-0.055560925,0.019558383,0.0,0.9038608589073882,0.9038608589073882,0.042223787,1.177743806,-0.023193784,-0.0008,0.0,0.019558383,-0.055560925,0.9038608589073882
2015-04-21,-0.199857311,0.0,-0.837238839,0.0,-1.411367778,0.0,0.0,0.0,-0.0008,0.0,0.0,0.0,-0.055560925,0.019558383,0.0,0.9038608589073882,0.9038608589073882,-0.837238839,-1.411367778,0.0,-0.0008,0.0,0.019558383,-0.055560925,0.9038608589073882
2015-04-22,0.114253083,0.0,-0.213075829,1.055938223,0.0,0.134449127,0.0,0.0,-0.0008,0.0,0.0,0.0,-0.055560925,0.019558383,0.0,0.9038608589073882,0.9038608589073882,-0.213075829,1.055938223,0.134449127,-0.0008,0.0,0.019558383,-0.055560925,0.9038608589073882
2015-04-23,-0.171428613,0.047981661,0.0,0.744948461,0.0,0.0,-0.111255342,0.0,-0.0008,0.0,0.0,0.0,-0.055560925,0.019558383,0.0,0.9038608589073882,0.9038608589073882,0.047981661,0.744948461,-0.111255342,-0.0008,0.0,0.019558383,-0.055560925,0.9038608589073882
2015-04-24,0.114318389,0.056837358,0.0,0.0,-1.083780707,0.023188406,0.0,0.0,-0.0008,0.0,0.0,0.0,-0.055560925,0.019558383,0.0,0.9038608589073882,0.9038608589073882,0.056837358,-1.083780707,0.023188406,-0.0008,0.0,0.019558383,-0.055560925,0.9038608589073882
2015-04-27,-0.114318389,0.804680305,0.0,0.0,-0.75309662,0.0,-0.069581355,0.0,-0.0008,0.0,0.0,0.0,-0.055560925,0.019558383,0.0,0.9038608589073882,0.9038608589073882,0.804680305,-0.75309662,-0.069581355,-0.0008,0.0,0.019558383,-0.055560925,0.9038608589073882
2015-04-28,0.0,0.0,0.0,2.646455842,0.0,0.0,0.0,0.0,-0.0008,0.0,0.0,0.0,-0.055560925,0.019558383,0.0,0.9038608589073882,0.9038608589073882,0.0,2.646455842,0.0,-0.0008,0.0,0.019558383,-0.055560925,0.9038608589073882
2015-04-29,0.0,0.0,0.0,2.595301374,0.0,0.0,0.0,0.0,-0.0008,0.0,0.0,0.0,-0.055560925,0.019558383,0.0,0.9038608589073882,0.9038608589073882,0.0,2.595301374,0.0,-0.0008,0.0,0.019558383,-0.055560925,0.9038608589073882
2015-04-30,0.0,0.0,0.0,1.810999821,0.0,0.0,0.0,0.0024,0.0,0.0,0.0,0.0,-0.01910731,0.0,-0.023417451,0.9038608589073882,0.9038608589073882,0.0,1.810999821,0.0,0.0024,0.0,-0.023417451,-0.01910731,0.9038608589073882
2015-05-01,0.0,0.0,0.0,0.0,-0.876016384,0.0,0.0,0.0024,0.0,0.0,0.0,0.0,-0.01910731,0.0,-0.023417451,0.9038608589073882,0.9038608589073882,0.0,-0.876016384,0.0,0.0024,0.0,-0.023417451,-0.01910731,0.9038608589073882
2015-05-04,0.028591852,0.0,-1.258502528,0.0,-0.305033282,0.231749814,0.0,0.0024,0.0,0.0,0.0,0.0,-0.01910731,0.0,-0.023417451,0.9038608589073882,0.9038608589073882,-1.258502528,-0.305033282,0.231749814,0.0024,0.0,-0.023417451,-0.01910731,0.9038608589073882
2015-05-05,-0.085800091,0.0,-2.862455932,2.447733268,0.0,0.092549752,0.0,0.0024,0.0,0.0,0.0,0.0,-0.01910731,0.0,-0.023417451,0.9038608589073882,0.9038608589073882,-2.862455932,2.447733268,0.092549752,0.0024,0.0,-0.023417451,-0.01910731,0.9038608589073882
2015-05-06,0.085800091,1.548159507,0.0,0.906773998,0.0,0.0,0.0,0.0024,0.0,0.0,0.0,0.0,-0.01910731,0.0,-0.023417451,0.9038608589073882,0.9038608589073882,1.548159507,0.906773998,0.0,0.0024,0.0,-0.023417451,-0.01910731,0.9038608589073882
2015-05-07,-0.028591852,0.0,-0.869483881,0.0,-3.235772625,0.115566868,0.0,0.0024,0.0,0.0,0.0,0.0,-0.01910731,0.0,-0.023417451,0.9038608589073882,0.9038608589073882,-0.869483881,-3.235772625,0.115566868,0.0024,0.0,-0.023417451,-0.01910731,0.9038608589073882
2015-05-08,0.05717553,0.556324611,0.0,0.709462435,0.0,0.023097355,0.0,0.0024,0.0,0.0,0.0,0.0,-0.01910731,0.0,-0.023417451,0.9038608589073882,0.9038608589073882,0.556324611,0.709462435,0.023097355,0.0024,0.0,-0.023417451,-0.01910731,0.9038608589073882
2015-05-11,-0.05717553,0.529804959,0.0,0.0,-0.303439208,0.138472212,0.0,0.0024,0.0,0.0,0.0,0.0,-0.01910731,0.0,-0.023417451,0.9038608589073882,0.9038608589073882,0.529804959,-0.303439208,0.138472212,0.0024,0.0,-0.023417451,-0.01910731,0.9038608589073882
2015-05-12,-0.085824637,0.0,-0.455499305,2.48449628,0.0,0.0,0.0,0.0024,0.0,0.0,0.0,0.0,-0.01910731,0.0,-0.023417451,0.9038608589073882,0.9038608589073882,-0.455499305,2.48449628,0.0,0.0024,0.0,-0.023417451,-0.01910731,0.9038608589073882
2015-05-13,0.085824637,0.0,-1.180900846,0.0,-0.362976805,0.115247218,0.0,0.0024,0.0,0.0,0.0,0.0,-0.01910731,0.0,-0.023417451,0.9038608589073882,0.9038608589073882,-1.180900846,-0.362976805,0.115247218,0.0024,0.0,-0.023417451,-0.01910731,0.9038608589073882
2015-05-14,0.171428613,0.0,-0.545942185,0.0,-1.013381876,0.321987399,0.0,0.0024,0.0,0.0,0.0,0.0,-0.01910731,0.0,-0.023417451,0.9038608589073882,0.9038608589073882,-0.545942185,-1.013381876,0.321987399,0.0024,0.0,-0.023417451,-0.01910731,0.9038608589073882
2015-05-15,-0.028551035,0.09580133,0.0,0.0,-0.267513953,0.0,-0.18386583,0.0024,0.0,0.0,0.0,0.0,-0.01910731,0.0,-0.023417451,0.9038608589073882,0.9038608589073882,0.09580133,-0.267513953,-0.18386583,0.0024,0.0,-0.023417451,-0.01910731,0.9038608589073882
2015-05-18,0.028551035,0.0,-1.390714052,0.0,-0.486700633,0.137931056,0.0,0.0024,0.0,0.0,0.0,0.0,-0.01910731,0.0,-0.023417451,0.9038608589073882,0.9038608589073882,-1.390714052,-0.486700633,0.137931056,0.0024,0.0,-0.023417451,-0.01910731,0.9038608589073882
2015-05-19,-0.142836762,0.0,-0.503553071,0.0,-3.666677669,0.06889425,0.0,0.0024,0.0,0.0,0.0,0.0,-0.01910731,0.0,-0.023417451,0.9038608589073882,0.9038608589073882,-0.503553071,-3.666677669,0.06889425,0.0024,0.0,-0.023417451,-0.01910731,0.9038608589073882
2015-05-20,-0.085800091,0.652820754,0.0,2.855862416,0.0,0.045903145,0.0,0.0024,0.0,0.0,0.0,0.0,-0.01910731,0.0,-0.023417451,0.9038608589073882,0.9038608589073882,0.652820754,2.855862416,0.045903145,0.0024,0.0,-0.023417451,-0.01910731,0.9038608589073882
2015-05-21,0.0,2.692972712,0.0,2.048082332,0.0,0.0,-0.022948939,0.0024,0.0,0.0,0.0,0.0,-0.01910731,0.0,-0.023417451,0.9038608589073882,0.9038608589073882,2.692972712,2.048082332,-0.022948939,0.0024,0.0,-0.023417451,-0.01910731,0.9038608589073882
2015-05-22,0.0,0.438247713,0.0,0.0,-2.183859678,0.0,-0.068878432,0.0024,0.0,0.0,0.0,0.0,-0.01910731,0.0,-0.023417451,0.9038608589073882,0.9038608589073882,0.438247713,-2.183859678,-0.068878432,0.0024,0.0,-0.023417451,-0.01910731,0.9038608589073882
2015-05-25,-0.114514756,1.326519842,0.0,0.0,0.0,0.275229532,0.0,0.0024,0.0,0.0,0.0,0.0,-0.01910731,0.0,-0.023417451,0.9038608589073882,0.9038608589073882,1.326519842,0.0,0.275229532,0.0024,0.0,-0.023417451,-0.01910731,0.9038608589073882
2015-05-26,-0.085972208,0.403961862,0.0,0.0,-2.7375386,0.0,-0.160458487,0.0024,0.0,0.0,0.0,0.0,-0.01910731,0.0,-0.023417451,0.9038608589073882,0.9038608589073882,0.403961862,-2.7375386,-0.160458487,0.0024,0.0,-0.023417451,-0.01910731,0.9038608589073882
2015-05-27,-0.114744706,0.278440559,0.0,0.383275731,0.0,0.0,-0.068846819,0.0024,0.0,0.0,0.0,0.0,-0.01910731,0.0,-0.023417451,0.9038608589073882,0.9038608589073882,0.278440559,0.383275731,-0.068846819,0.0024,0.0,-0.023417451,-0.01910731,0.9038608589073882
2015-05-28,0.057388811,0.263537388,0.0,0.312500254,0.0,0.022954206,0.0,0.0024,0.0,0.0,0.0,0.0,-0.01910731,0.0,-0.023417451,0.9038608589073882,0.9038608589073882,0.263537388,0.312500254,0.022954206,0.0024,0.0,-0.023417451,-0.01910731,0.9038608589073882
2015-05-29,0.057355895,1.159066767,0.0,4.34187241,0.0,0.0,0.0,0.0024,0.0,0.0,0.0,0.0,-0.01910731,0.0,-0.023417451,0.9038608589073882,0.9038608589073882,1.159066767,4.34187241,0.0,0.0024,0.0,-0.023417451,-0.01910731,0.9038608589073882
2015-06-01,-0.028673835,0.0,-0.276252929,0.0,-0.016598888,0.022948939,0.0,0.0022,0.0,0.0,0.0,0.0,-0.006103677,0.006514934,0.0,0.9038608589073882,0.9038608589073882,-0.276252929,-0.016598888,0.022948939,0.0022,0.0,0.006514934,-0.006103677,0.9038608589073882
2015-06-02,-0.057372348,0.79348195,0.0,1.744325945,0.0,0.0,0.0,0.0022,0.0,0.0,0.0,0.0,-0.006103677,0.006514934,0.0,0.9038608589073882,0.9038608589073882,0.79348195,1.744325945,0.0,0.0022,0.0,0.006514934,-0.006103677,0.9038608589073882
2015-06-03,0.057372348,0.0,-0.89858838,0.0,-2.695046141,0.0,0.0,0.0022,0.0,0.0,0.0,0.0,-0.006103677,0.006514934,0.0,0.9038608589073882,0.9038608589073882,-0.89858838,-2.695046141,0.0,0.0022,0.0,0.006514934,-0.006103677,0.9038608589073882
2015-06-04,-0.143492635,0.0,-0.446178368,0.0,-2.838637099,0.0,0.0,0.0022,0.0,0.0,0.0,0.0,-0.006103677,0.006514934,0.0,0.9038608589073882,0.9038608589073882,-0.446178368,-2.838637099,0.0,0.0022,0.0,0.006514934,-0.006103677,0.9038608589073882
2015-06-05,-0.172463394,0.109093479,0.0,1.895710429,0.0,0.0,-0.022948939,0.0022,0.0,0.0,0.0,0.0,-0.006103677,0.006514934,0.0,0.9038608589073882,0.9038608589073882,0.109093479,1.895710429,-0.022948939,0.0022,0.0,0.006514934,-0.006103677,0.9038608589073882
2015-06-08,-0.143947052,2.506013801,0.0,0.0,-1.637423587,0.022948939,0.0,0.0022,0.0,0.0,0.0,0.0,-0.006103677,0.006514934,0.0,0.9038608589073882,0.9038608589073882,2.506013801,-1.637423587,0.022948939,0.0022,0.0,0.006514934,-0.006103677,0.9038608589073882
2015-06-09,0.0,0.0,-0.754044925,3.381556346,0.0,0.0,-0.045903145,0.0022,0.0,0.0,0.0,0.0,-0.006103677,0.006514934,0.0,0.9038608589073882,0.9038608589073882,-0.754044925,3.381556346,-0.045903145,0.0022,0.0,0.006514934,-0.006103677,0.9038608589073882
2015-06-10,-0.086467796,0.0,-0.453782582,1.991671464,0.0,0.0,-0.022959477,0.0022,0.0,0.0,0.0,0.0,-0.006103677,0.006514934,0.0,0.9038608589073882,0.9038608589073882,-0.453782582,1.991671464,-0.022959477,0.0022,0.0,0.006514934,-0.006103677,0.9038608589073882
2015-06-11,-0.057686762,0.218488356,0.0,0.0,-1.015569744,0.0,-0.11487652,0.0022,0.0,0.0,0.0,0.0,-0.006103677,0.006514934,0.0,0.9038608589073882,0.9038608589073882,0.218488356,-1.015569744,-0.11487652,0.0022,0.0,0.006514934,-0.006103677,0.9038608589073882
2015-06-12,0.028847541,0.900114711,0.0,0.0,-1.292478638,0.045966445,0.0,0.0022,0.0,0.0,0.0,0.0,-0.006103677,0.006514934,0.0,0.9038608589073882,0.9038608589073882,0.900114711,-1.292478638,0.045966445,0.0022,0.0,0.006514934,-0.006103677,0.9038608589073882
2015-06-15,0.028839222,0.121805829,0.0,0.0,-0.719728607,0.068910075,0.0,0.0022,0.0,0.0,0.0,0.0,-0.006103677,0.006514934,0.0,0.9038608589073882,0.9038608589073882,0.121805829,-0.719728607,0.068910075,0.0022,0.0,0.006514934,-0.006103677,0.9038608589073882
2015-06-16,-0.028839222,0.770279041,0.0,0.803082784,0.0,0.0,0.0,0.0022,0.0,0.0,0.0,0.0,-0.006103677,0.006514934,0.0,0.9038608589073882,0.9038608589073882,0.770279041,0.803082784,0.0,0.0022,0.0,0.006514934,-0.006103677,0.9038608589073882
2015-06-17,-0.057703406,0.0,-1.556905355,0.0,-0.200166873,0.0,-0.045934773,0.0022,0.0,0.0,0.0,0.0,-0.006103677,0.006514934,0.0,0.9038608589073882,0.9038608589073882,-1.556905355,-0.200166873,-0.045934773,0.0022,0.0,0.006514934,-0.006103677,0.9038608589073882
2015-06-18,0.086542628,0.008639981,0.0,0.864510787,0.0,0.091848457,0.0,0.0022,0.0,0.0,0.0,0.0,-0.006103677,0.006514934,0.0,0.9038608589073882,0.9038608589073882,0.008639981,0.864510787,0.091848457,0.0022,0.0,0.006514934,-0.006103677,0.9038608589073882
2015-06-19,-0.057686762,0.920191218,0.0,0.0,-1.31635659,0.0,-0.022954206,0.0022,0.0,0.0,0.0,0.0,-0.006103677,0.006514934,0.0,0.9038608589073882,0.9038608589073882,0.920191218,-1.31635659,-0.022954206,0.0022,0.0,0.006514934,-0.006103677,0.9038608589073882
2015-06-22,-0.086592587,0.725005521,0.0,0.652012675,0.0,0.0,0.0,0.0022,0.0,0.0,0.0,0.0,-0.006103677,0.006514934,0.0,0.9038608589073882,0.9038608589073882,0.725005521,0.652012675,0.0,0.0022,0.0,0.006514934,-0.006103677,0.9038608589073882
2015-06-23,-0.31814922,0.69615871,0.0,1.718198556,0.0,0.0,-0.009183158,0.0022,0.0,0.0,0.0,0.0,-0.006103677,0.006514934,0.0,0.9038608589073882,0.9038608589073882,0.69615871,1.718198556,-0.009183158,0.0022,0.0,0.006514934,-0.006103677,0.9038608589073882
2015-06-24,-0.377304177,0.0,-0.042207272,0.0,-1.718198556,0.0,-0.027554535,0.0022,0.0,0.0,0.0,0.0,-0.006103677,0.006514934,0.0,0.9038608589073882,0.9038608589073882,-0.042207272,-1.718198556,-0.027554535,0.0022,0.0,0.006514934,-0.006103677,0.9038608589073882
2015-06-25,-0.174621697,0.0,-0.490910692,0.0,-0.702344024,0.21105766,0.0,0.0022,0.0,0.0,0.0,0.0,-0.006103677,0.006514934,0.0,0.9038608589073882,0.9038608589073882,-0.490910692,-0.702344024,0.21105766,0.0022,0.0,0.006514934,-0.006103677,0.9038608589073882
2015-06-26,0.0291248,0.0,-0.553037578,0.0,-0.302521239,0.0,-0.036673696,0.0022,0.0,0.0,0.0,0.0,-0.006103677,0.006514934,0.0,0.9038608589073882,0.9038608589073882,-0.553037578,-0.302521239,-0.036673696,0.0022,0.0,0.006514934,-0.006103677,0.9038608589073882
2015-06-29,0.145496897,0.0,-1.008411907,0.0,-1.817459793,0.013754212,0.0,0.0022,0.0,0.0,0.0,0.0,-0.006103677,0.006514934,0.0,0.9038608589073882,0.9038608589073882,-1.008411907,-1.817459793,0.013754212,0.0022,0.0,0.006514934,-0.006103677,0.9038608589073882
2015-06-30,0.0,1.473168746,0.0,1.935215715,0.0,0.0,-0.050441363,0.0025,0.0,0.0,0.0,0.007294092,0.0,0.003847523,0.0,0.9038608589073882,0.9038608589073882,1.473168746,1.935215715,-0.050441363,0.0025,0.0,0.003847523,0.007294092,0.9038608589073882
2015-07-01,-0.145496897,0.971874225,0.0,0.0,-4.364203974,0.0,-0.10095912,0.0025,0.0,0.0,0.0,0.007294092,0.0,0.003847523,0.0,-0.3933293960495341,-0.3933293960495341,0.971874225,-4.364203974,-0.10095912,0.0025,0.0,0.003847523,0.007294092,-0.3933293960495341
2015-07-02,-0.204051958,0.0,-0.509267386,0.0,-0.017563889,0.0,0.0,0.0025,0.0,0.0,0.0,0.007294092,0.0,0.003847523,0.0,-0.3933293960495341,-0.3933293960495341,-0.509267386,-0.017563889,0.0,0.0025,0.0,0.003847523,0.007294092,-0.3933293960495341
2015-07-03,0.0,2.88609741,0.0,0.0,0.0,0.0,0.0,0.0025,0.0,0.0,0.0,0.007294092,0.0,0.003847523,0.0,-0.3933293960495341,-0.3933293960495341,2.88609741,0.0,0.0,0.0025,0.0,0.003847523,0.007294092,-0.3933293960495341
2015-07-06,-0.058377118,1.617865636,0.0,0.0,-6.814898374,0.073434922,0.0,0.0025,0.0,0.0,0.0,0.007294092,0.0,0.003847523,0.0,-0.3933293960495341,-0.3933293960495341,1.617865636,-6.814898374,0.073434922,0.0025,0.0,0.003847523,0.007294092,-0.3933293960495341
2015-07-07,-0.087629624,0.82727569,0.0,0.0,-0.286232425,0.0,-0.027531776,0.0025,0.0,0.0,0.0,0.007294092,0.0,0.003847523,0.0,-0.3933293960495341,-0.3933293960495341,0.82727569,-0.286232425,-0.027531776,0.0025,0.0,0.003847523,0.007294092,-0.3933293960495341
2015-07-08,-0.498023587,0.0,-0.82727569,0.0,-1.385436822,0.105497338,0.0,0.0025,0.0,0.0,0.0,0.007294092,0.0,0.003847523,0.0,-0.3933293960495341,-0.3933293960495341,-0.82727569,-1.385436822,0.105497338,0.0025,0.0,0.003847523,0.007294092,-0.3933293960495341
2015-07-09,-0.205791635,0.0,-0.412972772,2.203787569,0.0,0.0,-0.027510317,0.0025,0.0,0.0,0.0,0.007294092,0.0,0.003847523,0.0,-0.3933293960495341,-0.3933293960495341,-0.412972772,2.203787569,-0.027510317,0.0025,0.0,0.003847523,0.007294092,-0.3933293960495341
2015-07-10,-0.088326224,1.82676978,0.0,0.0,-0.037914692,0.0,-0.11011701,0.0025,0.0,0.0,0.0,0.007294092,0.0,0.003847523,0.0,-0.3933293960495341,-0.3933293960495341,1.82676978,-0.037914692,-0.11011701,0.0025,0.0,0.003847523,0.007294092,-0.3933293960495341
2015-07-13,-0.058927521,0.635366519,0.0,0.0,-1.048327527,0.11011701,0.0,0.0025,0.0,0.0,0.0,0.007294092,0.0,0.003847523,0.0,-0.3933293960495341,-0.3933293960495341,0.635366519,-1.048327527,0.11011701,0.0025,0.0,0.003847523,0.007294092,-0.3933293960495341
2015-07-14,-0.176991197,0.629781659,0.0,1.63439594,0.0,0.0,0.0,0.0025,0.0,0.0,0.0,0.007294092,0.0,0.003847523,0.0,-0.3933293960495341,-0.3933293960495341,0.629781659,1.63439594,0.0,0.0025,0.0,0.003847523,0.007294092,-0.3933293960495341
2015-07-15,-0.651661074,0.764906001,0.0,0.0,-3.15966926,0.0,0.0,0.0025,0.0,0.0,0.0,0.007294092,0.0,0.003847523,0.0,-0.3933293960495341,-0.3933293960495341,0.764906001,-3.15966926,0.0,0.0025,0.0,0.003847523,0.007294092,-0.3933293960495341
2015-07-16,-2.345690035,0.0,-2.068304848,0.0,-0.97752489,0.009170946,0.0,0.0025,0.0,0.0,0.0,0.007294092,0.0,0.003847523,0.0,-0.3933293960495341,-0.3933293960495341,-2.068304848,-0.97752489,0.009170946,0.0025,0.0,0.003847523,0.007294092,-0.3933293960495341
2015-07-17,1.301668144,0.17996931,0.0,0.0,-0.039300452,0.0,0.0,0.0025,0.0,0.0,0.0,0.007294092,0.0,0.003847523,0.0,-0.3933293960495341,-0.3933293960495341,0.17996931,-0.039300452,0.0,0.0025,0.0,0.003847523,0.007294092,-0.3933293960495341
2015-07-20,-1.058210933,0.0,-0.576085341,0.0,-1.524933006,0.032091691,0.0,0.0025,0.0,0.0,0.0,0.007294092,0.0,0.003847523,0.0,-0.3933293960495341,-0.3933293960495341,-0.576085341,-1.524933006,0.032091691,0.0025,0.0,0.003847523,0.007294092,-0.3933293960495341
2015-07-21,0.091143862,0.0,-0.793744225,0.953333933,0.0,0.0,-0.022921585,0.0025,0.0,0.0,0.0,0.007294092,0.0,0.003847523,0.0,-0.3933293960495341,-0.3933293960495341,-0.793744225,0.953333933,-0.022921585,0.0025,0.0,0.003847523,0.007294092,-0.3933293960495341
2015-07-22,-0.030372058,0.0,-0.829369448,0.0,-2.643855175,0.013753582,0.0,0.0025,0.0,0.0,0.0,0.007294092,0.0,0.003847523,0.0,-0.3933293960495341,-0.3933293960495341,-0.829369448,-2.643855175,0.013753582,0.0025,0.0,0.003847523,0.007294092,-0.3933293960495341
2015-07-23,0.394119049,2.773566728,0.0,0.0,-2.382532084,0.0,-0.027509055,0.0025,0.0,0.0,0.0,0.007294092,0.0,0.003847523,0.0,-0.3933293960495341,-0.3933293960495341,2.773566728,-2.382532084,-0.027509055,0.0025,0.0,0.003847523,0.007294092,-0.3933293960495341
2015-07-24,-0.515699611,0.189672398,0.0,0.0,-0.27057983,0.0,0.0,0.0025,0.0,0.0,0.0,0.007294092,0.0,0.003847523,0.0,-0.3933293960495341,-0.3933293960495341,0.189672398,-0.27057983,0.0,0.0025,0.0,0.003847523,0.007294092,-0.3933293960495341
2015-07-27,0.243013485,0.0,-0.568511765,0.0,-1.702616012,0.027509055,0.0,0.0025,0.0,0.0,0.0,0.007294092,0.0,0.003847523,0.0,-0.3933293960495341,-0.3933293960495341,-0.568511765,-1.702616012,0.027509055,0.0025,0.0,0.003847523,0.007294092,-0.3933293960495341
2015-07-28,-0.091060865,1.089834362,0.0,1.681771822,0.0,0.0,-0.004584317,0.0025,0.0,0.0,0.0,0.007294092,0.0,0.003847523,0.0,-0.3933293960495341,-0.3933293960495341,1.089834362,1.681771822,-0.004584317,0.0025,0.0,0.003847523,0.007294092,-0.3933293960495341
2015-07-29,0.151722074,0.0,-0.722070331,1.653955421,0.0,0.009168424,0.0,0.0025,0.0,0.0,0.0,0.007294092,0.0,0.003847523,0.0,-0.3933293960495341,-0.3933293960495341,-0.722070331,1.653955421,0.009168424,0.0025,0.0,0.003847523,0.007294092,-0.3933293960495341
2015-07-30,-0.091005618,0.0,-1.040201513,0.0,-0.49332063,0.0,-0.018337689,0.0025,0.0,0.0,0.0,0.007294092,0.0,0.003847523,0.0,-0.3933293960495341,-0.3933293960495341,-1.040201513,-0.49332063,-0.018337689,0.0025,0.0,0.003847523,0.007294092,-0.3933293960495341
2015-07-31,-0.03035362,0.454629622,0.0,0.0,-2.969687071,0.009169265,0.0,0.0056,0.0,0.0,0.0,0.0,-0.090910201,0.012394027,0.0,-0.3933293960495341,-0.3933293960495341,0.454629622,-2.969687071,0.009169265,0.0056,0.0,0.012394027,-0.090910201,-0.3933293960495341
2015-08-03,-0.030362836,0.0,-1.797018079,0.0,-4.028262257,0.0,-0.027510317,0.0056,0.0,0.0,0.0,0.0,-0.090910201,0.012394027,0.0,-0.3933293960495341,-0.3933293960495341,-1.797018079,-4.028262257,-0.027510317,0.0056,0.0,0.012394027,-0.090910201,-0.3933293960495341
2015-08-04,-0.212798378,0.0,-1.497085272,1.098912158,0.0,0.009170946,0.0,0.0056,0.0,0.0,0.0,0.0,-0.090910201,0.012394027,0.0,-0.3933293960495341,-0.3933293960495341,-1.497085272,1.098912158,0.009170946,0.0056,0.0,0.012394027,-0.090910201,-0.3933293960495341
2015-08-05,-0.182759722,0.0,-1.203029493,0.0,-1.364457788,0.013754843,0.0,0.0056,0.0,0.0,0.0,0.0,-0.090910201,0.012394027,0.0,-0.3933293960495341,-0.3933293960495341,-1.203029493,-1.364457788,0.013754843,0.0056,0.0,0.012394027,-0.090910201,-0.3933293960495341
2015-08-06,-0.152555331,1.184934263,0.0,0.0,-0.979745089,0.0,-0.041270206,0.0056,0.0,0.0,0.0,0.0,-0.090910201,0.012394027,0.0,-0.3933293960495341,-0.3933293960495341,1.184934263,-0.979745089,-0.041270206,0.0056,0.0,0.012394027,-0.090910201,-0.3933293960495341
2015-08-07,0.091561123,0.0,-1.036878507,0.0,-1.851904777,0.013758628,0.0,0.0056,0.0,0.0,0.0,0.0,-0.090910201,0.012394027,0.0,-0.3933293960495341,-0.3933293960495341,-1.036878507,-1.851904777,0.013758628,0.0056,0.0,0.012394027,-0.090910201,-0.3933293960495341
2015-08-10,0.121951235,0.37332359,0.0,2.409755158,0.0,0.027511578,0.0,0.0056,0.0,0.0,0.0,0.0,-0.090910201,0.012394027,0.0,-0.3933293960495341,-0.3933293960495341,0.37332359,2.409755158,0.027511578,0.0056,0.0,0.012394027,-0.090910201,-0.3933293960495341
2015-08-11,0.304229015,1.86225121,0.0,0.0,-4.1573278,0.032087278,0.0,0.0056,0.0,0.0,0.0,0.0,-0.090910201,0.012394027,0.0,-0.3933293960495341,-0.3933293960495341,1.86225121,-4.1573278,0.032087278,0.0056,0.0,0.012394027,-0.090910201,-0.3933293960495341
2015-08-12,1.357691695,0.0,-0.95386595,0.254836232,0.0,0.507615303,0.0,0.0056,0.0,0.0,0.0,0.0,-0.090910201,0.012394027,0.0,-0.3933293960495341,-0.3933293960495341,-0.95386595,0.254836232,0.507615303,0.0056,0.0,0.012394027,-0.090910201,-0.3933293960495341
2015-08-13,2.164009153,0.0,-1.836798164,0.0,-2.22257365,0.290249637,0.0,0.0056,0.0,0.0,0.0,0.0,-0.090910201,0.012394027,0.0,-0.3933293960495341,-0.3933293960495341,-1.836798164,-2.22257365,0.290249637,0.0056,0.0,0.012394027,-0.090910201,-0.3933293960495341
2015-08-14,-1.179954693,0.0,-0.913493725,0.424929818,0.0,0.063379965,0.0,0.0056,0.0,0.0,0.0,0.0,-0.090910201,0.012394027,0.0,-0.3933293960495341,-0.3933293960495341,-0.913493725,0.424929818,0.063379965,0.0056,0.0,0.012394027,-0.090910201,-0.3933293960495341
2015-08-17,0.532703243,0.0,-0.699131899,0.0,-1.232535157,0.0,-0.027157923,0.0056,0.0,0.0,0.0,0.0,-0.090910201,0.012394027,0.0,-0.3933293960495341,-0.3933293960495341,-0.699131899,-1.232535157,-0.027157923,0.0056,0.0,0.012394027,-0.090910201,-0.3933293960495341
2015-08-18,-0.236406729,0.0,-2.993378548,1.538309828,0.0,0.0,-0.022637238,0.0056,0.0,0.0,0.0,0.0,-0.090910201,0.012394027,0.0,-0.3933293960495341,-0.3933293960495341,-2.993378548,1.538309828,-0.022637238,0.0056,0.0,0.012394027,-0.090910201,-0.3933293960495341
2015-08-19,0.29542119,0.893928845,0.0,0.0,-4.392881978,0.507615303,0.0,0.0056,0.0,0.0,0.0,0.0,-0.090910201,0.012394027,0.0,-0.3933293960495341,-0.3933293960495341,0.893928845,-4.392881978,0.507615303,0.0056,0.0,0.012394027,-0.090910201,-0.3933293960495341
2015-08-20,0.0,0.239114352,0.0,0.611622702,0.0,0.0,-0.004471572,0.0056,0.0,0.0,0.0,0.0,-0.090910201,0.012394027,0.0,-0.3933293960495341,-0.3933293960495341,0.239114352,0.611622702,-0.004471572,0.0056,0.0,0.012394027,-0.090910201,-0.3933293960495341
2015-08-21,1.464154999,0.0,-3.250488425,0.0,-1.35054232,0.507615303,0.0,0.0056,0.0,0.0,0.0,0.0,-0.090910201,0.012394027,0.0,-0.3933293960495341,-0.3933293960495341,-3.250488425,-1.35054232,0.507615303,0.0056,0.0,0.012394027,-0.090910201,-0.3933293960495341
2015-08-24,0.868312257,0.0,-1.596689234,0.0,-5.670770469,0.213219697,0.0,0.0056,0.0,0.0,0.0,0.0,-0.090910201,0.012394027,0.0,-0.3933293960495341,-0.3933293960495341,-1.596689234,-5.670770469,0.213219697,0.0056,0.0,0.012394027,-0.090910201,-0.3933293960495341
2015-08-25,-0.288600489,0.0,-4.195604674,2.404148362,0.0,0.0,0.0,0.0056,0.0,0.0,0.0,0.0,-0.090910201,0.012394027,0.0,-0.3933293960495341,-0.3933293960495341,-4.195604674,2.404148362,0.0,0.0056,0.0,0.012394027,-0.090910201,-0.3933293960495341
2015-08-26,-1.896482806,3.540507138,0.0,0.0,-1.674218114,0.0,-0.008875083,0.0056,0.0,0.0,0.0,0.0,-0.090910201,0.012394027,0.0,-0.3933293960495341,-0.3933293960495341,3.540507138,-1.674218114,-0.008875083,0.0056,0.0,0.012394027,-0.090910201,-0.3933293960495341
2015-08-27,-0.590843669,3.540507138,0.0,6.428831324,0.0,0.0,0.0,0.0056,0.0,0.0,0.0,0.0,-0.090910201,0.012394027,0.0,-0.3933293960495341,-0.3933293960495341,3.540507138,6.428831324,0.0,0.0056,0.0,0.012394027,-0.090910201,-0.3933293960495341
2015-08-28,0.679169893,1.701365989,0.0,6.428831324,0.0,0.0,-0.328933043,0.0056,0.0,0.0,0.0,0.0,-0.090910201,0.012394027,0.0,-0.3933293960495341,-0.3933293960495341,1.701365989,6.428831324,-0.328933043,0.0056,0.0,0.012394027,-0.090910201,-0.3933293960495341
2015-08-31,0.058840837,2.069781061,0.0,6.428831324,0.0,0.089007572,0.0,0.0021,0.0,0.0,0.0,0.044728813,0.0,0.0,-0.019052627,-0.3933293960495341,-0.3933293960495341,2.069781061,6.428831324,0.089007572,0.0021,0.0,-0.019052627,0.044728813,-0.3933293960495341
2015-09-01,0.44020614,0.0,-1.290793704,0.0,-6.814898374,0.0,-0.022244467,0.0021,0.0,0.0,0.0,0.044728813,0.0,0.0,-0.019052627,-0.3933293960495341,-0.3933293960495341,-1.290793704,-6.814898374,-0.022244467,0.0021,0.0,-0.019052627,0.044728813,-0.3933293960495341
2015-09-02,0.0,0.0,0.0,2.007048174,0.0,0.0,0.0,0.0021,0.0,0.0,0.0,0.044728813,0.0,0.0,-0.019052627,-0.3933293960495341,-0.3933293960495341,0.0,2.007048174,0.0,0.0021,0.0,-0.019052627,0.044728813,-0.3933293960495341
2015-09-03,-0.528480384,0.0,-1.143052434,0.967229464,0.0,0.0,-0.066763105,0.0021,0.0,0.0,0.0,0.044728813,0.0,0.0,-0.019052627,-0.3933293960495341,-0.3933293960495341,-1.143052434,0.967229464,-0.066763105,0.0021,0.0,-0.019052627,0.044728813,-0.3933293960495341
2015-09-04,-0.235779655,0.0,-0.802395323,0.0,-1.573817113,0.044513689,0.0,0.0021,0.0,0.0,0.0,0.044728813,0.0,0.0,-0.019052627,-0.3933293960495341,-0.3933293960495341,-0.802395323,-1.573817113,0.044513689,0.0021,0.0,-0.019052627,0.044728813,-0.3933293960495341
2015-09-07,0.08848253,0.399309833,0.0,0.0,0.0,0.0,-0.013352026,0.0021,0.0,0.0,0.0,0.044728813,0.0,0.0,-0.019052627,-0.3933293960495341,-0.3933293960495341,0.399309833,0.0,-0.013352026,0.0021,0.0,-0.019052627,0.044728813,-0.3933293960495341
2015-09-08,-0.117994114,0.0,-0.466016767,0.0,-0.21753326,0.28889551,0.0,0.0021,0.0,0.0,0.0,0.044728813,0.0,0.0,-0.019052627,-0.3933293960495341,-0.3933293960495341,-0.466016767,-0.21753326,0.28889551,0.0021,0.0,-0.019052627,0.044728813,-0.3933293960495341
2015-09-09,0.117994114,3.470318286,0.0,0.0,-3.976092873,0.0,-0.275543484,0.0021,0.0,0.0,0.0,0.044728813,0.0,0.0,-0.019052627,-0.3933293960495341,-0.3933293960495341,3.470318286,-3.976092873,-0.275543484,0.0021,0.0,-0.019052627,0.044728813,-0.3933293960495341
2015-09-10,-0.058979654,0.0,-1.147555013,3.823537542,0.0,0.266666825,0.0,0.0021,0.0,0.0,0.0,0.044728813,0.0,0.0,-0.019052627,-0.3933293960495341,-0.3933293960495341,-1.147555013,3.823537542,0.266666825,0.0021,0.0,-0.019052627,0.044728813,-0.3933293960495341
2015-09-11,0.088456441,0.812534633,0.0,0.0,-2.428375398,0.0,0.0,0.0021,0.0,0.0,0.0,0.044728813,0.0,0.0,-0.019052627,-0.3933293960495341,-0.3933293960495341,0.812534633,-2.428375398,0.0,0.0021,0.0,-0.019052627,0.044728813,-0.3933293960495341
2015-09-14,-0.206520209,0.0,-0.443180055,0.0,-1.531216587,0.0,-0.436554171,0.0021,0.0,0.0,0.0,0.044728813,0.0,0.0,-0.019052627,-0.3933293960495341,-0.3933293960495341,-0.443180055,-1.531216587,-0.436554171,0.0021,0.0,-0.019052627,0.044728813,-0.3933293960495341
2015-09-15,-0.029537735,0.0,-0.922413263,1.15060491,0.0,0.373982004,0.0,0.0021,0.0,0.0,0.0,0.044728813,0.0,0.0,-0.019052627,-0.3933293960495341,-0.3933293960495341,-0.922413263,1.15060491,0.373982004,0.0021,0.0,-0.019052627,0.044728813,-0.3933293960495341
2015-09-16,0.0,0.0,-0.447507495,5.541221139,0.0,0.0,-0.111158056,0.0021,0.0,0.0,0.0,0.044728813,0.0,0.0,-0.019052627,-0.3933293960495341,-0.3933293960495341,-0.447507495,5.541221139,-0.111158056,0.0021,0.0,-0.019052627,0.044728813,-0.3933293960495341
2015-09-17,0.265526045,0.367742178,0.0,0.0,-0.404040954,0.06670966,0.0,0.0021,0.0,0.0,0.0,0.044728813,0.0,0.0,-0.019052627,-0.3933293960495341,-0.3933293960495341,0.367742178,-0.404040954,0.06670966,0.0021,0.0,-0.019052627,0.044728813,-0.3933293960495341
2015-09-18,0.323577279,0.134677768,0.0,0.0,-4.845993956,0.0,-0.155725154,0.0021,0.0,0.0,0.0,0.044728813,0.0,0.0,-0.019052627,-0.3933293960495341,-0.3933293960495341,0.134677768,-4.845993956,-0.155725154,0.0021,0.0,-0.019052627,0.044728813,-0.3933293960495341
2015-09-21,-0.088144563,0.362373676,0.0,4.290436972,0.0,0.0,0.0,0.0021,0.0,0.0,0.0,0.044728813,0.0,0.0,-0.019052627,-0.3933293960495341,-0.3933293960495341,0.362373676,4.290436972,0.0,0.0021,0.0,-0.019052627,0.044728813,-0.3933293960495341
2015-09-22,-0.294377604,1.114212768,0.0,0.0,-1.077132344,0.066769048,0.0,0.0021,0.0,0.0,0.0,0.044728813,0.0,0.0,-0.019052627,-0.3933293960495341,-0.3933293960495341,1.114212768,-1.077132344,0.066769048,0.0021,0.0,-0.019052627,0.044728813,-0.3933293960495341
2015-09-23,-0.265682813,0.0,-0.428423447,0.0,-3.616711719,0.022246446,0.0,0.0021,0.0,0.0,0.0,0.044728813,0.0,0.0,-0.019052627,-0.3933293960495341,-0.3933293960495341,-0.428423447,-3.616711719,0.022246446,0.0021,0.0,-0.019052627,0.044728813,-0.3933293960495341
2015-09-24,0.147688699,0.49993986,0.0,0.916514742,0.0,0.022241498,0.0,0.0021,0.0,0.0,0.0,0.044728813,0.0,0.0,-0.019052627,-0.3933293960495341,-0.3933293960495341,0.49993986,0.916514742,0.022241498,0.0021,0.0,-0.019052627,0.044728813,-0.3933293960495341
2015-09-25,0.117994114,0.0,-0.540253607,1.348235695,0.0,0.0,-0.053387909,0.0021,0.0,0.0,0.0,0.044728813,0.0,0.0,-0.019052627,-0.3933293960495341,-0.3933293960495341,-0.540253607,1.348235695,-0.053387909,0.0021,0.0,-0.019052627,0.044728813,-0.3933293960495341
2015-09-28,-0.47281412,0.154156114,0.0,0.0,-2.557115427,0.008899964,0.0,0.0021,0.0,0.0,0.0,0.044728813,0.0,0.0,-0.019052627,-0.3933293960495341,-0.3933293960495341,0.154156114,-2.557115427,0.008899964,0.0021,0.0,-0.019052627,0.044728813,-0.3933293960495341
2015-09-29,-0.296648097,0.0,-2.026379543,1.874218181,0.0,0.0,-0.040056079,0.0021,0.0,0.0,0.0,0.044728813,0.0,0.0,-0.019052627,-0.3933293960495341,-0.3933293960495341,-2.026379543,1.874218181,-0.040056079,0.0021,0.0,-0.019052627,0.044728813,-0.3933293960495341
2015-09-30,0.029704441,0.475796787,0.0,0.0,-0.398671624,0.031156115,0.0,0.0,-0.0012,0.0,0.0,0.0,-0.006194662,0.013146978,0.0,-0.3933293960495341,-0.3933293960495341,0.475796787,-0.398671624,0.031156115,-0.0012,0.0,0.013146978,-0.006194662,-0.3933293960495341
2015-10-01,-0.148610519,0.158097183,0.0,0.0,-0.690349028,0.0,0.0,0.0,-0.0012,0.0,0.0,0.0,-0.006194662,0.013146978,0.0,0.12355237645260875,0.12355237645260875,0.158097183,-0.690349028,0.0,-0.0012,0.0,0.013146978,-0.006194662,0.1235523764526087
2015-10-02,-0.029748624,0.0,-0.010650383,1.749961591,0.0,0.0,-0.004450279,0.0,-0.0012,0.0,0.0,0.0,-0.006194662,0.013146978,0.0,0.12355237645260875,0.12355237645260875,-0.010650383,1.749961591,-0.004450279,-0.0012,0.0,0.013146978,-0.006194662,0.1235523764526087
2015-10-05,0.237741568,0.221648981,0.0,1.611884169,0.0,0.026698705,0.0,0.0,-0.0012,0.0,0.0,0.0,-0.006194662,0.013146978,0.0,0.12355237645260875,0.12355237645260875,0.221648981,1.611884169,0.026698705,-0.0012,0.0,0.013146978,-0.006194662,0.1235523764526087
2015-10-06,-0.118800133,2.253976668,0.0,4.747226109,0.0,0.0,-0.031149183,0.0,-0.0012,0.0,0.0,0.0,-0.006194662,0.013146978,0.0,0.12355237645260875,0.12355237645260875,2.253976668,4.747226109,-0.031149183,-0.0012,0.0,0.013146978,-0.006194662,0.1235523764526087
2015-10-07,0.148478127,1.122775308,0.0,0.0,-1.390208094,0.0,-0.008901549,0.0,-0.0012,0.0,0.0,0.0,-0.006194662,0.013146978,0.0,0.12355237645260875,0.12355237645260875,1.122775308,-1.390208094,-0.008901549,-0.0012,0.0,0.013146978,-0.006194662,0.1235523764526087
2015-10-08,-0.148478127,0.0,-0.675254497,3.288417961,0.0,0.0,-0.436554171,0.0,-0.0012,0.0,0.0,0.0,-0.006194662,0.013146978,0.0,0.12355237645260875,0.12355237645260875,-0.675254497,3.288417961,-0.436554171,-0.0012,0.0,0.013146978,-0.006194662,0.1235523764526087
2015-10-09,0.207807704,1.805883442,0.0,0.423686703,0.0,0.085649249,0.0,0.0,-0.0012,0.0,0.0,0.0,-0.006194662,0.013146978,0.0,0.12355237645260875,0.12355237645260875,1.805883442,0.423686703,0.085649249,-0.0012,0.0,0.013146978,-0.006194662,0.1235523764526087
2015-10-12,0.296121034,0.179314593,0.0,0.0,-5.334046486,0.507615303,0.0,0.0,-0.0012,0.0,0.0,0.0,-0.006194662,0.013146978,0.0,0.12355237645260875,0.12355237645260875,0.179314593,-5.334046486,0.507615303,-0.0012,0.0,0.013146978,-0.006194662,0.1235523764526087
2015-10-13,-0.207192615,0.0,-0.437007369,0.0,-0.831649958,0.241535207,0.0,0.0,-0.0012,0.0,0.0,0.0,-0.006194662,0.013146978,0.0,0.12355237645260875,0.12355237645260875,-0.437007369,-0.831649958,0.241535207,-0.0012,0.0,0.013146978,-0.006194662,0.1235523764526087
2015-10-14,0.266311742,0.568750793,0.0,0.0,-0.150005385,0.026801269,0.0,0.0,-0.0012,0.0,0.0,0.0,-0.006194662,0.013146978,0.0,0.12355237645260875,0.12355237645260875,0.568750793,-0.150005385,0.026801269,-0.0012,0.0,0.013146978,-0.006194662,0.1235523764526087
2015-10-15,0.295072507,0.0,-0.184151225,0.0,-0.537577899,0.0,-0.026801269,0.0,-0.0012,0.0,0.0,0.0,-0.006194662,0.013146978,0.0,0.12355237645260875,0.12355237645260875,-0.184151225,-0.537577899,-0.026801269,-0.0012,0.0,0.013146978,-0.006194662,0.1235523764526087
2015-10-16,-0.147427419,0.175711338,0.0,1.964196367,0.0,0.0,-0.436554171,0.0,-0.0012,0.0,0.0,0.0,-0.006194662,0.013146978,0.0,0.12355237645260875,0.12355237645260875,0.175711338,1.964196367,-0.436554171,-0.0012,0.0,0.013146978,-0.006194662,0.1235523764526087
2015-10-19,-0.384331589,0.24783578,0.0,0.0,-2.982733724,0.507615303,0.0,0.0,-0.0012,0.0,0.0,0.0,-0.006194662,0.013146978,0.0,0.12355237645260875,0.12355237645260875,0.24783578,-2.982733724,0.507615303,-0.0012,0.0,0.013146978,-0.006194662,0.1235523764526087
2015-10-20,-0.059259261,0.185054391,0.0,0.0,-0.152588585,0.0,-0.017869907,0.0,-0.0012,0.0,0.0,0.0,-0.006194662,0.013146978,0.0,0.12355237645260875,0.12355237645260875,0.185054391,-0.152588585,-0.017869907,-0.0012,0.0,0.013146978,-0.006194662,0.1235523764526087
2015-10-21,0.059259261,0.0,-0.76598991,0.0,-1.361760556,0.008935353,0.0,0.0,-0.0012,0.0,0.0,0.0,-0.006194662,0.013146978,0.0,0.12355237645260875,0.12355237645260875,-0.76598991,-1.361760556,0.008935353,-0.0012,0.0,0.013146978,-0.006194662,0.1235523764526087
2015-10-22,-0.029625241,0.0,-0.032185116,0.0,-0.71016721,0.0,-0.436554171,0.0,-0.0012,0.0,0.0,0.0,-0.006194662,0.013146978,0.0,0.12355237645260875,0.12355237645260875,-0.032185116,-0.71016721,-0.436554171,-0.0012,0.0,0.013146978,-0.006194662,0.1235523764526087
2015-10-23,0.088849406,1.398082985,0.0,0.0,-2.229571017,0.48365522,0.0,0.0,-0.0012,0.0,0.0,0.0,-0.006194662,0.013146978,0.0,0.12355237645260875,0.12355237645260875,1.398082985,-2.229571017,0.48365522,-0.0012,0.0,0.013146978,-0.006194662,0.1235523764526087
2015-10-26,-0.148126231,0.97427119,0.0,0.0,-1.65330976,0.0,-0.384942958,0.0,-0.0012,0.0,0.0,0.0,-0.006194662,0.013146978,0.0,0.12355237645260875,0.12355237645260875,0.97427119,-1.65330976,-0.384942958,-0.0012,0.0,0.013146978,-0.006194662,0.1235523764526087
2015-10-27,0.0,0.0,-1.099652575,0.046296297,0.0,0.035871223,0.0,0.0,-0.0012,0.0,0.0,0.0,-0.006194662,0.013146978,0.0,0.12355237645260875,0.12355237645260875,-1.099652575,0.046296297,0.035871223,-0.0012,0.0,0.013146978,-0.006194662,0.1235523764526087
2015-10-28,0.0,0.21555874,0.0,6.104654839,0.0,0.0,-0.008966599,0.0,-0.0012,0.0,0.0,0.0,-0.006194662,0.013146978,0.0,0.12355237645260875,0.12355237645260875,0.21555874,6.104654839,-0.008966599,-0.0012,0.0,0.013146978,-0.006194662,0.1235523764526087
2015-10-29,-0.237459298,0.038384193,0.0,0.195758627,0.0,0.040343367,0.0,0.0,-0.0012,0.0,0.0,0.0,-0.006194662,0.013146978,0.0,0.12355237645260875,0.12355237645260875,0.038384193,0.195758627,0.040343367,-0.0012,0.0,0.013146978,-0.006194662,0.1235523764526087
2015-10-30,-0.23802451,1.024236841,0.0,1.252445652,0.0,0.0,-0.017928376,0.0,-0.0012,0.0,0.0,0.0,-0.006194662,0.013146978,0.0,0.12355237645260875,0.12355237645260875,1.024236841,1.252445652,-0.017928376,-0.0012,0.0,0.013146978,-0.006194662,0.1235523764526087
2015-11-02,-0.029792939,0.402169618,0.0,0.0,-1.035384573,0.0,-0.049319615,0.0,-0.0033,0.0,0.0,0.016756243,0.0,0.002961762,0.0,0.12355237645260875,0.12355237645260875,0.402169618,-1.035384573,-0.049319615,-0.0033,0.0,0.002961762,0.016756243,0.1235523764526087
2015-11-03,-0.119260599,0.0,-0.430249994,3.745118529,0.0,0.080692164,0.0,0.0,-0.0033,0.0,0.0,0.016756243,0.0,0.002961762,0.0,0.12355237645260875,0.12355237645260875,-0.430249994,3.745118529,0.080692164,-0.0033,0.0,0.002961762,0.016756243,0.1235523764526087
2015-11-04,-0.568438329,2.008375489,0.0,0.0,-3.312404743,0.0,-0.017925966,0.0,-0.0033,0.0,0.0,0.016756243,0.0,0.002961762,0.0,0.12355237645260875,0.12355237645260875,2.008375489,-3.312404743,-0.017925966,-0.0033,0.0,0.002961762,0.016756243,0.1235523764526087
2015-11-05,-0.541517569,0.0,-1.321845681,0.0,-2.292927182,0.004481793,0.0,0.0,-0.0033,0.0,0.0,0.016756243,0.0,0.002961762,0.0,0.12355237645260875,0.12355237645260875,-1.321845681,-2.292927182,0.004481793,-0.0033,0.0,0.002961762,0.016756243,0.1235523764526087
2015-11-06,0.391389932,0.987738943,0.0,0.0,-2.120851901,0.192527316,0.0,0.0,-0.0033,0.0,0.0,0.016756243,0.0,0.002961762,0.0,0.12355237645260875,0.12355237645260875,0.987738943,-2.120851901,0.192527316,-0.0033,0.0,0.002961762,0.016756243,0.1235523764526087
2015-11-09,-0.180451177,0.0,-0.529390484,0.0,-1.020532726,0.285867624,0.0,0.0,-0.0033,0.0,0.0,0.016756243,0.0,0.002961762,0.0,0.12355237645260875,0.12355237645260875,-0.529390484,-1.020532726,0.285867624,-0.0033,0.0,0.002961762,0.016756243,0.1235523764526087
2015-11-10,0.090266292,0.0,-0.489526923,0.81725767,0.0,0.0,-0.133898703,0.0,-0.0033,0.0,0.0,0.016756243,0.0,0.002961762,0.0,0.12355237645260875,0.12355237645260875,-0.489526923,0.81725767,-0.133898703,-0.0033,0.0,0.002961762,0.016756243,0.1235523764526087
2015-11-11,-0.090266292,0.0,-0.852135069,0.0,-2.936664345,0.0,-0.044672773,0.0,-0.0033,0.0,0.0,0.016756243,0.0,0.002961762,0.0,0.12355237645260875,0.12355237645260875,-0.852135069,-2.936664345,-0.044672773,-0.0033,0.0,0.002961762,0.016756243,0.1235523764526087
2015-11-12,-0.060222826,0.0,-0.349873922,0.0,-2.857674678,0.067001678,0.0,0.0,-0.0033,0.0,0.0,0.016756243,0.0,0.002961762,0.0,0.12355237645260875,0.12355237645260875,-0.349873922,-2.857674678,0.067001678,-0.0033,0.0,0.002961762,0.016756243,0.1235523764526087
2015-11-13,-0.180886392,0.396210825,0.0,0.0,-2.547753964,0.089265795,0.0,0.0,-0.0033,0.0,0.0,0.016756243,0.0,0.002961762,0.0,0.12355237645260875,0.12355237645260875,0.396210825,-2.547753964,0.089265795,-0.0033,0.0,0.002961762,0.016756243,0.1235523764526087
2015-11-16,0.361446177,0.882906129,0.0,2.403903543,0.0,0.066897092,0.0,0.0,-0.0033,0.0,0.0,0.016756243,0.0,0.002961762,0.0,0.12355237645260875,0.12355237645260875,0.882906129,2.403903543,0.066897092,-0.0033,0.0,0.002961762,0.016756243,0.1235523764526087
2015-11-17,-0.210684803,0.0,-0.050851768,0.0,-2.305647578,0.178173767,0.0,0.0,-0.0033,0.0,0.0,0.016756243,0.0,0.002961762,0.0,0.12355237645260875,0.12355237645260875,-0.050851768,-2.305647578,0.178173767,-0.0033,0.0,0.002961762,0.016756243,0.1235523764526087
2015-11-18,-0.362209874,0.0,-1.01255833,0.049091803,0.0,0.0,-0.178173767,0.0,-0.0033,0.0,0.0,0.016756243,0.0,0.002961762,0.0,0.12355237645260875,0.12355237645260875,-1.01255833,0.049091803,-0.178173767,-0.0033,0.0,0.002961762,0.016756243,0.1235523764526087
2015-11-19,0.2114485,0.175540328,0.0,0.0,-0.492005913,0.178173767,0.0,0.0,-0.0033,0.0,0.0,0.016756243,0.0,0.002961762,0.0,0.12355237645260875,0.12355237645260875,0.175540328,-0.492005913,0.178173767,-0.0033,0.0,0.002961762,0.016756243,0.1235523764526087
2015-11-20,0.090484096,0.0,-0.376298631,0.0,-2.902380358,0.0,-0.022254368,0.0,-0.0033,0.0,0.0,0.016756243,0.0,0.002961762,0.0,0.12355237645260875,0.12355237645260875,-0.376298631,-2.902380358,-0.022254368,-0.0033,0.0,0.002961762,0.016756243,0.1235523764526087
2015-11-23,-0.332176057,0.625829857,0.0,0.0,-0.305110839,0.08898777,0.0,0.0,-0.0033,0.0,0.0,0.016756243,0.0,0.002961762,0.0,0.12355237645260875,0.12355237645260875,0.625829857,-0.305110839,0.08898777,-0.0033,0.0,0.002961762,0.016756243,0.1235523764526087
2015-11-24,0.0,0.0,-1.008551304,4.042466579,0.0,0.0,-0.075634555,0.0,-0.0033,0.0,0.0,0.016756243,0.0,0.002961762,0.0,0.12355237645260875,0.12355237645260875,-1.008551304,4.042466579,-0.075634555,-0.0033,0.0,0.002961762,0.016756243,0.1235523764526087
2015-11-25,-0.03025261,0.0,-1.101389953,0.803804109,0.0,0.0,0.0,0.0,-0.0033,0.0,0.0,0.016756243,0.0,0.002961762,0.0,0.12355237645260875,0.12355237645260875,-1.101389953,0.803804109,0.0,-0.0033,0.0,0.002961762,0.016756243,0.1235523764526087
2015-11-26,0.0,0.0,-0.020229947,0.0,0.0,0.053395036,0.0,0.0,-0.0033,0.0,0.0,0.016756243,0.0,0.002961762,0.0,0.12355237645260875,0.12355237645260875,-0.020229947,0.0,0.053395036,-0.0033,0.0,0.002961762,0.016756243,0.1235523764526087
2015-11-27,-0.151400483,0.0,-0.681776607,0.0,-1.589469824,0.0,-0.022244467,0.0,-0.0033,0.0,0.0,0.016756243,0.0,0.002961762,0.0,0.12355237645260875,0.12355237645260875,-0.681776607,-1.589469824,-0.022244467,-0.0033,0.0,0.002961762,0.016756243,0.1235523764526087
2015-11-30,-0.486027688,0.0,-1.315718522,0.0,-0.345679357,0.0,-0.031150569,0.0017,0.0,0.0,0.0,0.0,-0.083062378,0.0,-0.01369312,0.12355237645260875,0.12355237645260875,-1.315718522,-0.345679357,-0.031150569,0.0017,0.0,-0.01369312,-0.083062378,0.1235523764526087
2015-12-01,0.152137562,0.0,-1.385567465,0.370325074,0.0,0.088975893,0.0,0.0017,0.0,0.0,0.0,0.0,-0.083062378,0.0,-0.01369312,0.12355237645260875,0.12355237645260875,-1.385567465,0.370325074,0.088975893,0.0017,0.0,-0.01369312,-0.083062378,0.1235523764526087
2015-12-02,-0.121691527,0.0,-0.415939083,0.0,-1.614741332,0.031122869,0.0,0.0017,0.0,0.0,0.0,0.0,-0.083062378,0.0,-0.01369312,0.12355237645260875,0.12355237645260875,-0.415939083,-1.614741332,0.031122869,0.0017,0.0,-0.01369312,-0.083062378,0.1235523764526087
2015-12-03,-0.427090338,0.529235767,0.0,2.839346399,0.0,0.0,-0.066703727,0.0017,0.0,0.0,0.0,0.0,-0.083062378,0.0,-0.01369312,0.12355237645260875,0.12355237645260875,0.529235767,2.839346399,-0.066703727,0.0017,0.0,-0.01369312,-0.083062378,0.1235523764526087
2015-12-04,0.213773177,0.0,-0.006968398,0.0,-2.664193095,0.0,-0.044493883,0.0017,0.0,0.0,0.0,0.0,-0.083062378,0.0,-0.01369312,0.12355237645260875,0.12355237645260875,-0.006968398,-2.664193095,-0.044493883,0.0017,0.0,-0.01369312,-0.083062378,0.1235523764526087
2015-12-07,0.638591192,0.0,-0.678253133,0.0,-6.08121394,0.022249416,0.0,0.0017,0.0,0.0,0.0,0.0,-0.083062378,0.0,-0.01369312,0.12355237645260875,0.12355237645260875,-0.678253133,-6.08121394,0.022249416,0.0017,0.0,-0.01369312,-0.083062378,0.1235523764526087
2015-12-08,-0.121322429,0.0,-1.612595946,0.0,-0.47936177,0.0,-0.066763105,0.0017,0.0,0.0,0.0,0.0,-0.083062378,0.0,-0.01369312,0.12355237645260875,0.12355237645260875,-1.612595946,-0.47936177,-0.066763105,0.0017,0.0,-0.01369312,-0.083062378,0.1235523764526087
2015-12-09,0.121322429,2.529240659,0.0,0.0,-0.804078307,0.044513689,0.0,0.0017,0.0,0.0,0.0,0.0,-0.083062378,0.0,-0.01369312,0.12355237645260875,0.12355237645260875,2.529240659,-0.804078307,0.044513689,0.0017,0.0,-0.01369312,-0.083062378,0.1235523764526087
2015-12-10,-0.182038885,0.0,-1.843539928,0.0,-1.082261646,0.0,0.0,0.0017,0.0,0.0,0.0,0.0,-0.083062378,0.0,-0.01369312,0.12355237645260875,0.12355237645260875,-1.843539928,-1.082261646,0.0,0.0017,0.0,-0.01369312,-0.083062378,0.1235523764526087
2015-12-11,-0.121543619,0.0,-0.687483278,0.0,-3.066115063,0.088967977,0.0,0.0017,0.0,0.0,0.0,0.0,-0.083062378,0.0,-0.01369312,0.12355237645260875,0.12355237645260875,-0.687483278,-3.066115063,0.088967977,0.0017,0.0,-0.01369312,-0.083062378,0.1235523764526087
2015-12-14,-0.060827252,0.559936759,0.0,1.834403857,0.0,0.044454324,0.0,0.0017,0.0,0.0,0.0,0.0,-0.083062378,0.0,-0.01369312,0.12355237645260875,0.12355237645260875,0.559936759,1.834403857,0.044454324,0.0017,0.0,-0.01369312,-0.083062378,0.1235523764526087
2015-12-15,-0.213187229,0.0,-0.149010174,2.743619055,0.0,0.133244523,0.0,0.0017,0.0,0.0,0.0,0.0,-0.083062378,0.0,-0.01369312,0.12355237645260875,0.12355237645260875,-0.149010174,2.743619055,0.133244523,0.0017,0.0,-0.01369312,-0.083062378,0.1235523764526087
2015-12-16,0.091421612,1.245539451,0.0,0.0,-4.858921973,0.0,-0.057717497,0.0017,0.0,0.0,0.0,0.0,-0.083062378,0.0,-0.01369312,0.12355237645260875,0.12355237645260875,1.245539451,-4.858921973,-0.057717497,0.0017,0.0,-0.01369312,-0.083062378,0.1235523764526087
2015-12-17,-0.121914066,0.383232745,0.0,0.0,-1.616368666,0.0,-0.07997157,0.0017,0.0,0.0,0.0,0.0,-0.083062378,0.0,-0.01369312,0.12355237645260875,0.12355237645260875,0.383232745,-1.616368666,-0.07997157,0.0017,0.0,-0.01369312,-0.083062378,0.1235523764526087
2015-12-18,-0.244274931,0.36784937,0.0,0.0,-0.74605798,0.0,-0.013334815,0.0017,0.0,0.0,0.0,0.0,-0.083062378,0.0,-0.01369312,0.12355237645260875,0.12355237645260875,0.36784937,-0.74605798,-0.013334815,0.0017,0.0,-0.01369312,-0.083062378,0.1235523764526087
2015-12-21,0.305250542,0.0,-0.735303852,0.0,-0.490833958,0.217579624,0.0,0.0017,0.0,0.0,0.0,0.0,-0.083062378,0.0,-0.01369312,0.12355237645260875,0.12355237645260875,-0.735303852,-0.490833958,0.217579624,0.0017,0.0,-0.01369312,-0.083062378,0.1235523764526087
2015-12-22,0.0,0.0,-0.451539425,4.443917834,0.0,0.004435475,0.0,0.0017,0.0,0.0,0.0,0.0,-0.083062378,0.0,-0.01369312,0.12355237645260875,0.12355237645260875,-0.451539425,4.443917834,0.004435475,0.0017,0.0,-0.01369312,-0.083062378,0.1235523764526087
2015-12-23,-0.121988426,0.0,-0.520829913,1.756356894,0.0,0.0,-0.128708714,0.0017,0.0,0.0,0.0,0.0,-0.083062378,0.0,-0.01369312,0.12355237645260875,0.12355237645260875,-0.520829913,1.756356894,-0.128708714,0.0017,0.0,-0.01369312,-0.083062378,0.1235523764526087
2015-12-24,0.091505268,0.303999951,0.0,2.312552639,0.0,0.0,0.0,0.0017,0.0,0.0,0.0,0.0,-0.083062378,0.0,-0.01369312,0.12355237645260875,0.12355237645260875,0.303999951,2.312552639,0.0,0.0017,0.0,-0.01369312,-0.083062378,0.1235523764526087
2015-12-25,0.030483158,0.0,-0.008824178,0.0,0.0,0.102092913,0.0,0.0017,0.0,0.0,0.0,0.0,-0.083062378,0.0,-0.01369312,0.12355237645260875,0.12355237645260875,-0.008824178,0.0,0.102092913,0.0017,0.0,-0.01369312,-0.083062378,0.1235523764526087
2015-12-28,-0.183038489,0.698227377,0.0,0.0,-3.406655456,0.0,-0.102092913,0.0017,0.0,0.0,0.0,0.0,-0.083062378,0.0,-0.01369312,0.12355237645260875,0.12355237645260875,0.698227377,-3.406655456,-0.102092913,0.0017,0.0,-0.01369312,-0.083062378,0.1235523764526087
2015-12-29,-0.489746923,0.0,-0.205268632,4.095399901,0.0,0.0,-0.208949328,0.0017,0.0,0.0,0.0,0.0,-0.083062378,0.0,-0.01369312,0.12355237645260875,0.12355237645260875,-0.205268632,4.095399901,-0.208949328,0.0017,0.0,-0.01369312,-0.083062378,0.1235523764526087
2015-12-30,-0.46132636,1.239216487,0.0,0.0,-3.464828929,0.0,-0.285230606,0.0017,0.0,0.0,0.0,0.0,-0.083062378,0.0,-0.01369312,0.12355237645260875,0.12355237645260875,1.239216487,-3.464828929,-0.285230606,0.0017,0.0,-0.01369312,-0.083062378,0.1235523764526087
2015-12-31,-0.1851281,0.453437028,0.0,1.465028916,0.0,0.329724489,0.0,0.0012,0.0,0.0,0.0,0.062784187,0.0,0.010234787,0.0,0.12355237645260875,0.12355237645260875,0.453437028,1.465028916,0.329724489,0.0012,0.0,0.010234787,0.062784187,0.1235523764526087
2016-01-01,0.0,0.0,0.0,0.0,0.0,0.0,0.0,0.0012,0.0,0.0,0.0,0.062784187,0.0,0.010234787,0.0,0.05168323395185981,0.05168323395185981,0.0,0.0,0.0,0.0012,0.0,0.010234787,0.062784187,0.0516832339518598
2016-01-04,0.677134012,0.0,-0.015542028,0.0,-0.86557208,0.0,-0.249421116,0.0012,0.0,0.0,0.0,0.062784187,0.0,0.010234787,0.0,0.05168323395185981,0.05168323395185981,-0.015542028,-0.86557208,-0.249421116,0.0012,0.0,0.010234787,0.062784187,0.0516832339518598
2016-01-05,0.214493724,0.0,-1.280988065,0.0,-2.308428968,0.151508429,0.0,0.0012,0.0,0.0,0.0,0.062784187,0.0,0.010234787,0.0,0.05168323395185981,0.05168323395185981,-1.280988065,-2.308428968,0.151508429,0.0012,0.0,0.010234787,0.062784187,0.0516832339518598
2016-01-06,-0.183823581,0.0,-0.378562617,0.0,-5.720747554,0.031164437,0.0,0.0012,0.0,0.0,0.0,0.062784187,0.0,0.010234787,0.0,0.05168323395185981,0.05168323395185981,-0.378562617,-5.720747554,0.031164437,0.0012,0.0,0.010234787,0.062784187,0.0516832339518598
2016-01-07,0.122586592,0.19647061,0.0,0.0,-2.022073059,0.0,-0.164836426,0.0012,0.0,0.0,0.0,0.062784187,0.0,0.010234787,0.0,0.05168323395185981,0.05168323395185981,0.19647061,-2.022073059,-0.164836426,0.0012,0.0,0.010234787,0.062784187,0.0516832339518598
2016-01-08,0.397371759,0.0,-1.411904433,0.0,-0.270717566,0.0,-0.008917822,0.0012,0.0,0.0,0.0,0.062784187,0.0,0.010234787,0.0,0.05168323395185981,0.05168323395185981,-1.411904433,-0.270717566,-0.008917822,0.0012,0.0,0.010234787,0.062784187,0.0516832339518598
2016-01-11,0.243753929,0.0,-0.591844283,0.0,-5.510524309,0.0,-0.035679244,0.0012,0.0,0.0,0.0,0.062784187,0.0,0.010234787,0.0,0.05168323395185981,0.05168323395185981,-0.591844283,-5.510524309,-0.035679244,0.0012,0.0,0.010234787,0.062784187,0.0516832339518598
2016-01-12,-0.304785362,0.0,-0.347465111,0.0,-3.2344346,0.044597066,0.0,0.0012,0.0,0.0,0.0,0.062784187,0.0,0.010234787,0.0,0.05168323395185981,0.05168323395185981,-0.347465111,-3.2344346,0.044597066,0.0012,0.0,0.010234787,0.062784187,0.0516832339518598
2016-01-13,-0.428266179,1.398599278,0.0,0.0,0.0,0.0,-0.156176824,0.0012,0.0,0.0,0.0,0.062784187,0.0,0.010234787,0.0,0.05168323395185981,0.05168323395185981,1.398599278,0.0,-0.156176824,0.0012,0.0,0.010234787,0.062784187,0.0516832339518598
2016-01-14,0.122549035,0.0,-1.664489989,2.595862826,0.0,0.191840162,0.0,0.0012,0.0,0.0,0.0,0.062784187,0.0,0.010234787,0.0,0.05168323395185981,0.05168323395185981,-1.664489989,2.595862826,0.191840162,0.0012,0.0,0.010234787,0.062784187,0.0516832339518598
2016-01-15,-0.153209774,0.0,-0.27561874,0.0,-5.836500499,0.0,-0.093643404,0.0012,0.0,0.0,0.0,0.062784187,0.0,0.010234787,0.0,0.05168323395185981,0.05168323395185981,-0.27561874,-5.836500499,-0.093643404,0.0012,0.0,0.010234787,0.062784187,0.0516832339518598
2016-01-18,-0.122737051,0.0,-4.013824409,0.0,0.0,0.0,-0.223314072,0.0012,0.0,0.0,0.0,0.062784187,0.0,0.010234787,0.0,0.05168323395185981,0.05168323395185981,-4.013824409,0.0,-0.223314072,0.0012,0.0,0.010234787,0.062784187,0.0516832339518598
2016-01-19,0.061387356,0.0,-1.302242011,0.0,-3.384300881,0.120651533,0.0,0.0012,0.0,0.0,0.0,0.062784187,0.0,0.010234787,0.0,0.05168323395185981,0.05168323395185981,-1.302242011,-3.384300881,0.120651533,0.0012,0.0,0.010234787,0.062784187,0.0516832339518598
2016-01-20,-0.030688968,1.35292958,0.0,0.0,-6.493668024,0.017861927,0.0,0.0012,0.0,0.0,0.0,0.062784187,0.0,0.010234787,0.0,0.05168323395185981,0.05168323395185981,1.35292958,-6.493668024,0.017861927,0.0012,0.0,0.010234787,0.062784187,0.0516832339518598
2016-01-21,0.030688968,0.0,-0.634504365,6.428831324,0.0,0.0,-0.268264491,0.0012,0.0,0.0,0.0,0.062784187,0.0,0.010234787,0.0,0.05168323395185981,0.05168323395185981,-0.634504365,6.428831324,-0.268264491,0.0012,0.0,0.010234787,0.062784187,0.0516832339518598
2016-01-22,0.030679552,0.0,-1.438216778,6.428831324,0.0,0.250402563,0.0,0.0012,0.0,0.0,0.0,0.062784187,0.0,0.010234787,0.0,0.05168323395185981,0.05168323395185981,-1.438216778,6.428831324,0.250402563,0.0012,0.0,0.010234787,0.062784187,0.0516832339518598
2016-01-25,-0.030679552,0.068957594,0.0,0.0,-5.644332264,0.0,-0.348946804,0.0012,0.0,0.0,0.0,0.062784187,0.0,0.010234787,0.0,0.05168323395185981,0.05168323395185981,0.068957594,-5.644332264,-0.348946804,0.0012,0.0,0.010234787,0.062784187,0.0516832339518598
2016-01-26,0.214559469,2.238093986,0.0,0.0,-2.573241397,0.0,-0.049308561,0.0012,0.0,0.0,0.0,0.062784187,0.0,0.010234787,0.0,0.05168323395185981,0.05168323395185981,2.238093986,-2.573241397,-0.049308561,0.0012,0.0,0.010234787,0.062784187,0.0516832339518598
2016-01-27,0.061218245,1.32437485,0.0,6.428831324,0.0,0.0,-0.157052824,0.0012,0.0,0.0,0.0,0.062784187,0.0,0.010234787,0.0,0.05168323395185981,0.05168323395185981,1.32437485,6.428831324,-0.157052824,0.0012,0.0,0.010234787,0.062784187,0.0516832339518598
2016-01-28,0.030595074,0.153251076,0.0,2.716480174,0.0,0.0,-0.436554171,0.0012,0.0,0.0,0.0,0.062784187,0.0,0.010234787,0.0,0.05168323395185981,0.05168323395185981,0.153251076,2.716480174,-0.436554171,0.0012,0.0,0.010234787,0.062784187,0.0516832339518598
2016-01-29,-0.214362354,0.0,-0.378938871,1.345915337,0.0,0.121706612,0.0,0.0012,0.0,0.0,0.0,0.062784187,0.0,0.010234787,0.0,0.05168323395185981,0.05168323395185981,-0.378938871,1.345915337,0.121706612,0.0012,0.0,0.010234787,0.062784187,0.0516832339518598
2016-02-01,0.153162842,0.978602209,0.0,0.0,-6.252035698,0.171040236,0.0,0.0002,0.0,0.0,0.0,0.0,0.0,0.020539935,0.0,0.05168323395185981,0.05168323395185981,0.978602209,-6.252035698,0.171040236,0.0002,0.0,0.020539935,0.0,0.0516832339518598
2016-02-02,0.18348629,0.0,-1.396170346,0.0,-5.593135138,0.121351056,0.0,0.0002,0.0,0.0,0.0,0.0,0.0,0.020539935,0.0,0.05168323395185981,0.05168323395185981,-1.396170346,-5.593135138,0.121351056,0.0002,0.0,0.020539935,0.0,0.0516832339518598
2016-02-03,0.213642688,0.0,-1.235022528,6.428831324,0.0,0.0,-0.197832896,0.0002,0.0,0.0,0.0,0.0,0.0,0.020539935,0.0,0.05168323395185981,0.05168323395185981,-1.235022528,6.428831324,-0.197832896,0.0002,0.0,0.020539935,0.0,0.0516832339518598
2016-02-04,0.516954169,2.197440424,0.0,0.0,-2.065154745,0.310063834,0.0,0.0002,0.0,0.0,0.0,0.0,0.0,0.020539935,0.0,0.05168323395185981,0.05168323395185981,2.197440424,-2.065154745,0.310063834,0.0002,0.0,0.020539935,0.0,0.0516832339518598
2016-02-05,0.333081307,0.0,-0.418993737,0.0,-2.464519038,0.0,-0.233581995,0.0002,0.0,0.0,0.0,0.0,0.0,0.020539935,0.0,0.05168323395185981,0.05168323395185981,-0.418993737,-2.464519038,-0.233581995,0.0002,0.0,0.020539935,0.0,0.0516832339518598
2016-02-08,0.0,0.0,0.0,0.0,-3.797715746,0.0,-0.098987635,0.0002,0.0,0.0,0.0,0.0,0.0,0.020539935,0.0,0.05168323395185981,0.05168323395185981,0.0,-3.797715746,-0.098987635,0.0002,0.0,0.020539935,0.0,0.0516832339518598
2016-02-09,0.0,0.0,0.0,0.0,-6.070877211,0.0,-0.099085717,0.0002,0.0,0.0,0.0,0.0,0.0,0.020539935,0.0,0.05168323395185981,0.05168323395185981,0.0,-6.070877211,-0.099085717,0.0002,0.0,0.020539935,0.0,0.0516832339518598
2016-02-10,0.0,0.0,0.0,0.0,-1.513542407,0.099085717,0.0,0.0002,0.0,0.0,0.0,0.0,0.0,0.020539935,0.0,0.05168323395185981,0.05168323395185981,0.0,-1.513542407,0.099085717,0.0002,0.0,0.020539935,0.0,0.0516832339518598
2016-02-11,0.0,0.0,0.0,0.0,-5.026183478,0.0,0.0,0.0002,0.0,0.0,0.0,0.0,0.0,0.020539935,0.0,0.05168323395185981,0.05168323395185981,0.0,-5.026183478,0.0,0.0002,0.0,0.020539935,0.0,0.0516832339518598
2016-02-12,1.261656868,0.0,0.0,6.428831324,0.0,0.143949642,0.0,0.0002,0.0,0.0,0.0,0.0,0.0,0.020539935,0.0,0.05168323395185981,0.05168323395185981,0.0,6.428831324,0.143949642,0.0002,0.0,0.020539935,0.0,0.0516832339518598
2016-02-15,-0.35885206,0.0,-0.094377164,0.0,0.0,0.376884868,0.0,0.0002,0.0,0.0,0.0,0.0,0.0,0.020539935,0.0,0.05168323395185981,0.05168323395185981,-0.094377164,0.0,0.376884868,0.0002,0.0,0.020539935,0.0,0.0516832339518598
2016-02-16,0.0,1.029617237,0.0,0.0,-0.925139372,0.080576574,0.0,0.0002,0.0,0.0,0.0,0.0,0.0,0.020539935,0.0,0.05168323395185981,0.05168323395185981,1.029617237,-0.925139372,0.080576574,0.0002,0.0,0.020539935,0.0,0.0516832339518598
2016-02-17,-0.842363585,1.031820293,0.0,5.45924932,0.0,0.035790981,0.0,0.0002,0.0,0.0,0.0,0.0,0.0,0.020539935,0.0,0.05168323395185981,0.05168323395185981,1.031820293,5.45924932,0.035790981,0.0002,0.0,0.020539935,0.0,0.0516832339518598
2016-02-18,0.090593393,0.0,-0.054423745,0.292921283,0.0,0.0,-0.179083142,0.0002,0.0,0.0,0.0,0.0,0.0,0.020539935,0.0,0.05168323395185981,0.05168323395185981,-0.054423745,0.292921283,-0.179083142,0.0002,0.0,0.020539935,0.0,0.0516832339518598
2016-02-19,0.421687372,0.233812241,0.0,0.0,-3.910372292,0.076149526,0.0,0.0002,0.0,0.0,0.0,0.0,0.0,0.020539935,0.0,0.05168323395185981,0.05168323395185981,0.233812241,-3.910372292,0.076149526,0.0002,0.0,0.020539935,0.0,0.0516832339518598
2016-02-22,-0.451876051,0.530840478,0.0,5.841555579,0.0,0.111879361,0.0,0.0002,0.0,0.0,0.0,0.0,0.0,0.020539935,0.0,0.05168323395185981,0.05168323395185981,0.530840478,5.841555579,0.111879361,0.0002,0.0,0.020539935,0.0,0.0516832339518598
2016-02-23,0.301477467,1.685663898,0.0,1.487133877,0.0,0.0,-0.102924404,0.0002,0.0,0.0,0.0,0.0,0.0,0.020539935,0.0,0.05168323395185981,0.05168323395185981,1.685663898,1.487133877,-0.102924404,0.0002,0.0,0.020539935,0.0,0.0516832339518598
2016-02-24,0.420547331,0.0,-0.937537444,0.0,-4.792684347,0.058187679,0.0,0.0002,0.0,0.0,0.0,0.0,0.0,0.020539935,0.0,0.05168323395185981,0.05168323395185981,-0.937537444,-4.792684347,0.058187679,0.0002,0.0,0.020539935,0.0,0.0516832339518598
2016-02-25,-0.029980513,2.064409127,0.0,3.401137541,0.0,0.0,-0.210531109,0.0002,0.0,0.0,0.0,0.0,0.0,0.020539935,0.0,0.05168323395185981,0.05168323395185981,2.064409127,3.401137541,-0.210531109,0.0002,0.0,0.020539935,0.0,0.0516832339518598
2016-02-26,-0.150037538,0.0,-0.974707741,0.793025568,0.0,0.0,-0.035879267,0.0002,0.0,0.0,0.0,0.0,0.0,0.020539935,0.0,0.05168323395185981,0.05168323395185981,-0.974707741,0.793025568,-0.035879267,0.0002,0.0,0.020539935,0.0,0.0516832339518598
2016-02-29,-0.03003454,0.0,0.0,3.385942335,0.0,0.0,-0.071797176,0.0,-0.5934,0.0,0.0,0.0,-0.007274157,0.0,-0.020970198,0.05168323395185981,0.05168323395185981,0.0,3.385942335,-0.071797176,-0.5934,0.0,-0.020970198,-0.007274157,0.0516832339518598
2016-03-01,0.240024118,0.0,-0.991444104,4.91682525,0.0,0.089738419,0.0,0.0,-0.5934,0.0,0.0,0.0,-0.007274157,0.0,-0.020970198,0.05168323395185981,0.05168323395185981,-0.991444104,4.91682525,0.089738419,-0.5934,0.0,-0.020970198,-0.007274157,0.0516832339518598
2016-03-02,-0.390332278,0.856985545,0.0,0.522042949,0.0,0.058286818,0.0,0.0,-0.5934,0.0,0.0,0.0,-0.007274157,0.0,-0.020970198,0.05168323395185981,0.05168323395185981,0.856985545,0.522042949,0.058286818,-0.5934,0.0,-0.020970198,-0.007274157,0.0516832339518598
2016-03-03,0.210368222,1.44302141,0.0,0.0,-0.028931,0.0,-0.188433812,0.0,-0.5934,0.0,0.0,0.0,-0.007274157,0.0,-0.020970198,0.05168323395185981,0.05168323395185981,1.44302141,-0.028931,-0.188433812,-0.5934,0.0,-0.020970198,-0.007274157,0.0516832339518598
2016-03-04,1.519469126,0.0,-0.503832282,3.83188643,0.0,0.0,-0.220289162,0.0,-0.5934,0.0,0.0,0.0,-0.007274157,0.0,-0.020970198,0.05168323395185981,0.05168323395185981,-0.503832282,3.83188643,-0.220289162,-0.5934,0.0,-0.020970198,-0.007274157,0.0516832339518598
2016-03-07,-0.059154098,0.973880675,0.0,5.393530385,0.0,0.238250545,0.0,0.0,-0.5934,0.0,0.0,0.0,-0.007274157,0.0,-0.020970198,0.05168323395185981,0.05168323395185981,0.973880675,5.393530385,0.238250545,-0.5934,0.0,-0.020970198,-0.007274157,0.0516832339518598
2016-03-08,0.29542119,0.171798985,0.0,0.0,-3.299213001,0.017958158,0.0,0.0,-0.5934,0.0,0.0,0.0,-0.007274157,0.0,-0.020970198,0.05168323395185981,0.05168323395185981,0.171798985,-3.299213001,0.017958158,-0.5934,0.0,-0.020970198,-0.007274157,0.0516832339518598
2016-03-09,-0.651082501,0.0,-0.570327223,2.557684179,0.0,0.0,-0.013468316,0.0,-0.5934,0.0,0.0,0.0,-0.007274157,0.0,-0.020970198,0.05168323395185981,0.05168323395185981,-0.570327223,2.557684179,-0.013468316,-0.5934,0.0,-0.020970198,-0.007274157,0.0516832339518598
2016-03-10,0.0,0.104571528,0.0,0.397931285,0.0,0.0,-0.242740387,0.0,-0.5934,0.0,0.0,0.0,-0.007274157,0.0,-0.020970198,0.05168323395185981,0.05168323395185981,0.104571528,0.397931285,-0.242740387,-0.5934,0.0,-0.020970198,-0.007274157,0.0516832339518598
2016-03-11,0.14834597,0.356463223,0.0,1.94028111,0.0,0.085475858,0.0,0.0,-0.5934,0.0,0.0,0.0,-0.007274157,0.0,-0.020970198,0.05168323395185981,0.05168323395185981,0.356463223,1.94028111,0.085475858,-0.5934,0.0,-0.020970198,-0.007274157,0.0516832339518598
2016-03-14,-0.14834597,0.603949124,0.0,0.0,-3.460918655,0.134813304,0.0,0.0,-0.5934,0.0,0.0,0.0,-0.007274157,0.0,-0.020970198,0.05168323395185981,0.05168323395185981,0.603949124,-3.460918655,0.134813304,-0.5934,0.0,-0.020970198,-0.007274157,0.0516832339518598
2016-03-15,-0.595594375,0.0,-0.281619758,0.0,-2.394020755,0.062850732,0.0,0.0,-0.5934,0.0,0.0,0.0,-0.007274157,0.0,-0.020970198,0.05168323395185981,0.05168323395185981,-0.281619758,-2.394020755,0.062850732,-0.5934,0.0,-0.020970198,-0.007274157,0.0516832339518598
2016-03-16,-0.239234564,0.0,-0.711895077,5.646985084,0.0,0.035896976,0.0,0.0,-0.5934,0.0,0.0,0.0,-0.007274157,0.0,-0.020970198,0.05168323395185981,0.05168323395185981,-0.711895077,5.646985084,0.035896976,-0.5934,0.0,-0.020970198,-0.007274157,0.0516832339518598
2016-03-17,0.745715611,1.327663755,0.0,4.428204379,0.0,0.0,-0.193097934,0.0,-0.5934,0.0,0.0,0.0,-0.007274157,0.0,-0.020970198,0.05168323395185981,0.05168323395185981,1.327663755,4.428204379,-0.193097934,-0.5934,0.0,-0.020970198,-0.007274157,0.0516832339518598
2016-03-18,0.0,0.0,-0.275505986,0.0,-1.75795587,0.103331321,0.0,0.0,-0.5934,0.0,0.0,0.0,-0.007274157,0.0,-0.020970198,0.05168323395185981,0.05168323395185981,-0.275505986,-1.75795587,0.103331321,-0.5934,0.0,-0.020970198,-0.007274157,0.0516832339518598
2016-03-21,0.029713267,0.0,-0.3973744,1.108602939,0.0,0.0,-0.008981095,0.0,-0.5934,0.0,0.0,0.0,-0.007274157,0.0,-0.020970198,0.05168323395185981,0.05168323395185981,-0.3973744,1.108602939,-0.008981095,-0.5934,0.0,-0.020970198,-0.007274157,0.0516832339518598
2016-03-22,-0.476474993,0.0,-0.935724095,3.786096252,0.0,0.098747708,0.0,0.0,-0.5934,0.0,0.0,0.0,-0.007274157,0.0,-0.020970198,0.05168323395185981,0.05168323395185981,-0.935724095,3.786096252,0.098747708,-0.5934,0.0,-0.020970198,-0.007274157,0.0516832339518598
2016-03-23,-0.328898488,0.0,-0.267714353,0.0,-6.814898374,0.246443499,0.0,0.0,-0.5934,0.0,0.0,0.0,-0.007274157,0.0,-0.020970198,0.05168323395185981,0.05168323395185981,-0.267714353,-6.814898374,0.246443499,-0.5934,0.0,-0.020970198,-0.007274157,0.0516832339518598
2016-03-24,-0.721373732,0.557367321,0.0,0.0,-0.366396641,0.0,-0.09850453,0.0,-0.5934,0.0,0.0,0.0,-0.007274157,0.0,-0.020970198,0.05168323395185981,0.05168323395185981,0.557367321,-0.366396641,-0.09850453,-0.5934,0.0,-0.020970198,-0.007274157,0.0516832339518598
2016-03-25,0.0,0.0,-0.778377392,0.0,0.0,0.0,-0.103085862,0.0,-0.5934,0.0,0.0,0.0,-0.007274157,0.0,-0.020970198,0.05168323395185981,0.05168323395185981,-0.778377392,0.0,-0.103085862,-0.5934,0.0,-0.020970198,-0.007274157,0.0516832339518598
2016-03-28,-0.332376798,0.7365517,0.0,0.0,-0.394063297,0.004484204,0.0,0.0,-0.5934,0.0,0.0,0.0,-0.007274157,0.0,-0.020970198,0.05168323395185981,0.05168323395185981,0.7365517,-0.394063297,0.004484204,-0.5934,0.0,-0.020970198,-0.007274157,0.0516832339518598
2016-03-29,-0.090840279,0.337591244,0.0,0.0,-2.884045016,0.0,0.0,0.0,-0.5934,0.0,0.0,0.0,-0.007274157,0.0,-0.020970198,0.05168323395185981,0.05168323395185981,0.337591244,-2.884045016,0.0,-0.5934,0.0,-0.020970198,-0.007274157,0.0516832339518598
2016-03-30,0.272273652,0.0,-1.672968221,0.0,0.0,0.0,-0.327876509,0.0,-0.5934,0.0,0.0,0.0,-0.007274157,0.0,-0.020970198,0.05168323395185981,0.05168323395185981,-1.672968221,0.0,-0.327876509,-0.5934,0.0,-0.020970198,-0.007274157,0.0516832339518598
2016-03-31,-0.030216045,0.521531945,0.0,0.081245773,0.0,0.161826881,0.0,0.0042,0.0,0.0,0.0,0.092531313,0.0,0.0,-0.009559144,0.05168323395185981,0.05168323395185981,0.521531945,0.081245773,0.161826881,0.0042,0.0,-0.009559144,0.092531313,0.0516832339518598
2016-04-01,-0.030225178,0.0,-1.487174212,0.0,-4.3713737,0.035925993,0.0,0.0042,0.0,0.0,0.0,0.092531313,0.0,0.0,-0.009559144,0.32743683101161336,0.32743683101161336,-1.487174212,-4.3713737,0.035925993,0.0042,0.0,-0.009559144,0.092531313,0.3274368310116133
2016-04-04,-0.272438492,0.0,-0.550886745,0.0,-3.04358836,0.004489842,0.0,0.0042,0.0,0.0,0.0,0.092531313,0.0,0.0,-0.009559144,0.32743683101161336,0.32743683101161336,-0.550886745,-3.04358836,0.004489842,0.0042,0.0,-0.009559144,0.092531313,0.3274368310116133
2016-04-05,0.121175416,0.0,-0.156158883,0.639351204,0.0,0.00448964,0.0,0.0042,0.0,0.0,0.0,0.092531313,0.0,0.0,-0.009559144,0.32743683101161336,0.32743683101161336,-0.156158883,0.639351204,0.00448964,0.0042,0.0,-0.009559144,0.092531313,0.3274368310116133
2016-04-06,-0.151492227,0.93865506,0.0,6.428831324,0.0,0.0,-0.04041402,0.0042,0.0,0.0,0.0,0.092531313,0.0,0.0,-0.009559144,0.32743683101161336,0.32743683101161336,0.93865506,6.428831324,-0.04041402,0.0042,0.0,-0.009559144,0.092531313,0.3274368310116133
2016-04-07,0.302755302,1.550363898,0.0,0.0,-1.172721329,0.0,-0.022459293,0.0042,0.0,0.0,0.0,0.092531313,0.0,0.0,-0.009559144,0.32743683101161336,0.32743683101161336,1.550363898,-1.172721329,-0.022459293,0.0042,0.0,-0.009559144,0.092531313,0.3274368310116133
2016-04-08,-0.090730386,0.085819626,0.0,6.336491047,0.0,0.130193738,0.0,0.0042,0.0,0.0,0.0,0.092531313,0.0,0.0,-0.009559144,0.32743683101161336,0.32743683101161336,0.085819626,6.336491047,0.130193738,0.0042,0.0,-0.009559144,0.092531313,0.3274368310116133
2016-04-11,0.452830962,0.680440897,0.0,1.795559462,0.0,0.0,-0.017947683,0.0042,0.0,0.0,0.0,0.092531313,0.0,0.0,-0.009559144,0.32743683101161336,0.32743683101161336,0.680440897,1.795559462,-0.017947683,0.0042,0.0,-0.009559144,0.092531313,0.3274368310116133
2016-04-12,0.510741684,1.001729815,0.0,4.020885553,0.0,0.0,-0.211126912,0.0042,0.0,0.0,0.0,0.092531313,0.0,0.0,-0.009559144,0.32743683101161336,0.32743683101161336,1.001729815,4.020885553,-0.211126912,0.0042,0.0,-0.009559144,0.092531313,0.3274368310116133
2016-04-13,-0.450518858,0.0,-0.022381571,0.0,-1.002155846,0.179710714,0.0,0.0042,0.0,0.0,0.0,0.092531313,0.0,0.0,-0.009559144,0.32743683101161336,0.32743683101161336,-0.022381571,-1.002155846,0.179710714,0.0042,0.0,-0.009559144,0.092531313,0.3274368310116133
2016-04-14,-0.301477467,0.0,-0.878548791,0.0,-0.601324722,0.044877261,0.0,0.0042,0.0,0.0,0.0,0.092531313,0.0,0.0,-0.009559144,0.32743683101161336,0.32743683101161336,-0.878548791,-0.601324722,0.044877261,0.0042,0.0,-0.009559144,0.092531313,0.3274368310116133
2016-04-15,-0.211576322,1.011043584,0.0,0.0,-2.565809661,0.0,-0.02692394,0.0042,0.0,0.0,0.0,0.092531313,0.0,0.0,-0.009559144,0.32743683101161336,0.32743683101161336,1.011043584,-2.565809661,-0.02692394,0.0042,0.0,-0.009559144,0.092531313,0.3274368310116133
2016-04-18,0.151171609,0.0,0.0,0.0,-1.647154784,0.0,0.0,0.0042,0.0,0.0,0.0,0.092531313,0.0,0.0,-0.009559144,0.32743683101161336,0.32743683101161336,0.0,-1.647154784,0.0,0.0042,0.0,-0.009559144,0.092531313,0.3274368310116133
2016-04-19,0.060404713,0.0,-0.555240852,2.828270877,0.0,0.0,-0.044889349,0.0042,0.0,0.0,0.0,0.092531313,0.0,0.0,-0.009559144,0.32743683101161336,0.32743683101161336,-0.555240852,2.828270877,-0.044889349,0.0042,0.0,-0.009559144,0.092531313,0.3274368310116133
2016-04-20,0.271370587,0.0,-1.484192663,4.402624876,0.0,0.0,-0.004490043,0.0042,0.0,0.0,0.0,0.092531313,0.0,0.0,-0.009559144,0.32743683101161336,0.32743683101161336,-1.484192663,4.402624876,-0.004490043,0.0042,0.0,-0.009559144,0.092531313,0.3274368310116133
2016-04-21,0.27063616,0.243648181,0.0,1.071023043,0.0,0.0,-0.022453241,0.0042,0.0,0.0,0.0,0.092531313,0.0,0.0,-0.009559144,0.32743683101161336,0.32743683101161336,0.243648181,1.071023043,-0.022453241,0.0042,0.0,-0.009559144,0.092531313,0.3274368310116133
2016-04-22,-0.300752106,0.590003108,0.0,0.0,-0.977433893,0.0,0.0,0.0042,0.0,0.0,0.0,0.092531313,0.0,0.0,-0.009559144,0.32743683101161336,0.32743683101161336,0.590003108,-0.977433893,0.0,0.0042,0.0,-0.009559144,0.092531313,0.3274368310116133
2016-04-25,-0.392334893,3.540507138,0.0,0.0,-2.582164072,0.044901442,0.0,0.0042,0.0,0.0,0.0,0.092531313,0.0,0.0,-0.009559144,0.32743683101161336,0.32743683101161336,3.540507138,-2.582164072,0.044901442,0.0042,0.0,-0.009559144,0.092531313,0.3274368310116133
2016-04-26,-0.06049607,0.0,-1.164114416,2.019310804,0.0,0.0,-0.098809799,0.0042,0.0,0.0,0.0,0.092531313,0.0,0.0,-0.009559144,0.32743683101161336,0.32743683101161336,-1.164114416,2.019310804,-0.098809799,0.0042,0.0,-0.009559144,0.092531313,0.3274368310116133
2016-04-27,0.362428666,1.810945045,0.0,6.311170409,0.0,0.0,-0.044945841,0.0042,0.0,0.0,0.0,0.092531313,0.0,0.0,-0.009559144,0.32743683101161336,0.32743683101161336,1.810945045,6.311170409,-0.044945841,0.0042,0.0,-0.009559144,0.092531313,0.3274368310116133
2016-04-28,0.240891414,0.0,-1.138075571,1.620710026,0.0,0.15273351,0.0,0.0042,0.0,0.0,0.0,0.092531313,0.0,0.0,-0.009559144,0.32743683101161336,0.32743683101161336,-1.138075571,1.620710026,0.15273351,0.0042,0.0,-0.009559144,0.092531313,0.3274368310116133
2016-04-29,1.047129987,0.0,-0.63734219,0.0,-0.108683849,0.0,-0.15273351,0.0042,0.0,0.0,0.0,0.092531313,0.0,0.0,-0.009559144,0.32743683101161336,0.32743683101161336,-0.63734219,-0.108683849,-0.15273351,0.0042,0.0,-0.009559144,0.092531313,0.3274368310116133
2016-05-02,0.0,0.0,0.0,0.0,-2.711507461,0.0,-0.098952016,0.0057,0.0,0.0,0.0,0.002032241,0.0,0.015843851,0.0,0.32743683101161336,0.32743683101161336,0.0,-2.711507461,-0.098952016,0.0057,0.0,0.015843851,0.002032241,0.3274368310116133
2016-05-03,0.0,0.0,0.0,0.0,-2.488816244,0.026996626,0.0,0.0057,0.0,0.0,0.0,0.002032241,0.0,0.015843851,0.0,0.32743683101161336,0.32743683101161336,0.0,-2.488816244,0.026996626,0.0057,0.0,0.015843851,0.002032241,0.3274368310116133
2016-05-04,0.534284441,0.800240129,0.0,0.274536892,0.0,0.0,0.0,0.0057,0.0,0.0,0.0,0.002032241,0.0,0.015843851,0.0,0.32743683101161336,0.32743683101161336,0.800240129,0.274536892,0.0,0.0057,0.0,0.015843851,0.002032241,0.3274368310116133
2016-05-05,-0.118483426,0.787227973,0.0,1.271299755,0.0,0.0,0.0,0.0057,0.0,0.0,0.0,0.002032241,0.0,0.015843851,0.0,0.32743683101161336,0.32743683101161336,0.787227973,1.271299755,0.0,0.0057,0.0,0.015843851,0.002032241,0.3274368310116133
2016-05-06,0.266390567,0.289262583,0.0,0.56236792,0.0,0.058467698,0.0,0.0057,0.0,0.0,0.0,0.002032241,0.0,0.015843851,0.0,0.32743683101161336,0.32743683101161336,0.289262583,0.56236792,0.058467698,0.0057,0.0,0.015843851,0.002032241,0.3274368310116133
2016-05-09,-0.029563932,1.404434122,0.0,0.0,-2.567447625,0.044951902,0.0,0.0057,0.0,0.0,0.0,0.002032241,0.0,0.015843851,0.0,0.32743683101161336,0.32743683101161336,1.404434122,-2.567447625,0.044951902,0.0057,0.0,0.015843851,0.002032241,0.3274368310116133
2016-05-10,-0.41481541,0.0,-1.745319923,2.791512249,0.0,0.08984323,0.0,0.0057,0.0,0.0,0.0,0.002032241,0.0,0.015843851,0.0,0.32743683101161336,0.32743683101161336,-1.745319923,2.791512249,0.08984323,0.0057,0.0,0.015843851,0.002032241,0.3274368310116133
2016-05-11,0.444379342,1.035677678,0.0,3.367025068,0.0,0.0,-0.085349151,0.0057,0.0,0.0,0.0,0.002032241,0.0,0.015843851,0.0,0.32743683101161336,0.32743683101161336,1.035677678,3.367025068,-0.085349151,0.0057,0.0,0.015843851,0.002032241,0.3274368310116133
2016-05-12,-0.08871803,1.464658184,0.0,0.926231716,0.0,0.215478625,0.0,0.0057,0.0,0.0,0.0,0.002032241,0.0,0.015843851,0.0,0.32743683101161336,0.32743683101161336,1.464658184,0.926231716,0.215478625,0.0057,0.0,0.015843851,0.002032241,0.3274368310116133
2016-05-13,0.29542119,0.0,-0.526115542,0.0,-0.90459372,0.044832998,0.0,0.0057,0.0,0.0,0.0,0.002032241,0.0,0.015843851,0.0,0.32743683101161336,0.32743683101161336,-0.526115542,-0.90459372,0.044832998,0.0057,0.0,0.015843851,0.002032241,0.3274368310116133
2016-05-16,0.206276779,0.0,-0.358297246,3.193799238,0.0,0.0,-0.341235963,0.0057,0.0,0.0,0.0,0.002032241,0.0,0.015843851,0.0,0.32743683101161336,0.32743683101161336,-0.358297246,3.193799238,-0.341235963,0.0057,0.0,0.015843851,0.002032241,0.3274368310116133
2016-05-17,-0.117820338,1.691801749,0.0,1.187390266,0.0,0.197699561,0.0,0.0057,0.0,0.0,0.0,0.002032241,0.0,0.015843851,0.0,0.32743683101161336,0.32743683101161336,1.691801749,1.187390266,0.197699561,0.0057,0.0,0.015843851,0.002032241,0.3274368310116133
2016-05-18,-0.029476787,0.800922368,0.0,0.0,-0.352660878,0.0,-0.197699561,0.0057,0.0,0.0,0.0,0.002032241,0.0,0.015843851,0.0,0.32743683101161336,0.32743683101161336,0.800922368,-0.352660878,-0.197699561,0.0057,0.0,0.015843851,0.002032241,0.3274368310116133
2016-05-19,-0.532073381,0.0,-0.59325469,0.083090989,0.0,0.354681944,0.0,0.0057,0.0,0.0,0.0,0.002032241,0.0,0.015843851,0.0,0.32743683101161336,0.32743683101161336,-0.59325469,0.083090989,0.354681944,0.0057,0.0,0.015843851,0.002032241,0.3274368310116133
2016-05-20,0.0,0.0,-0.17866489,0.0,-1.022653178,0.008962983,0.0,0.0057,0.0,0.0,0.0,0.002032241,0.0,0.015843851,0.0,0.32743683101161336,0.32743683101161336,-0.17866489,-1.022653178,0.008962983,0.0057,0.0,0.015843851,0.002032241,0.3274368310116133
2016-05-23,-0.237388836,0.0,-0.745457557,0.939562189,0.0,0.0,-0.174923235,0.0057,0.0,0.0,0.0,0.002032241,0.0,0.015843851,0.0,0.32743683101161336,0.32743683101161336,-0.745457557,0.939562189,-0.174923235,0.0057,0.0,0.015843851,0.002032241,0.3274368310116133
2016-05-24,-0.416791315,0.0,-0.631749012,0.0,-0.166389389,0.148031876,0.0,0.0057,0.0,0.0,0.0,0.002032241,0.0,0.015843851,0.0,0.32743683101161336,0.32743683101161336,-0.631749012,-0.166389389,0.148031876,0.0057,0.0,0.015843851,0.002032241,0.3274368310116133
2016-05-25,-0.989364988,0.282175054,0.0,2.182503759,0.0,0.0,-0.013448392,0.0057,0.0,0.0,0.0,0.002032241,0.0,0.015843851,0.0,0.32743683101161336,0.32743683101161336,0.282175054,2.182503759,-0.013448392,0.0057,0.0,0.015843851,0.002032241,0.3274368310116133
2016-05-26,0.24074643,0.0,-0.339359459,0.0,-0.203873669,0.223904084,0.0,0.0057,0.0,0.0,0.0,0.002032241,0.0,0.015843851,0.0,0.32743683101161336,0.32743683101161336,-0.339359459,-0.203873669,0.223904084,0.0057,0.0,0.015843851,0.002032241,0.3274368310116133
2016-05-27,-0.210621411,0.0,-1.236613798,0.732008149,0.0,0.062603409,0.0,0.0057,0.0,0.0,0.0,0.002032241,0.0,0.015843851,0.0,0.32743683101161336,0.32743683101161336,-1.236613798,0.732008149,0.062603409,0.0057,0.0,0.015843851,0.002032241,0.3274368310116133
2016-05-30,-0.362100577,0.925612287,0.0,0.0,0.0,0.200960211,0.0,0.0057,0.0,0.0,0.0,0.002032241,0.0,0.015843851,0.0,0.32743683101161336,0.32743683101161336,0.925612287,0.0,0.200960211,0.0057,0.0,0.015843851,0.002032241,0.3274368310116133
2016-05-31,0.09064814,1.017787289,0.0,0.0,-0.52813448,0.0,-0.2188429,0.0034,0.0,0.0,0.0,0.033615782,0.0,0.0,-0.011581994,0.32743683101161336,0.32743683101161336,1.017787289,-0.52813448,-0.2188429,0.0034,0.0,-0.011581994,0.033615782,0.3274368310116133
2016-06-01,0.331675263,0.320798707,0.0,0.0,-0.06111847,0.192071528,0.0,0.0034,0.0,0.0,0.0,0.033615782,0.0,0.0,-0.011581994,0.32743683101161336,0.32743683101161336,0.320798707,-0.06111847,0.192071528,0.0034,0.0,-0.011581994,0.033615782,0.3274368310116133
2016-06-02,0.0,0.160014258,0.0,0.142551699,0.0,0.0,-0.201014072,0.0034,0.0,0.0,0.0,0.033615782,0.0,0.0,-0.011581994,0.32743683101161336,0.32743683101161336,0.160014258,0.142551699,-0.201014072,0.0034,0.0,-0.011581994,0.033615782,0.3274368310116133
2016-06-03,-0.180777392,0.647136837,0.0,0.0,-0.91996969,0.107257786,0.0,0.0034,0.0,0.0,0.0,0.033615782,0.0,0.0,-0.011581994,0.32743683101161336,0.32743683101161336,0.647136837,-0.91996969,0.107257786,0.0034,0.0,-0.011581994,0.033615782,0.3274368310116133
2016-06-06,0.691212369,0.0,-0.340754167,2.073244991,0.0,0.0,-0.178826943,0.0034,0.0,0.0,0.0,0.033615782,0.0,0.0,-0.011581994,0.32743683101161336,0.32743683101161336,-0.340754167,2.073244991,-0.178826943,0.0034,0.0,-0.011581994,0.033615782,0.3274368310116133
2016-06-07,-0.149857663,0.21069739,0.0,1.318963965,0.0,0.0,-0.134330383,0.0034,0.0,0.0,0.0,0.033615782,0.0,0.0,-0.011581994,0.32743683101161336,0.32743683101161336,0.21069739,1.318963965,-0.134330383,0.0034,0.0,-0.011581994,0.033615782,0.3274368310116133
2016-06-08,0.269582311,0.710835179,0.0,1.692953819,0.0,0.0,-0.134511073,0.0034,0.0,0.0,0.0,0.033615782,0.0,0.0,-0.011581994,0.32743683101161336,0.32743683101161336,0.710835179,1.692953819,-0.134511073,0.0034,0.0,-0.011581994,0.033615782,0.3274368310116133
2016-06-09,0.388118117,0.248558173,0.0,0.0,-1.395600047,0.035887314,0.0,0.0034,0.0,0.0,0.0,0.033615782,0.0,0.0,-0.011581994,0.32743683101161336,0.32743683101161336,0.248558173,-1.395600047,0.035887314,0.0034,0.0,-0.011581994,0.033615782,0.3274368310116133
2016-06-10,0.386617582,0.246354478,0.0,0.0,-2.871394941,0.107584733,0.0,0.0034,0.0,0.0,0.0,0.033615782,0.0,0.0,-0.011581994,0.32743683101161336,0.32743683101161336,0.246354478,-2.871394941,0.107584733,0.0034,0.0,-0.011581994,0.033615782,0.3274368310116133
2016-06-13,0.974752955,0.0,-0.587483082,0.0,-0.408247148,0.107469113,0.0,0.0034,0.0,0.0,0.0,0.033615782,0.0,0.0,-0.011581994,0.32743683101161336,0.32743683101161336,-0.587483082,-0.408247148,0.107469113,0.0034,0.0,-0.011581994,0.033615782,0.3274368310116133
2016-06-14,-0.353357258,0.0,-0.74205599,0.0,-0.821528547,0.0,0.0,0.0034,0.0,0.0,0.0,0.033615782,0.0,0.0,-0.011581994,0.32743683101161336,0.32743683101161336,-0.74205599,-0.821528547,0.0,0.0034,0.0,-0.011581994,0.033615782,0.3274368310116133
2016-06-15,0.265134932,0.4814414,0.0,0.0,-1.182463731,0.0,-0.098508941,0.0034,0.0,0.0,0.0,0.033615782,0.0,0.0,-0.011581994,0.32743683101161336,0.32743683101161336,0.4814414,-1.182463731,-0.098508941,0.0034,0.0,-0.011581994,0.033615782,0.3274368310116133
2016-06-16,1.51827734,0.439294322,0.0,0.0,-3.785270106,0.0,-0.269155016,0.0034,0.0,0.0,0.0,0.033615782,0.0,0.0,-0.011581994,0.32743683101161336,0.32743683101161336,0.439294322,-3.785270106,-0.269155016,0.0034,0.0,-0.011581994,0.033615782,0.3274368310116133
2016-06-17,-1.253843515,0.0,-0.713431803,3.952075816,0.0,0.269155016,0.0,0.0034,0.0,0.0,0.0,0.033615782,0.0,0.0,-0.011581994,0.32743683101161336,0.32743683101161336,-0.713431803,3.952075816,0.269155016,0.0034,0.0,-0.011581994,0.033615782,0.3274368310116133
2016-06-20,0.263736417,0.0,-0.141370027,2.874941329,0.0,0.0,0.0,0.0034,0.0,0.0,0.0,0.033615782,0.0,0.0,-0.011581994,0.32743683101161336,0.32743683101161336,-0.141370027,2.874941329,0.0,0.0034,0.0,-0.011581994,0.033615782,0.3274368310116133
2016-06-21,-0.322439089,1.117455096,0.0,0.0,-0.915105522,0.0,0.0,0.0034,0.0,0.0,0.0,0.033615782,0.0,0.0,-0.011581994,0.32743683101161336,0.32743683101161336,1.117455096,-0.915105522,0.0,0.0034,0.0,-0.011581994,0.033615782,0.3274368310116133
2016-06-22,-1.092261782,0.0,-0.041342026,0.428091572,0.0,0.0,-0.291617336,0.0034,0.0,0.0,0.0,0.033615782,0.0,0.0,-0.011581994,0.32743683101161336,0.32743683101161336,-0.041342026,0.428091572,-0.291617336,0.0034,0.0,-0.011581994,0.033615782,0.3274368310116133
2016-06-23,0.325974507,0.0,-0.366464194,0.36548264,0.0,0.107773148,0.0,0.0034,0.0,0.0,0.0,0.033615782,0.0,0.0,-0.011581994,0.32743683101161336,0.32743683101161336,-0.366464194,0.36548264,0.107773148,0.0034,0.0,-0.011581994,0.033615782,0.3274368310116133
2016-06-24,2.339287957,0.842451575,0.0,0.0,-5.499094643,0.031411968,0.0,0.0034,0.0,0.0,0.0,0.033615782,0.0,0.0,-0.011581994,0.32743683101161336,0.32743683101161336,0.842451575,-5.499094643,0.031411968,0.0034,0.0,-0.011581994,0.033615782,0.3274368310116133
2016-06-27,0.719945514,0.0,-2.497004633,0.0,-1.946007355,0.112105121,0.0,0.0034,0.0,0.0,0.0,0.033615782,0.0,0.0,-0.011581994,0.32743683101161336,0.32743683101161336,-2.497004633,-1.946007355,0.112105121,0.0034,0.0,-0.011581994,0.033615782,0.3274368310116133
2016-06-28,-0.604405351,0.241516647,0.0,4.545752205,0.0,0.0,-0.215352948,0.0034,0.0,0.0,0.0,0.033615782,0.0,0.0,-0.011581994,0.32743683101161336,0.32743683101161336,0.241516647,4.545752205,-0.215352948,0.0034,0.0,-0.011581994,0.033615782,0.3274368310116133
2016-06-29,0.747774551,0.947446744,0.0,3.927688324,0.0,0.0,-0.031444422,0.0034,0.0,0.0,0.0,0.033615782,0.0,0.0,-0.011581994,0.32743683101161336,0.32743683101161336,0.947446744,3.927688324,-0.031444422,0.0034,0.0,-0.011581994,0.033615782,0.3274368310116133
2016-06-30,0.0,1.529395704,0.0,0.0,-3.220824674,0.10328028,0.0,0.0055,0.0,0.0,0.0,0.0,-0.045516482,0.006578416,0.0,0.32743683101161336,0.32743683101161336,1.529395704,-3.220824674,0.10328028,0.0055,0.0,0.006578416,-0.045516482,0.3274368310116133
2016-07-01,0.941116314,0.0,-0.143824654,1.541812843,0.0,0.0,0.0,0.0055,0.0,0.0,0.0,0.0,-0.045516482,0.006578416,0.0,-0.3281778462363327,-0.3281778462363327,-0.143824654,1.541812843,0.0,0.0055,0.0,0.006578416,-0.045516482,-0.3281778462363327
2016-07-04,2.573241397,1.701508075,0.0,0.0,0.0,0.107657122,0.0,0.0055,0.0,0.0,0.0,0.0,-0.045516482,0.006578416,0.0,-0.3281778462363327,-0.3281778462363327,1.701508075,0.0,0.107657122,0.0055,0.0,0.006578416,-0.045516482,-0.3281778462363327
2016-07-05,-0.274725448,1.137939582,0.0,0.0,-4.784202139,0.0,0.0,0.0055,0.0,0.0,0.0,0.0,-0.045516482,0.006578416,0.0,-0.3281778462363327,-0.3281778462363327,1.137939582,-4.784202139,0.0,0.0055,0.0,0.006578416,-0.045516482,-0.3281778462363327
2016-07-06,2.573241397,0.0,-0.565805082,1.360276022,0.0,0.0,-0.121122416,0.0055,0.0,0.0,0.0,0.0,-0.045516482,0.006578416,0.0,-0.3281778462363327,-0.3281778462363327,-0.565805082,1.360276022,-0.121122416,0.0055,0.0,0.006578416,-0.045516482,-0.3281778462363327
2016-07-07,-2.345690035,0.875868571,0.0,0.0,-4.644965009,0.0,0.0,0.0055,0.0,0.0,0.0,0.0,-0.045516482,0.006578416,0.0,-0.3281778462363327,-0.3281778462363327,0.875868571,-4.644965009,0.0,0.0055,0.0,0.006578416,-0.045516482,-0.3281778462363327
2016-07-08,0.205268632,1.306392099,0.0,0.331162683,0.0,0.0,-0.013467107,0.0055,0.0,0.0,0.0,0.0,-0.045516482,0.006578416,0.0,-0.3281778462363327,-0.3281778462363327,1.306392099,0.331162683,-0.013467107,0.0055,0.0,0.006578416,-0.045516482,-0.3281778462363327
2016-07-11,0.545331958,0.0,-0.325760332,0.0,-1.420667623,0.0,-0.008979079,0.0055,0.0,0.0,0.0,0.0,-0.045516482,0.006578416,0.0,-0.3281778462363327,-0.3281778462363327,-0.325760332,-1.420667623,-0.008979079,0.0055,0.0,0.006578416,-0.045516482,-0.3281778462363327
2016-07-12,-1.162406251,0.0,-0.931600892,4.566604462,0.0,0.0,-0.085341483,0.0055,0.0,0.0,0.0,0.0,-0.045516482,0.006578416,0.0,-0.3281778462363327,-0.3281778462363327,-0.931600892,4.566604462,-0.085341483,0.0055,0.0,0.006578416,-0.045516482,-0.3281778462363327
2016-07-13,-1.385063693,1.403985491,0.0,0.0,-4.254104207,0.112276301,0.0,0.0055,0.0,0.0,0.0,0.0,-0.045516482,0.006578416,0.0,-0.3281778462363327,-0.3281778462363327,1.403985491,-4.254104207,0.112276301,0.0055,0.0,0.006578416,-0.045516482,-0.3281778462363327
2016-07-14,1.109581426,2.036401386,0.0,1.701510501,0.0,0.0,-0.008977467,0.0055,0.0,0.0,0.0,0.0,-0.045516482,0.006578416,0.0,-0.3281778462363327,-0.3281778462363327,2.036401386,1.701510501,-0.008977467,0.0055,0.0,0.006578416,-0.045516482,-0.3281778462363327
2016-07-15,-0.914513787,0.0,-1.336482068,0.633397334,0.0,0.004488834,0.0,0.0055,0.0,0.0,0.0,0.0,-0.045516482,0.006578416,0.0,-0.3281778462363327,-0.3281778462363327,-1.336482068,0.633397334,0.004488834,0.0055,0.0,0.006578416,-0.045516482,-0.3281778462363327
2016-07-18,-0.097486255,0.0,-0.386231422,0.0,-1.535791485,0.0,0.0,0.0055,0.0,0.0,0.0,0.0,-0.045516482,0.006578416,0.0,-0.3281778462363327,-0.3281778462363327,-0.386231422,-1.535791485,0.0,0.0055,0.0,0.006578416,-0.045516482,-0.3281778462363327
2016-07-19,0.013932428,1.756748487,0.0,0.0,-1.313026542,0.0,-0.035916315,0.0055,0.0,0.0,0.0,0.0,-0.045516482,0.006578416,0.0,-0.3281778462363327,-0.3281778462363327,1.756748487,-1.313026542,-0.035916315,0.0055,0.0,0.006578416,-0.045516482,-0.3281778462363327
2016-07-20,0.083553827,0.0,-1.195177018,0.714288751,0.0,0.0,-0.098836434,0.0055,0.0,0.0,0.0,0.0,-0.045516482,0.006578416,0.0,-0.3281778462363327,-0.3281778462363327,-1.195177018,0.714288751,-0.098836434,0.0055,0.0,0.006578416,-0.045516482,-0.3281778462363327
2016-07-21,-0.782564083,0.0,-0.772599253,0.0,-2.249307605,0.143729813,0.0,0.0055,0.0,0.0,0.0,0.0,-0.045516482,0.006578416,0.0,-0.3281778462363327,-0.3281778462363327,-0.772599253,-2.249307605,0.143729813,0.0055,0.0,0.006578416,-0.045516482,-0.3281778462363327
2016-07-22,0.685077828,0.0,-0.844027528,0.0,-1.259030022,0.008976258,0.0,0.0055,0.0,0.0,0.0,0.0,-0.045516482,0.006578416,0.0,-0.3281778462363327,-0.3281778462363327,-0.844027528,-1.259030022,0.008976258,0.0055,0.0,0.006578416,-0.045516482,-0.3281778462363327
2016-07-25,-0.755248345,0.0,-0.889587671,0.0,-2.354146707,0.0,-0.017953321,0.0055,0.0,0.0,0.0,0.0,-0.045516482,0.006578416,0.0,-0.3281778462363327,-0.3281778462363327,-0.889587671,-2.354146707,-0.017953321,0.0055,0.0,0.006578416,-0.045516482,-0.3281778462363327
2016-07-26,0.196353499,0.0,-0.423106846,0.0,-0.5676458,0.0,0.0,0.0055,0.0,0.0,0.0,0.0,-0.045516482,0.006578416,0.0,-0.3281778462363327,-0.3281778462363327,-0.423106846,-0.5676458,0.0,0.0055,0.0,0.006578416,-0.045516482,-0.3281778462363327
2016-07-27,-0.070081999,0.0,-0.084836617,0.0,-0.618607731,0.098703404,0.0,0.0055,0.0,0.0,0.0,0.0,-0.045516482,0.006578416,0.0,-0.3281778462363327,-0.3281778462363327,-0.084836617,-0.618607731,0.098703404,0.0055,0.0,0.006578416,-0.045516482,-0.3281778462363327
2016-07-28,0.7264631,1.193412127,0.0,0.0,-1.854804469,0.0,-0.098703404,0.0055,0.0,0.0,0.0,0.0,-0.045516482,0.006578416,0.0,-0.3281778462363327,-0.3281778462363327,1.193412127,-1.854804469,-0.098703404,0.0055,0.0,0.006578416,-0.045516482,-0.3281778462363327
2016-07-29,0.125199989,0.0,-0.24732837,0.991903621,0.0,0.0,-0.022446185,0.0055,0.0,0.0,0.0,0.0,-0.045516482,0.006578416,0.0,-0.3281778462363327,-0.3281778462363327,-0.24732837,0.991903621,-0.022446185,0.0055,0.0,0.006578416,-0.045516482,-0.3281778462363327
2016-08-01,0.263797446,0.181739094,0.0,0.0,-3.652814493,0.0,-0.089835159,0.0047,0.0,0.0,0.0,0.082836642,0.0,0.009498211,0.0,-0.3281778462363327,-0.3281778462363327,0.181739094,-3.652814493,-0.089835159,0.0047,0.0,0.009498211,0.082836642,-0.3281778462363327
2016-08-02,0.097013382,0.0,-1.875950222,0.0,-1.382800161,0.112281344,0.0,0.0047,0.0,0.0,0.0,0.082836642,0.0,0.009498211,0.0,-0.3281778462363327,-0.3281778462363327,-1.875950222,-1.382800161,0.112281344,0.0047,0.0,0.009498211,0.082836642,-0.3281778462363327
2016-08-03,0.910100049,0.0,-1.60168918,3.23814095,0.0,0.0,-0.197699561,0.0047,0.0,0.0,0.0,0.082836642,0.0,0.009498211,0.0,-0.3281778462363327,-0.3281778462363327,-1.60168918,3.23814095,-0.197699561,0.0047,0.0,0.009498211,0.082836642,-0.3281778462363327
2016-08-04,-0.385091935,0.119994962,0.0,2.70809586,0.0,0.116869704,0.0,0.0047,0.0,0.0,0.0,0.082836642,0.0,0.009498211,0.0,-0.3281778462363327,-0.3281778462363327,0.119994962,2.70809586,0.116869704,0.0047,0.0,0.009498211,0.082836642,-0.3281778462363327
2016-08-05,0.398817829,0.0,-0.64111409,0.0,-0.214925456,0.157109223,0.0,0.0047,0.0,0.0,0.0,0.082836642,0.0,0.009498211,0.0,-0.3281778462363327,-0.3281778462363327,-0.64111409,-0.214925456,0.157109223,0.0047,0.0,0.009498211,0.082836642,-0.3281778462363327
2016-08-08,-1.20125711,0.0,-0.365927796,2.898070648,0.0,0.0,-0.25599008,0.0047,0.0,0.0,0.0,0.082836642,0.0,0.009498211,0.0,-0.3281778462363327,-0.3281778462363327,-0.365927796,2.898070648,-0.25599008,0.0047,0.0,0.009498211,0.082836642,-0.3281778462363327
2016-08-09,0.027777778,0.361163433,0.0,0.0,-0.652378828,0.157264529,0.0,0.0047,0.0,0.0,0.0,0.082836642,0.0,0.009498211,0.0,-0.3281778462363327,-0.3281778462363327,0.361163433,-0.652378828,0.157264529,0.0047,0.0,0.009498211,0.082836642,-0.3281778462363327
2016-08-10,0.235800095,1.191928041,0.0,0.0,-2.437125236,0.013468316,0.0,0.0047,0.0,0.0,0.0,0.082836642,0.0,0.009498211,0.0,-0.3281778462363327,-0.3281778462363327,1.191928041,-2.437125236,0.013468316,0.0047,0.0,0.009498211,0.082836642,-0.3281778462363327
2016-08-11,0.138446651,1.874938327,0.0,4.129134544,0.0,0.00897787,0.0,0.0047,0.0,0.0,0.0,0.082836642,0.0,0.009498211,0.0,-0.3281778462363327,-0.3281778462363327,1.874938327,4.129134544,0.00897787,0.0047,0.0,0.009498211,0.082836642,-0.3281778462363327
2016-08-12,-0.221606739,2.414888997,0.0,2.182400779,0.0,0.089734392,0.0,0.0047,0.0,0.0,0.0,0.082836642,0.0,0.009498211,0.0,-0.3281778462363327,-0.3281778462363327,2.414888997,2.182400779,0.089734392,0.0047,0.0,0.009498211,0.082836642,-0.3281778462363327
2016-08-15,-0.083229302,0.0,-1.679845445,2.77210344,0.0,0.0,-0.089734392,0.0047,0.0,0.0,0.0,0.082836642,0.0,0.009498211,0.0,-0.3281778462363327,-0.3281778462363327,-1.679845445,2.77210344,-0.089734392,0.0047,0.0,0.009498211,0.082836642,-0.3281778462363327
2016-08-16,0.373987554,0.823739175,0.0,1.842071807,0.0,0.0,0.0,0.0047,0.0,0.0,0.0,0.082836642,0.0,0.009498211,0.0,-0.3281778462363327,-0.3281778462363327,0.823739175,1.842071807,0.0,0.0047,0.0,0.009498211,0.082836642,-0.3281778462363327
2016-08-17,-0.04148517,0.0,-0.001516381,0.514029832,0.0,0.004488633,0.0,0.0047,0.0,0.0,0.0,0.082836642,0.0,0.009498211,0.0,-0.3281778462363327,-0.3281778462363327,-0.001516381,0.514029832,0.004488633,0.0047,0.0,0.009498211,0.082836642,-0.3281778462363327
2016-08-18,0.22105563,0.619796092,0.0,2.926216574,0.0,0.0,-0.098796487,0.0047,0.0,0.0,0.0,0.082836642,0.0,0.009498211,0.0,-0.3281778462363327,-0.3281778462363327,0.619796092,2.926216574,-0.098796487,0.0047,0.0,0.009498211,0.082836642,-0.3281778462363327
2016-08-19,-0.179570461,0.079840324,0.0,0.57923207,0.0,0.0,-0.040444894,0.0047,0.0,0.0,0.0,0.082836642,0.0,0.009498211,0.0,-0.3281778462363327,-0.3281778462363327,0.079840324,0.57923207,-0.040444894,0.0047,0.0,0.009498211,0.082836642,-0.3281778462363327
2016-08-22,-0.360111192,0.0,-0.183878993,0.0,-3.526813884,0.0,0.0,0.0047,0.0,0.0,0.0,0.082836642,0.0,0.009498211,0.0,-0.3281778462363327,-0.3281778462363327,-0.183878993,-3.526813884,0.0,0.0047,0.0,0.009498211,0.082836642,-0.3281778462363327
2016-08-23,0.055486199,0.0,-1.411394921,1.568825901,0.0,0.121285643,0.0,0.0047,0.0,0.0,0.0,0.082836642,0.0,0.009498211,0.0,-0.3281778462363327,-0.3281778462363327,-1.411394921,1.568825901,0.121285643,0.0047,0.0,0.009498211,0.082836642,-0.3281778462363327
2016-08-24,0.041594455,1.12132507,0.0,0.0,-2.664550689,0.004489237,0.0,0.0047,0.0,0.0,0.0,0.082836642,0.0,0.009498211,0.0,-0.3281778462363327,-0.3281778462363327,1.12132507,-2.664550689,0.004489237,0.0047,0.0,0.009498211,0.082836642,-0.3281778462363327
2016-08-25,-0.583902674,0.0,-0.027237236,1.4583145,0.0,0.00897787,0.0,0.0047,0.0,0.0,0.0,0.082836642,0.0,0.009498211,0.0,-0.3281778462363327,-0.3281778462363327,-0.027237236,1.4583145,0.00897787,0.0047,0.0,0.009498211,0.082836642,-0.3281778462363327
2016-08-26,0.097554185,0.321832759,0.0,1.416364445,0.0,0.022441148,0.0,0.0047,0.0,0.0,0.0,0.082836642,0.0,0.009498211,0.0,-0.3281778462363327,-0.3281778462363327,0.321832759,1.416364445,0.022441148,0.0047,0.0,0.009498211,0.082836642,-0.3281778462363327
2016-08-29,-0.153342192,1.171270354,0.0,0.0,-1.416364445,0.0,-0.157193897,0.0047,0.0,0.0,0.0,0.082836642,0.0,0.009498211,0.0,-0.3281778462363327,-0.3281778462363327,1.171270354,-1.416364445,-0.157193897,0.0047,0.0,0.009498211,0.082836642,-0.3281778462363327
2016-08-30,0.153342192,0.0,-0.410856129,0.0,-1.393526677,0.0,0.0,0.0047,0.0,0.0,0.0,0.082836642,0.0,0.009498211,0.0,-0.3281778462363327,-0.3281778462363327,-0.410856129,-1.393526677,0.0,0.0047,0.0,0.009498211,0.082836642,-0.3281778462363327
2016-08-31,-0.320893195,0.766561551,0.0,0.0,-3.604785906,0.233456153,0.0,0.0013,0.0,0.0,0.0,0.01575164,0.0,0.0,-0.022763647,-0.3281778462363327,-0.3281778462363327,0.766561551,-3.604785906,0.233456153,0.0013,0.0,-0.022763647,0.01575164,-0.3281778462363327
2016-09-01,-0.363993122,0.161806328,0.0,0.0,-3.438016463,0.0,-0.12114959,0.0013,0.0,0.0,0.0,0.01575164,0.0,0.0,-0.022763647,-0.3281778462363327,-0.3281778462363327,0.161806328,-3.438016463,-0.12114959,0.0013,0.0,-0.022763647,0.01575164,-0.3281778462363327
2016-09-02,0.0,0.0,0.0,2.786840928,0.0,0.0,-0.098823115,0.0013,0.0,0.0,0.0,0.01575164,0.0,0.0,-0.022763647,-0.3281778462363327,-0.3281778462363327,0.0,2.786840928,-0.098823115,0.0013,0.0,-0.022763647,0.01575164,-0.3281778462363327
2016-09-05,0.280112228,0.0,-0.727958019,0.0,0.0,0.224456909,0.0,0.0013,0.0,0.0,0.0,0.01575164,0.0,0.0,-0.022763647,-0.3281778462363327,-0.3281778462363327,-0.727958019,0.0,0.224456909,0.0013,0.0,-0.022763647,0.01575164,-0.3281778462363327
2016-09-06,0.111825564,0.0,-0.437231171,1.030936966,0.0,0.0,-0.112165478,0.0013,0.0,0.0,0.0,0.01575164,0.0,0.0,-0.022763647,-0.3281778462363327,-0.3281778462363327,-0.437231171,1.030936966,-0.112165478,0.0013,0.0,-0.022763647,0.01575164,-0.3281778462363327
2016-09-07,0.917820377,0.0,-0.500967627,1.372917933,0.0,0.004489036,0.0,0.0013,0.0,0.0,0.0,0.01575164,0.0,0.0,-0.022763647,-0.3281778462363327,-0.3281778462363327,-0.500967627,1.372917933,0.004489036,0.0013,0.0,-0.022763647,0.01575164,-0.3281778462363327
2016-09-08,-0.193986482,0.0,-0.175102314,4.641004698,0.0,0.0,-0.098805361,0.0013,0.0,0.0,0.0,0.01575164,0.0,0.0,-0.022763647,-0.3281778462363327,-0.3281778462363327,-0.175102314,4.641004698,-0.098805361,0.0013,0.0,-0.022763647,0.01575164,-0.3281778462363327
2016-09-09,-0.277777956,1.10433612,0.0,0.0,-3.743352255,0.098805361,0.0,0.0013,0.0,0.0,0.0,0.01575164,0.0,0.0,-0.022763647,-0.3281778462363327,-0.3281778462363327,1.10433612,-3.743352255,0.098805361,0.0013,0.0,-0.022763647,0.01575164,-0.3281778462363327
2016-09-12,-0.362268753,0.0,-0.519847464,0.868061006,0.0,0.0,-0.229198132,0.0013,0.0,0.0,0.0,0.01575164,0.0,0.0,-0.022763647,-0.3281778462363327,-0.3281778462363327,-0.519847464,0.868061006,-0.229198132,0.0013,0.0,-0.022763647,0.01575164,-0.3281778462363327
2016-09-13,0.125549295,0.0,-1.0812712,0.0,-3.004941523,0.233686966,0.0,0.0013,0.0,0.0,0.0,0.01575164,0.0,0.0,-0.022763647,-0.3281778462363327,-0.3281778462363327,-1.0812712,-3.004941523,0.233686966,0.0013,0.0,-0.022763647,0.01575164,-0.3281778462363327
2016-09-14,-0.195367073,0.0,-0.068349069,0.0,-2.914472633,0.0,-0.089814987,0.0013,0.0,0.0,0.0,0.01575164,0.0,0.0,-0.022763647,-0.3281778462363327,-0.3281778462363327,-0.068349069,-2.914472633,-0.089814987,0.0013,0.0,-0.022763647,0.01575164,-0.3281778462363327
2016-09-15,0.175847533,0.0,-0.106413716,0.525895804,0.0,0.112256135,0.0,0.0013,0.0,0.0,0.0,0.01575164,0.0,0.0,-0.022763647,-0.3281778462363327,-0.3281778462363327,-0.106413716,0.525895804,0.112256135,0.0013,0.0,-0.022763647,0.01575164,-0.3281778462363327
2016-09-16,0.297954915,0.0,-0.423735906,0.0,-1.864480296,0.022436113,0.0,0.0013,0.0,0.0,0.0,0.01575164,0.0,0.0,-0.022763647,-0.3281778462363327,-0.3281778462363327,-0.423735906,-1.864480296,0.022436113,0.0013,0.0,-0.022763647,0.01575164,-0.3281778462363327
2016-09-19,-0.809607996,0.0,-0.51608473,0.694608025,0.0,0.0,-0.121214857,0.0013,0.0,0.0,0.0,0.01575164,0.0,0.0,-0.022763647,-0.3281778462363327,-0.3281778462363327,-0.51608473,0.694608025,-0.121214857,0.0013,0.0,-0.022763647,0.01575164,-0.3281778462363327
2016-09-20,0.084057164,0.747990118,0.0,1.169872271,0.0,0.067359726,0.0,0.0013,0.0,0.0,0.0,0.01575164,0.0,0.0,-0.022763647,-0.3281778462363327,-0.3281778462363327,0.747990118,1.169872271,0.067359726,0.0013,0.0,-0.022763647,0.01575164,-0.3281778462363327
2016-09-21,0.0,1.049034876,0.0,3.319434613,0.0,0.098712262,0.0,0.0013,0.0,0.0,0.0,0.01575164,0.0,0.0,-0.022763647,-0.3281778462363327,-0.3281778462363327,1.049034876,3.319434613,0.098712262,0.0013,0.0,-0.022763647,0.01575164,-0.3281778462363327
2016-09-22,0.572507324,0.805050908,0.0,1.684388505,0.0,0.0,-0.067293244,0.0013,0.0,0.0,0.0,0.01575164,0.0,0.0,-0.022763647,-0.3281778462363327,-0.3281778462363327,0.805050908,1.684388505,-0.067293244,0.0013,0.0,-0.022763647,0.01575164,-0.3281778462363327
2016-09-23,0.0,0.336019312,0.0,0.0,-3.847478752,0.026922732,0.0,0.0013,0.0,0.0,0.0,0.01575164,0.0,0.0,-0.022763647,-0.3281778462363327,-0.3281778462363327,0.336019312,-3.847478752,0.026922732,0.0013,0.0,-0.022763647,0.01575164,-0.3281778462363327
2016-09-26,-0.055710308,0.369064514,0.0,2.756955404,0.0,0.0,0.0,0.0013,0.0,0.0,0.0,0.01575164,0.0,0.0,-0.022763647,-0.3281778462363327,-0.3281778462363327,0.369064514,2.756955404,0.0,0.0013,0.0,-0.022763647,0.01575164,-0.3281778462363327
2016-09-27,-0.027866797,0.503771939,0.0,0.0,-2.10534092,0.0,-0.04936388,0.0013,0.0,0.0,0.0,0.01575164,0.0,0.0,-0.022763647,-0.3281778462363327,-0.3281778462363327,0.503771939,-2.10534092,-0.04936388,0.0013,0.0,-0.022763647,0.01575164,-0.3281778462363327
2016-09-28,-0.418936516,1.23092036,0.0,5.278154809,0.0,0.058336514,0.0,0.0013,0.0,0.0,0.0,0.01575164,0.0,0.0,-0.022763647,-0.3281778462363327,-0.3281778462363327,1.23092036,5.278154809,0.058336514,0.0013,0.0,-0.022763647,0.01575164,-0.3281778462363327
2016-09-29,0.013992864,0.702645438,0.0,1.371474182,0.0,0.0,-0.04935945,0.0013,0.0,0.0,0.0,0.01575164,0.0,0.0,-0.022763647,-0.3281778462363327,-0.3281778462363327,0.702645438,1.371474182,-0.04935945,0.0013,0.0,-0.022763647,0.01575164,-0.3281778462363327
2016-09-30,0.013990906,0.0,-0.184275682,0.0,0.0,0.00448823,0.0,0.0011,0.0,0.0,0.0,0.0,-0.019939614,0.008365805,0.0,-0.3281778462363327,-0.3281778462363327,-0.184275682,0.0,0.00448823,0.0011,0.0,0.008365805,-0.019939614,-0.3281778462363327
2016-10-03,-0.055975372,0.0,-0.126432372,2.237971563,0.0,0.103173722,0.0,0.0011,0.0,0.0,0.0,0.0,-0.019939614,0.008365805,0.0,0.060406571620416294,0.060406571620416294,-0.126432372,2.237971563,0.103173722,0.0011,0.0,0.008365805,-0.019939614,0.0604065716204162
2016-10-04,-0.238245505,0.0,-0.709233181,0.0,-0.266748901,0.0,-0.094197867,0.0011,0.0,0.0,0.0,0.0,-0.019939614,0.008365805,0.0,0.060406571620416294,0.060406571620416294,-0.709233181,-0.266748901,-0.094197867,0.0011,0.0,0.008365805,-0.019939614,0.0604065716204162
2016-10-05,-2.190220604,0.524383519,0.0,2.194763976,0.0,0.0,-0.035908255,0.0011,0.0,0.0,0.0,0.0,-0.019939614,0.008365805,0.0,0.060406571620416294,0.060406571620416294,0.524383519,2.194763976,-0.035908255,0.0011,0.0,0.008365805,-0.019939614,0.0604065716204162
2016-10-06,-0.172250495,0.091739786,0.0,1.377404749,0.0,0.0,-0.098814237,0.0011,0.0,0.0,0.0,0.0,-0.019939614,0.008365805,0.0,0.060406571620416294,0.060406571620416294,0.091739786,1.377404749,-0.098814237,0.0011,0.0,0.008365805,-0.019939614,0.0604065716204162
2016-10-07,-0.244530552,0.35886857,0.0,0.0,-1.357306267,0.0,0.0,0.0011,0.0,0.0,0.0,0.0,-0.019939614,0.008365805,0.0,0.060406571620416294,0.060406571620416294,0.35886857,-1.357306267,0.0,0.0011,0.0,0.008365805,-0.019939614,0.0604065716204162
2016-10-10,0.45979735,0.0,-0.795018603,0.0,0.0,0.18856071,0.0,0.0011,0.0,0.0,0.0,0.0,-0.019939614,0.008365805,0.0,0.060406571620416294,0.060406571620416294,-0.795018603,0.0,0.18856071,0.0011,0.0,0.008365805,-0.019939614,0.0604065716204162
2016-10-11,0.0,0.0,-0.94295981,1.91088617,0.0,0.0,-0.166094353,0.0011,0.0,0.0,0.0,0.0,-0.019939614,0.008365805,0.0,0.060406571620416294,0.060406571620416294,-0.94295981,1.91088617,-0.166094353,0.0011,0.0,0.008365805,-0.019939614,0.0604065716204162
2016-10-12,-0.129104463,0.918104737,0.0,0.0,-1.15012174,0.0,-0.044937762,0.0011,0.0,0.0,0.0,0.0,-0.019939614,0.008365805,0.0,0.060406571620416294,0.060406571620416294,0.918104737,-1.15012174,-0.044937762,0.0011,0.0,0.008365805,-0.019939614,0.0604065716204162
2016-10-13,0.0,0.0,-0.461671187,0.656000762,0.0,0.022471405,0.0,0.0011,0.0,0.0,0.0,0.0,-0.019939614,0.008365805,0.0,0.060406571620416294,0.060406571620416294,-0.461671187,0.656000762,0.022471405,0.0011,0.0,0.008365805,-0.019939614,0.0604065716204162
2016-10-14,0.028704289,0.634067391,0.0,0.0,-0.238048119,0.01348042,0.0,0.0011,0.0,0.0,0.0,0.0,-0.019939614,0.008365805,0.0,0.060406571620416294,0.060406571620416294,0.634067391,-0.238048119,0.01348042,0.0011,0.0,0.008365805,-0.019939614,0.0604065716204162
2016-10-17,-0.172349452,0.308984097,0.0,0.0,-0.757579381,0.233372335,0.0,0.0011,0.0,0.0,0.0,0.0,-0.019939614,0.008365805,0.0,0.060406571620416294,0.060406571620416294,0.308984097,-0.757579381,0.233372335,0.0011,0.0,0.008365805,-0.019939614,0.0604065716204162
2016-10-18,0.071848374,0.0,-0.98566189,0.658225175,0.0,0.0,-0.192941975,0.0011,0.0,0.0,0.0,0.0,-0.019939614,0.008365805,0.0,0.060406571620416294,0.060406571620416294,-0.98566189,0.658225175,-0.192941975,0.0011,0.0,0.008365805,-0.019939614,0.0604065716204162
2016-10-19,0.157884949,0.496970098,0.0,2.532277815,0.0,0.0,-0.044923631,0.0011,0.0,0.0,0.0,0.0,-0.019939614,0.008365805,0.0,0.060406571620416294,0.060406571620416294,0.496970098,2.532277815,-0.044923631,0.0011,0.0,0.008365805,-0.019939614,0.0604065716204162
2016-10-20,0.214896717,0.963421021,0.0,0.0,-2.512399075,0.013479208,0.0,0.0011,0.0,0.0,0.0,0.0,-0.019939614,0.008365805,0.0,0.060406571620416294,0.060406571620416294,0.963421021,-2.512399075,0.013479208,0.0011,0.0,0.008365805,-0.019939614,0.0604065716204162
2016-10-21,-0.200555893,0.0,-0.680126439,0.594532072,0.0,0.067368802,0.0,0.0011,0.0,0.0,0.0,0.0,-0.019939614,0.008365805,0.0,0.060406571620416294,0.060406571620416294,-0.680126439,0.594532072,0.067368802,0.0011,0.0,0.008365805,-0.019939614,0.0604065716204162
2016-10-24,0.0,0.0,-0.384247794,0.0,-0.853264429,0.0,-0.03592438,0.0011,0.0,0.0,0.0,0.0,-0.019939614,0.008365805,0.0,0.060406571620416294,0.060406571620416294,-0.384247794,-0.853264429,-0.03592438,0.0011,0.0,0.008365805,-0.019939614,0.0604065716204162
2016-10-25,-0.05737564,0.0,-1.007783847,0.0,-1.465448287,0.080811713,0.0,0.0011,0.0,0.0,0.0,0.0,-0.019939614,0.008365805,0.0,0.060406571620416294,0.060406571620416294,-1.007783847,-1.465448287,0.080811713,0.0011,0.0,0.008365805,-0.019939614,0.0604065716204162
2016-10-26,0.429517025,0.0,-0.016266535,0.0,-1.425686062,0.134541235,0.0,0.0011,0.0,0.0,0.0,0.0,-0.019939614,0.008365805,0.0,0.060406571620416294,0.060406571620416294,-0.016266535,-1.425686062,0.134541235,0.0011,0.0,0.008365805,-0.019939614,0.0604065716204162
2016-10-27,-0.286139602,0.0,-0.499634098,1.950092266,0.0,0.053765851,0.0,0.0011,0.0,0.0,0.0,0.0,-0.019939614,0.008365805,0.0,0.060406571620416294,0.060406571620416294,-0.499634098,1.950092266,0.053765851,0.0011,0.0,0.008365805,-0.019939614,0.0604065716204162
2016-10-28,0.042973171,0.582418007,0.0,0.0,-2.01164967,0.0,-0.188307086,0.0011,0.0,0.0,0.0,0.0,-0.019939614,0.008365805,0.0,0.060406571620416294,0.060406571620416294,0.582418007,-2.01164967,-0.188307086,0.0011,0.0,0.008365805,-0.019939614,0.0604065716204162
2016-10-31,0.357393413,0.790378328,0.0,0.0,-3.956560021,0.004487625,0.0,0.0055,0.0,0.0,0.0,0.010425629,0.0,0.010911004,0.0,0.060406571620416294,0.060406571620416294,0.790378328,-3.956560021,0.004487625,0.0055,0.0,0.010911004,0.010425629,0.0604065716204162
2016-11-01,-0.014271239,0.0,-1.028567024,0.0,-0.36367566,0.0,0.0,0.0055,0.0,0.0,0.0,0.010425629,0.0,0.010911004,0.0,0.060406571620416294,0.060406571620416294,-1.028567024,-0.36367566,0.0,0.0055,0.0,0.010911004,0.010425629,0.0604065716204162
2016-11-02,0.469878839,0.081432626,0.0,0.0,-2.913883043,0.0,-0.071826184,0.0055,0.0,0.0,0.0,0.010425629,0.0,0.010911004,0.0,0.060406571620416294,0.060406571620416294,0.081432626,-2.913883043,-0.071826184,0.0055,0.0,0.010911004,0.010425629,0.0604065716204162
2016-11-03,1.382523502,0.0,-1.044388147,0.0,-1.467018975,0.0,0.0,0.0055,0.0,0.0,0.0,0.010425629,0.0,0.010911004,0.0,0.060406571620416294,0.060406571620416294,-1.044388147,-1.467018975,0.0,0.0055,0.0,0.010911004,0.010425629,0.0604065716204162
2016-11-04,0.0,0.0,-0.259061683,0.0,-1.329896756,0.0,0.0,0.0055,0.0,0.0,0.0,0.010425629,0.0,0.010911004,0.0,0.060406571620416294,0.060406571620416294,-0.259061683,-1.329896756,0.0,0.0055,0.0,0.010911004,0.010425629,0.0604065716204162
2016-11-07,-0.985562563,0.02848469,0.0,1.821298236,0.0,0.121176776,0.0,0.0055,0.0,0.0,0.0,0.010425629,0.0,0.010911004,0.0,0.060406571620416294,0.060406571620416294,0.02848469,1.821298236,0.121176776,0.0055,0.0,0.010911004,0.010425629,0.0604065716204162
2016-11-08,-0.255008213,1.295682862,0.0,0.178094437,0.0,0.076221225,0.0,0.0055,0.0,0.0,0.0,0.010425629,0.0,0.010911004,0.0,0.060406571620416294,0.060406571620416294,1.295682862,0.178094437,0.076221225,0.0055,0.0,0.010911004,0.010425629,0.0604065716204162
2016-11-09,1.13403568,0.0,-0.036998942,0.532388125,0.0,0.0,-0.197398,0.0055,0.0,0.0,0.0,0.010425629,0.0,0.010911004,0.0,0.060406571620416294,0.060406571620416294,-0.036998942,0.532388125,-0.197398,0.0055,0.0,0.010911004,0.010425629,0.0604065716204162
2016-11-10,0.07010165,0.0,-0.031089694,0.0,-1.291489783,0.031430304,0.0,0.0055,0.0,0.0,0.0,0.010425629,0.0,0.010911004,0.0,0.060406571620416294,0.060406571620416294,-0.031089694,-1.291489783,0.031430304,0.0055,0.0,0.010911004,0.010425629,0.0604065716204162
2016-11-11,-1.838807114,0.446172088,0.0,0.0,-2.795318919,0.201816416,0.0,0.0055,0.0,0.0,0.0,0.010425629,0.0,0.010911004,0.0,0.060406571620416294,0.060406571620416294,0.446172088,-2.795318919,0.201816416,0.0055,0.0,0.010911004,0.010425629,0.0604065716204162
2016-11-14,-1.762769226,0.0,-0.18443248,0.0,-0.230733836,0.0,-0.071710293,0.0055,0.0,0.0,0.0,0.010425629,0.0,0.010911004,0.0,0.060406571620416294,0.060406571620416294,-0.18443248,-0.230733836,-0.071710293,0.0055,0.0,0.010911004,0.010425629,0.0604065716204162
2016-11-15,1.299169494,0.0,-0.500415589,5.767161598,0.0,0.013449598,0.0,0.0055,0.0,0.0,0.0,0.010425629,0.0,0.010911004,0.0,0.060406571620416294,0.060406571620416294,-0.500415589,5.767161598,0.013449598,0.0055,0.0,0.010911004,0.010425629,0.0604065716204162
2016-11-16,-0.071734985,0.163132173,0.0,0.0,-0.656313885,0.331185408,0.0,0.0055,0.0,0.0,0.0,0.010425629,0.0,0.010911004,0.0,0.060406571620416294,0.060406571620416294,0.163132173,-0.656313885,0.331185408,0.0055,0.0,0.010911004,0.010425629,0.0604065716204162
2016-11-17,-0.17237421,0.0,-0.051876831,0.0,-0.41790449,0.0,-0.067043603,0.0055,0.0,0.0,0.0,0.010425629,0.0,0.010911004,0.0,0.060406571620416294,0.060406571620416294,-0.051876831,-0.41790449,-0.067043603,0.0055,0.0,0.010911004,0.010425629,0.0604065716204162
2016-11-18,-0.504461945,0.0,-0.100866272,0.70283619,0.0,0.401589045,0.0,0.0055,0.0,0.0,0.0,0.010425629,0.0,0.010911004,0.0,0.060406571620416294,0.060406571620416294,-0.100866272,0.70283619,0.401589045,0.0055,0.0,0.010911004,0.010425629,0.0604065716204162
2016-11-21,0.05778176,0.0,-0.092055061,3.842911417,0.0,0.462058757,0.0,0.0055,0.0,0.0,0.0,0.010425629,0.0,0.010911004,0.0,0.060406571620416294,0.060406571620416294,-0.092055061,3.842911417,0.462058757,0.0055,0.0,0.010911004,0.010425629,0.0604065716204162
2016-11-22,2.573241397,0.301091126,0.0,1.234971216,0.0,0.0,-0.364137353,0.0055,0.0,0.0,0.0,0.010425629,0.0,0.010911004,0.0,0.060406571620416294,0.060406571620416294,0.301091126,1.234971216,-0.364137353,0.0055,0.0,0.010911004,0.010425629,0.0604065716204162
2016-11-23,-2.345690035,0.875853431,0.0,0.0,-2.848594339,0.337538071,0.0,0.0055,0.0,0.0,0.0,0.010425629,0.0,0.010911004,0.0,0.060406571620416294,0.060406571620416294,0.875853431,-2.848594339,0.337538071,0.0055,0.0,0.010911004,0.010425629,0.0604065716204162
2016-11-24,-0.97157128,0.357567168,0.0,0.0,0.0,0.507615303,0.0,0.0055,0.0,0.0,0.0,0.010425629,0.0,0.010911004,0.0,0.060406571620416294,0.060406571620416294,0.357567168,0.0,0.507615303,0.0055,0.0,0.010911004,0.010425629,0.0604065716204162
2016-11-25,-0.277246971,0.0,-0.754731646,0.0,0.0,0.0,-0.153896919,0.0055,0.0,0.0,0.0,0.010425629,0.0,0.010911004,0.0,0.060406571620416294,0.060406571620416294,-0.754731646,0.0,-0.153896919,0.0055,0.0,0.010911004,0.010425629,0.0604065716204162
2016-11-28,0.930834576,0.0,-0.885302164,0.0,-2.294969742,0.0,-0.110071558,0.0055,0.0,0.0,0.0,0.010425629,0.0,0.010911004,0.0,0.060406571620416294,0.060406571620416294,-0.885302164,-2.294969742,-0.110071558,0.0055,0.0,0.010911004,0.010425629,0.0604065716204162
2016-11-29,-0.188375822,0.0,-1.103480097,0.0,-0.813638353,0.0,-0.132245997,0.0055,0.0,0.0,0.0,0.010425629,0.0,0.010911004,0.0,0.060406571620416294,0.060406571620416294,-1.103480097,-0.813638353,-0.132245997,0.0055,0.0,0.010911004,0.010425629,0.0604065716204162
2016-11-30,0.026103981,0.0,-1.007903965,6.428831324,0.0,0.0,-0.132421118,0.0086,0.0,0.0,0.0,0.0,-0.03655414,0.0,-0.016958134,0.060406571620416294,0.060406571620416294,-1.007903965,6.428831324,-0.132421118,0.0086,0.0,-0.016958134,-0.03655414,0.0604065716204162
2016-12-01,-0.666329664,1.843363234,0.0,3.324019831,0.0,0.176522552,0.0,0.0086,0.0,0.0,0.0,0.0,-0.03655414,0.0,-0.016958134,0.060406571620416294,0.060406571620416294,1.843363234,3.324019831,0.176522552,0.0086,0.0,-0.016958134,-0.03655414,0.0604065716204162
2016-12-02,0.233283866,0.0,-0.512725814,1.206475035,0.0,0.0,-0.088222326,0.0086,0.0,0.0,0.0,0.0,-0.03655414,0.0,-0.016958134,0.060406571620416294,0.060406571620416294,-0.512725814,1.206475035,-0.088222326,0.0086,0.0,-0.016958134,-0.03655414,0.0604065716204162
2016-12-05,0.711065091,0.0,-0.631429123,0.038677239,0.0,0.220410052,0.0,0.0086,0.0,0.0,0.0,0.0,-0.03655414,0.0,-0.016958134,0.060406571620416294,0.060406571620416294,-0.631429123,0.038677239,0.220410052,0.0086,0.0,-0.016958134,-0.03655414,0.0604065716204162
2016-12-06,0.749110337,0.0,-0.359587618,0.0,-1.499979423,0.044023774,0.0,0.0086,0.0,0.0,0.0,0.0,-0.03655414,0.0,-0.016958134,0.060406571620416294,0.060406571620416294,-0.359587618,-1.499979423,0.044023774,0.0086,0.0,-0.016958134,-0.03655414,0.0604065716204162
2016-12-07,-0.186752148,0.0,-1.840716138,0.0,-2.182626326,0.0,-0.176211499,0.0086,0.0,0.0,0.0,0.0,-0.03655414,0.0,-0.016958134,0.060406571620416294,0.060406571620416294,-1.840716138,-2.182626326,-0.176211499,0.0086,0.0,-0.016958134,-0.03655414,0.0604065716204162
2016-12-08,-0.100703494,1.050534541,0.0,1.966494991,0.0,0.0,-0.220701921,0.0086,0.0,0.0,0.0,0.0,-0.03655414,0.0,-0.016958134,0.060406571620416294,0.060406571620416294,1.050534541,1.966494991,-0.220701921,0.0086,0.0,-0.016958134,-0.03655414,0.0604065716204162
2016-12-09,-0.201711736,0.605352663,0.0,1.309251726,0.0,0.0,-0.199049054,0.0086,0.0,0.0,0.0,0.0,-0.03655414,0.0,-0.016958134,0.060406571620416294,0.060406571620416294,0.605352663,1.309251726,-0.199049054,0.0086,0.0,-0.016958134,-0.03655414,0.0604065716204162
2016-12-12,-0.491571993,0.640892184,0.0,2.359821735,0.0,0.154850158,0.0,0.0086,0.0,0.0,0.0,0.0,-0.03655414,0.0,-0.016958134,0.060406571620416294,0.060406571620416294,0.640892184,2.359821735,0.154850158,0.0086,0.0,-0.016958134,-0.03655414,0.0604065716204162
2016-12-13,0.404999396,0.0,-0.215691238,0.472903558,0.0,0.154610743,0.0,0.0086,0.0,0.0,0.0,0.0,-0.03655414,0.0,-0.016958134,0.060406571620416294,0.060406571620416294,-0.215691238,0.472903558,0.154610743,0.0086,0.0,-0.016958134,-0.03655414,0.0604065716204162
2016-12-14,0.028865861,0.0,-0.73958781,0.0,-3.808152457,0.2424778,0.0,0.0086,0.0,0.0,0.0,0.0,-0.03655414,0.0,-0.016958134,0.060406571620416294,0.060406571620416294,-0.73958781,-3.808152457,0.2424778,0.0086,0.0,-0.016958134,-0.03655414,0.0604065716204162
2016-12-15,-0.491856444,1.611550879,0.0,0.0,-0.215876838,0.13201322,0.0,0.0086,0.0,0.0,0.0,0.0,-0.03655414,0.0,-0.016958134,0.060406571620416294,0.060406571620416294,1.611550879,-0.215876838,0.13201322,0.0086,0.0,-0.016958134,-0.03655414,0.0604065716204162
2016-12-16,-0.917825239,0.35263391,0.0,2.00337343,0.0,0.02198527,0.0,0.0086,0.0,0.0,0.0,0.0,-0.03655414,0.0,-0.016958134,0.060406571620416294,0.060406571620416294,0.35263391,2.00337343,0.02198527,0.0086,0.0,-0.016958134,-0.03655414,0.0604065716204162
2016-12-19,0.583721705,0.528113931,0.0,0.384394092,0.0,0.043956045,0.0,0.0086,0.0,0.0,0.0,0.0,-0.03655414,0.0,-0.016958134,0.060406571620416294,0.060406571620416294,0.528113931,0.384394092,0.043956045,0.0086,0.0,-0.016958134,-0.03655414,0.0604065716204162
2016-12-20,0.0,0.0,-0.007418893,0.172496449,0.0,0.021970779,0.0,0.0086,0.0,0.0,0.0,0.0,-0.03655414,0.0,-0.016958134,0.060406571620416294,0.060406571620416294,-0.007418893,0.172496449,0.021970779,0.0086,0.0,-0.016958134,-0.03655414,0.0604065716204162
2016-12-21,-0.072779148,0.0,-1.731703318,0.0,-1.504948334,0.026358564,0.0,0.0086,0.0,0.0,0.0,0.0,-0.03655414,0.0,-0.016958134,0.060406571620416294,0.060406571620416294,-1.731703318,-1.504948334,0.026358564,0.0086,0.0,-0.016958134,-0.03655414,0.0604065716204162
2016-12-22,-0.598795439,0.998979293,0.0,1.044294928,0.0,0.0,-0.030752334,0.0086,0.0,0.0,0.0,0.0,-0.03655414,0.0,-0.016958134,0.060406571620416294,0.060406571620416294,0.998979293,1.044294928,-0.030752334,0.0086,0.0,-0.016958134,-0.03655414,0.0604065716204162
2016-12-23,-0.205290705,0.0,-0.789343514,0.057697857,0.0,0.0,-0.017577009,0.0086,0.0,0.0,0.0,0.0,-0.03655414,0.0,-0.016958134,0.060406571620416294,0.060406571620416294,-0.789343514,0.057697857,-0.017577009,0.0086,0.0,-0.016958134,-0.03655414,0.0604065716204162
2016-12-26,0.219938213,0.288847969,0.0,0.0,0.0,0.030757739,0.0,0.0086,0.0,0.0,0.0,0.0,-0.03655414,0.0,-0.016958134,0.060406571620416294,0.060406571620416294,0.288847969,0.0,0.030757739,0.0086,0.0,-0.016958134,-0.03655414,0.0604065716204162
2016-12-27,0.073205374,0.0,-0.453201411,1.545389908,0.0,0.0,0.0,0.0086,0.0,0.0,0.0,0.0,-0.03655414,0.0,-0.016958134,0.060406571620416294,0.060406571620416294,-0.453201411,1.545389908,0.0,0.0086,0.0,-0.016958134,-0.03655414,0.0604065716204162
2016-12-28,-0.087852881,0.487747098,0.0,2.227930774,0.0,0.035140122,0.0,0.0086,0.0,0.0,0.0,0.0,-0.03655414,0.0,-0.016958134,0.060406571620416294,0.060406571620416294,0.487747098,2.227930774,0.035140122,0.0086,0.0,-0.016958134,-0.03655414,0.0604065716204162
2016-12-29,-0.029301454,0.079559873,0.0,0.0,-0.389574744,0.03073748,0.0,0.0086,0.0,0.0,0.0,0.0,-0.03655414,0.0,-0.016958134,0.060406571620416294,0.060406571620416294,0.079559873,-0.389574744,0.03073748,0.0086,0.0,-0.016958134,-0.03655414,0.0604065716204162
2016-12-30,0.70087604,0.0,-0.339696704,0.0,-0.092980016,0.0,-0.03073748,0.0086,0.0,0.0,0.0,0.0,-0.03655414,0.0,-0.016958134,0.060406571620416294,0.060406571620416294,-0.339696704,-0.092980016,-0.03073748,0.0086,0.0,-0.016958134,-0.03655414,0.0604065716204162
2017-01-02,0.0,0.0,0.0,0.0,0.0,0.0,0.0,0.005,0.0,0.0,0.0,0.0,-0.070150439,0.010654526,0.0,-0.031906286761422376,-0.031906286761422376,0.0,0.0,0.0,0.005,0.0,0.010654526,-0.070150439,-0.0319062867614223
2017-01-03,0.435566052,0.26314024,0.0,0.0,-2.620072597,0.0,-0.109853905,0.005,0.0,0.0,0.0,0.0,-0.070150439,0.010654526,0.0,-0.031906286761422376,-0.031906286761422376,0.26314024,-2.620072597,-0.109853905,0.005,0.0,0.010654526,-0.070150439,-0.0319062867614223
2017-01-04,0.173696596,0.99515203,0.0,1.704263934,0.0,0.0,-0.087970096,0.005,0.0,0.0,0.0,0.0,-0.070150439,0.010654526,0.0,-0.031906286761422376,-0.031906286761422376,0.99515203,1.704263934,-0.087970096,0.005,0.0,0.010654526,-0.070150439,-0.0319062867614223
2017-01-05,0.548057216,0.332492514,0.0,0.953011044,0.0,0.0,-0.220264406,0.005,0.0,0.0,0.0,0.0,-0.070150439,0.010654526,0.0,-0.031906286761422376,-0.031906286761422376,0.332492514,0.953011044,-0.220264406,0.005,0.0,0.010654526,-0.070150439,-0.0319062867614223
2017-01-06,-0.115131118,0.078508636,0.0,0.389791677,0.0,0.0,-0.436554171,0.005,0.0,0.0,0.0,0.0,-0.070150439,0.010654526,0.0,-0.031906286761422376,-0.031906286761422376,0.078508636,0.389791677,-0.436554171,0.005,0.0,0.010654526,-0.070150439,-0.0319062867614223
2017-01-09,0.230129837,0.941727848,0.0,0.0,-3.833189004,0.088613209,0.0,0.005,0.0,0.0,0.0,0.0,-0.070150439,0.010654526,0.0,-0.031906286761422376,-0.031906286761422376,0.941727848,-3.833189004,0.088613209,0.005,0.0,0.010654526,-0.070150439,-0.0319062867614223
2017-01-10,0.0718071,0.150969974,0.0,0.0,-2.199173965,0.0,-0.044296789,0.005,0.0,0.0,0.0,0.0,-0.070150439,0.010654526,0.0,-0.031906286761422376,-0.031906286761422376,0.150969974,-2.199173965,-0.044296789,0.005,0.0,0.010654526,-0.070150439,-0.0319062867614223
2017-01-11,-0.0718071,0.0,-0.281603565,2.660092776,0.0,0.0,0.0,0.005,0.0,0.0,0.0,0.0,-0.070150439,0.010654526,0.0,-0.031906286761422376,-0.031906286761422376,-0.281603565,2.660092776,0.0,0.005,0.0,0.010654526,-0.070150439,-0.0319062867614223
2017-01-12,0.215266799,1.147826499,0.0,1.558966934,0.0,0.0,0.0,0.005,0.0,0.0,0.0,0.0,-0.070150439,0.010654526,0.0,-0.031906286761422376,-0.031906286761422376,1.147826499,1.558966934,0.0,0.005,0.0,0.010654526,-0.070150439,-0.0319062867614223
2017-01-13,0.057326303,0.0,-0.3097531,0.0,-1.233763396,0.0,-0.04431642,0.005,0.0,0.0,0.0,0.0,-0.070150439,0.010654526,0.0,-0.031906286761422376,-0.031906286761422376,-0.3097531,-1.233763396,-0.04431642,0.005,0.0,0.010654526,-0.070150439,-0.0319062867614223
2017-01-16,0.400366584,0.0,-0.285881175,0.0,0.0,0.04431642,0.0,0.005,0.0,0.0,0.0,0.0,-0.070150439,0.010654526,0.0,-0.031906286761422376,-0.031906286761422376,-0.285881175,0.0,0.04431642,0.005,0.0,0.010654526,-0.070150439,-0.0319062867614223
2017-01-17,-0.214282735,0.0,-0.849321179,0.17173938,0.0,0.0,0.0,0.005,0.0,0.0,0.0,0.0,-0.070150439,0.010654526,0.0,-0.031906286761422376,-0.031906286761422376,-0.849321179,0.17173938,0.0,0.005,0.0,0.010654526,-0.070150439,-0.0319062867614223
2017-01-18,0.655683973,0.720700038,0.0,0.0,-2.568452477,0.008860928,0.0,0.005,0.0,0.0,0.0,0.0,-0.070150439,0.010654526,0.0,-0.031906286761422376,-0.031906286761422376,0.720700038,-2.568452477,0.008860928,0.005,0.0,0.010654526,-0.070150439,-0.0319062867614223
2017-01-19,-0.527059239,0.0,-0.105358668,0.526779093,0.0,0.0,-0.035448423,0.005,0.0,0.0,0.0,0.0,-0.070150439,0.010654526,0.0,-0.031906286761422376,-0.031906286761422376,-0.105358668,0.526779093,-0.035448423,0.005,0.0,0.010654526,-0.070150439,-0.0319062867614223
2017-01-20,0.0,0.225215439,0.0,1.812621938,0.0,0.026587495,0.0,0.005,0.0,0.0,0.0,0.0,-0.070150439,0.010654526,0.0,-0.031906286761422376,-0.031906286761422376,0.225215439,1.812621938,0.026587495,0.005,0.0,0.010654526,-0.070150439,-0.0319062867614223
2017-01-23,0.299482547,0.476541827,0.0,0.837302703,0.0,0.0,-0.088652488,0.005,0.0,0.0,0.0,0.0,-0.070150439,0.010654526,0.0,-0.031906286761422376,-0.031906286761422376,0.476541827,0.837302703,-0.088652488,0.005,0.0,0.010654526,-0.070150439,-0.0319062867614223
2017-01-24,0.184945494,0.0,-0.109098061,0.0,-0.741800834,0.088652488,0.0,0.005,0.0,0.0,0.0,0.0,-0.070150439,0.010654526,0.0,-0.031906286761422376,-0.031906286761422376,-0.109098061,-0.741800834,0.088652488,0.005,0.0,0.010654526,-0.070150439,-0.0319062867614223
2017-01-25,-0.028430899,0.868027042,0.0,0.0,-0.459243057,0.088573965,0.0,0.005,0.0,0.0,0.0,0.0,-0.070150439,0.010654526,0.0,-0.031906286761422376,-0.031906286761422376,0.868027042,-0.459243057,0.088573965,0.005,0.0,0.010654526,-0.070150439,-0.0319062867614223
2017-01-26,-0.842368739,0.0,0.0,2.087758502,0.0,0.0,0.0,0.005,0.0,0.0,0.0,0.0,-0.070150439,0.010654526,0.0,-0.031906286761422376,-0.031906286761422376,0.0,2.087758502,0.0,0.005,0.0,0.010654526,-0.070150439,-0.0319062867614223
2017-01-27,0.0,0.0,0.0,0.0,-0.112760771,0.0,0.0,0.005,0.0,0.0,0.0,0.0,-0.070150439,0.010654526,0.0,-0.031906286761422376,-0.031906286761422376,0.0,-0.112760771,0.0,0.005,0.0,0.010654526,-0.070150439,-0.0319062867614223
2017-01-30,0.0,0.0,0.0,0.0,-1.039608645,0.0,0.0,0.005,0.0,0.0,0.0,0.0,-0.070150439,0.010654526,0.0,-0.031906286761422376,-0.031906286761422376,0.0,-1.039608645,0.0,0.005,0.0,0.010654526,-0.070150439,-0.0319062867614223
2017-01-31,0.0,0.0,0.0,0.227747299,0.0,0.0,0.0,0.0024,0.0,0.0,0.0,0.0,-0.023719211,0.006398226,0.0,-0.031906286761422376,-0.031906286761422376,0.0,0.227747299,0.0,0.0024,0.0,0.006398226,-0.023719211,-0.0319062867614223
2017-02-01,0.0,0.0,0.0,2.156670556,0.0,0.0,0.0,0.0024,0.0,0.0,0.0,0.0,-0.023719211,0.006398226,0.0,-0.031906286761422376,-0.031906286761422376,0.0,2.156670556,0.0,0.0024,0.0,0.006398226,-0.023719211,-0.0319062867614223
2017-02-02,2.057656568,0.982075116,0.0,0.0,-0.651468102,0.221092286,0.0,0.0024,0.0,0.0,0.0,0.0,-0.023719211,0.006398226,0.0,-0.031906286761422376,-0.031906286761422376,0.982075116,-0.651468102,0.221092286,0.0024,0.0,0.006398226,-0.023719211,-0.0319062867614223
2017-02-03,1.339380478,0.680623445,0.0,0.484352661,0.0,0.0,-0.110485041,0.0024,0.0,0.0,0.0,0.0,-0.023719211,0.006398226,0.0,-0.031906286761422376,-0.031906286761422376,0.680623445,0.484352661,-0.110485041,0.0024,0.0,0.006398226,-0.023719211,-0.0319062867614223
2017-02-06,-1.297252155,0.0,-0.379609615,0.0,-1.49787485,0.0,-0.154884421,0.0024,0.0,0.0,0.0,0.0,-0.023719211,0.006398226,0.0,-0.031906286761422376,-0.031906286761422376,-0.379609615,-1.49787485,-0.154884421,0.0024,0.0,0.006398226,-0.023719211,-0.0319062867614223
2017-02-07,-0.317804326,0.0,-0.289584442,0.0,-1.558966934,0.044277176,0.0,0.0024,0.0,0.0,0.0,0.0,-0.023719211,0.006398226,0.0,-0.031906286761422376,-0.031906286761422376,-0.289584442,-1.558966934,0.044277176,0.0024,0.0,0.006398226,-0.023719211,-0.0319062867614223
2017-02-08,0.0,0.382131559,0.0,0.344300264,0.0,0.265252145,0.0,0.0024,0.0,0.0,0.0,0.0,-0.023719211,0.006398226,0.0,-0.031906286761422376,-0.031906286761422376,0.382131559,0.344300264,0.265252145,0.0024,0.0,0.006398226,-0.023719211,-0.0319062867614223
2017-02-09,0.275676002,0.0,-0.247934011,1.176930821,0.0,0.066203246,0.0,0.0024,0.0,0.0,0.0,0.0,-0.023719211,0.006398226,0.0,-0.031906286761422376,-0.031906286761422376,-0.247934011,1.176930821,0.066203246,0.0024,0.0,0.006398226,-0.023719211,-0.0319062867614223
2017-02-10,-0.662338071,0.031381947,0.0,1.591346883,0.0,0.0,-0.110363106,0.0024,0.0,0.0,0.0,0.0,-0.023719211,0.006398226,0.0,-0.031906286761422376,-0.031906286761422376,0.031381947,1.591346883,-0.110363106,0.0024,0.0,0.006398226,-0.023719211,-0.0319062867614223
2017-02-13,0.175170978,0.492261408,0.0,0.0,-1.647977371,0.132421118,0.0,0.0024,0.0,0.0,0.0,0.0,-0.023719211,0.006398226,0.0,-0.031906286761422376,-0.031906286761422376,0.492261408,-1.647977371,0.132421118,0.0024,0.0,0.006398226,-0.023719211,-0.0319062867614223
2017-02-14,-0.325157564,0.255134722,0.0,0.470943698,0.0,0.30830238,0.0,0.0024,0.0,0.0,0.0,0.0,-0.023719211,0.006398226,0.0,-0.031906286761422376,-0.031906286761422376,0.255134722,0.470943698,0.30830238,0.0024,0.0,0.006398226,-0.023719211,-0.0319062867614223
2017-02-15,0.014159292,0.060852646,0.0,0.0,-0.188111417,0.153795482,0.0,0.0024,0.0,0.0,0.0,0.0,-0.023719211,0.006398226,0.0,-0.031906286761422376,-0.031906286761422376,0.060852646,-0.188111417,0.153795482,0.0024,0.0,0.006398226,-0.023719211,-0.0319062867614223
2017-02-16,0.39564839,0.812995425,0.0,0.563275992,0.0,0.0,-0.065883389,0.0024,0.0,0.0,0.0,0.0,-0.023719211,0.006398226,0.0,-0.031906286761422376,-0.031906286761422376,0.812995425,0.563275992,-0.065883389,0.0024,0.0,0.006398226,-0.023719211,-0.0319062867614223
2017-02-17,0.042298203,0.0,-0.434560112,0.0,0.0,0.0,0.0,0.0024,0.0,0.0,0.0,0.0,-0.023719211,0.006398226,0.0,-0.031906286761422376,-0.031906286761422376,-0.434560112,0.0,0.0,0.0024,0.0,0.006398226,-0.023719211,-0.0319062867614223
2017-02-20,-0.155180958,0.0,-0.537012681,0.0,0.0,0.236977335,0.0,0.0024,0.0,0.0,0.0,0.0,-0.023719211,0.006398226,0.0,-0.031906286761422376,-0.031906286761422376,-0.537012681,0.0,0.236977335,0.0024,0.0,0.006398226,-0.023719211,-0.0319062867614223
2017-02-21,0.0,0.814280436,0.0,1.135635401,0.0,0.070107794,0.0,0.0024,0.0,0.0,0.0,0.0,-0.023719211,0.006398226,0.0,-0.031906286761422376,-0.031906286761422376,0.814280436,1.135635401,0.070107794,0.0024,0.0,0.006398226,-0.023719211,-0.0319062867614223
2017-02-22,1.824286064,0.878782085,0.0,0.0,-0.761873053,0.0,0.0,0.0024,0.0,0.0,0.0,0.0,-0.023719211,0.006398226,0.0,-0.031906286761422376,-0.031906286761422376,0.878782085,-0.761873053,0.0,0.0024,0.0,0.006398226,-0.023719211,-0.0319062867614223
2017-02-23,-1.767828758,0.0,-0.039017321,1.6098044,0.0,0.0,-0.175361728,0.0024,0.0,0.0,0.0,0.0,-0.023719211,0.006398226,0.0,-0.031906286761422376,-0.031906286761422376,-0.039017321,1.6098044,-0.175361728,0.0024,0.0,0.006398226,-0.023719211,-0.0319062867614223
2017-02-24,0.169180923,0.0,-0.159013592,0.0,-0.903481761,0.109637112,0.0,0.0024,0.0,0.0,0.0,0.0,-0.023719211,0.006398226,0.0,-0.031906286761422376,-0.031906286761422376,-0.159013592,-0.903481761,0.109637112,0.0024,0.0,0.006398226,-0.023719211,-0.0319062867614223
2017-02-27,0.154831476,0.0,-0.651240003,0.092566886,0.0,0.0,-0.16669595,0.0024,0.0,0.0,0.0,0.0,-0.023719211,0.006398226,0.0,-0.031906286761422376,-0.031906286761422376,-0.651240003,0.092566886,-0.16669595,0.0024,0.0,0.006398226,-0.023719211,-0.0319062867614223
2017-02-28,-0.25348556,0.914730073,0.0,0.0,-0.074046653,0.0,-0.118610948,0.0048,0.0,0.0,0.0,0.039013281,0.0,0.003394868,0.0,-0.031906286761422376,-0.031906286761422376,0.914730073,-0.074046653,-0.118610948,0.0048,0.0,0.003394868,0.039013281,-0.0319062867614223
2017-03-01,-0.225861191,0.0,-0.948457834,0.0,-0.333890127,0.175669786,0.0,0.0048,0.0,0.0,0.0,0.039013281,0.0,0.003394868,0.0,-0.031906286761422376,-0.031906286761422376,-0.948457834,-0.333890127,0.175669786,0.0048,0.0,0.003394868,0.039013281,-0.0319062867614223
2017-03-02,0.225861191,0.171331512,0.0,0.0,-2.235884593,0.109637112,0.0,0.0048,0.0,0.0,0.0,0.039013281,0.0,0.003394868,0.0,-0.031906286761422376,-0.031906286761422376,0.171331512,-2.235884593,0.109637112,0.0048,0.0,0.003394868,0.039013281,-0.0319062867614223
2017-03-03,-0.324836102,0.0,-0.626361212,1.321272525,0.0,0.109517041,0.0,0.0048,0.0,0.0,0.0,0.039013281,0.0,0.003394868,0.0,-0.031906286761422376,-0.031906286761422376,-0.626361212,1.321272525,0.109517041,0.0048,0.0,0.003394868,0.039013281,-0.0319062867614223
2017-03-06,-0.056601105,0.896803964,0.0,0.0,-0.262861586,0.0,-0.175284883,0.0048,0.0,0.0,0.0,0.039013281,0.0,0.003394868,0.0,-0.031906286761422376,-0.031906286761422376,0.896803964,-0.262861586,-0.175284883,0.0048,0.0,0.003394868,0.039013281,-0.0319062867614223
2017-03-07,-0.411318926,0.258547944,0.0,0.0,-0.963453188,0.0,0.0,0.0048,0.0,0.0,0.0,0.039013281,0.0,0.003394868,0.0,-0.031906286761422376,-0.031906286761422376,0.258547944,-0.963453188,0.0,0.0048,0.0,0.003394868,0.039013281,-0.0319062867614223
2017-03-08,-0.156461166,0.0,-0.198393359,0.0,-5.561866458,0.0,-0.021932229,0.0048,0.0,0.0,0.0,0.039013281,0.0,0.003394868,0.0,-0.031906286761422376,-0.031906286761422376,-0.198393359,-5.561866458,-0.021932229,0.0048,0.0,0.003394868,0.039013281,-0.0319062867614223
2017-03-09,-0.399372946,0.114613193,0.0,0.0,-2.191201485,0.021932229,0.0,0.0048,0.0,0.0,0.0,0.039013281,0.0,0.003394868,0.0,-0.031906286761422376,-0.031906286761422376,0.114613193,-2.191201485,0.021932229,0.0048,0.0,0.003394868,0.039013281,-0.0319062867614223
2017-03-10,-0.228931278,0.0,-0.001396931,0.0,-1.446306203,0.0,-0.17559267,0.0048,0.0,0.0,0.0,0.039013281,0.0,0.003394868,0.0,-0.031906286761422376,-0.031906286761422376,-0.001396931,-1.446306203,-0.17559267,0.0048,0.0,0.003394868,0.039013281,-0.0319062867614223
2017-03-13,0.100221928,0.0,-0.549105583,0.0,-0.208333409,0.17559267,0.0,0.0048,0.0,0.0,0.0,0.039013281,0.0,0.003394868,0.0,-0.031906286761422376,-0.031906286761422376,-0.549105583,-0.208333409,0.17559267,0.0048,0.0,0.003394868,0.039013281,-0.0319062867614223
2017-03-14,0.014309222,0.0,-0.285547693,0.0,-1.491781,0.0,0.0,0.0048,0.0,0.0,0.0,0.039013281,0.0,0.003394868,0.0,-0.031906286761422376,-0.031906286761422376,-0.285547693,-1.491781,0.0,0.0048,0.0,0.003394868,0.039013281,-0.0319062867614223
2017-03-15,-0.071566596,0.803915857,0.0,2.301838395,0.0,0.109589052,0.0,0.0048,0.0,0.0,0.0,0.039013281,0.0,0.003394868,0.0,-0.031906286761422376,-0.031906286761422376,0.803915857,2.301838395,0.109589052,0.0048,0.0,0.003394868,0.039013281,-0.0319062867614223
2017-03-16,0.684934185,0.0,-0.429915449,0.0,-0.082781462,0.0,-0.241254641,0.0048,0.0,0.0,0.0,0.039013281,0.0,0.003394868,0.0,-0.031906286761422376,-0.031906286761422376,-0.429915449,-0.082781462,-0.241254641,0.0048,0.0,0.003394868,0.039013281,-0.0319062867614223
2017-03-17,-0.014221717,0.456461958,0.0,0.082781462,0.0,0.05268704,0.0,0.0048,0.0,0.0,0.0,0.039013281,0.0,0.003394868,0.0,-0.031906286761422376,-0.031906286761422376,0.456461958,0.082781462,0.05268704,0.0048,0.0,0.003394868,0.039013281,-0.0319062867614223
2017-03-20,0.099509568,0.0,-0.613765362,0.0,-1.144296269,0.035109278,0.0,0.0048,0.0,0.0,0.0,0.039013281,0.0,0.003394868,0.0,-0.031906286761422376,-0.031906286761422376,-0.613765362,-1.144296269,0.035109278,0.0048,0.0,0.003394868,0.039013281,-0.0319062867614223
2017-03-21,2.573241397,0.782659564,0.0,0.0,-1.624336948,0.0,-0.043888524,0.0048,0.0,0.0,0.0,0.039013281,0.0,0.003394868,0.0,-0.031906286761422376,-0.031906286761422376,0.782659564,-1.624336948,-0.043888524,0.0048,0.0,0.003394868,0.039013281,-0.0319062867614223
2017-03-22,-2.345690035,0.0,-0.174482355,0.572581354,0.0,0.0,-0.030733432,0.0048,0.0,0.0,0.0,0.039013281,0.0,0.003394868,0.0,-0.031906286761422376,-0.031906286761422376,-0.174482355,0.572581354,-0.030733432,0.0048,0.0,0.003394868,0.039013281,-0.0319062867614223
2017-03-23,2.573241397,0.0,-0.443857098,0.0,-0.615125495,0.074621955,0.0,0.0048,0.0,0.0,0.0,0.039013281,0.0,0.003394868,0.0,-0.031906286761422376,-0.031906286761422376,-0.443857098,-0.615125495,0.074621955,0.0048,0.0,0.003394868,0.039013281,-0.0319062867614223
2017-03-24,-0.329399145,0.97056279,0.0,0.636269379,0.0,0.0,-0.021941854,0.0048,0.0,0.0,0.0,0.039013281,0.0,0.003394868,0.0,-0.031906286761422376,-0.031906286761422376,0.97056279,0.636269379,-0.021941854,0.0048,0.0,0.003394868,0.039013281,-0.0319062867614223
2017-03-27,-2.345690035,0.508737642,0.0,0.0,-0.593725239,0.0,-0.052680101,0.0048,0.0,0.0,0.0,0.039013281,0.0,0.003394868,0.0,-0.031906286761422376,-0.031906286761422376,0.508737642,-0.593725239,-0.052680101,0.0048,0.0,0.003394868,0.039013281,-0.0319062867614223
2017-03-28,-0.21229928,0.157502105,0.0,2.809998263,0.0,0.0,-0.013174363,0.0048,0.0,0.0,0.0,0.039013281,0.0,0.003394868,0.0,-0.031906286761422376,-0.031906286761422376,0.157502105,2.809998263,-0.013174363,0.0048,0.0,0.003394868,0.039013281,-0.0319062867614223
2017-03-29,-0.141783662,0.0,-0.732969439,2.269339949,0.0,0.013174363,0.0,0.0048,0.0,0.0,0.0,0.039013281,0.0,0.003394868,0.0,-0.031906286761422376,-0.031906286761422376,-0.732969439,2.269339949,0.013174363,0.0048,0.0,0.003394868,0.039013281,-0.0319062867614223
2017-03-30,-0.028380871,0.38724501,0.0,1.663865187,0.0,0.0,-0.035135492,0.0048,0.0,0.0,0.0,0.039013281,0.0,0.003394868,0.0,-0.031906286761422376,-0.031906286761422376,0.38724501,1.663865187,-0.035135492,0.0048,0.0,0.003394868,0.039013281,-0.0319062867614223
2017-03-31,-0.156238935,0.566362438,0.0,0.476002485,0.0,0.0,-0.065912339,0.0025,0.0,0.0,0.0,0.036077958,0.0,0.0,-0.033092008,-0.031906286761422376,-0.031906286761422376,0.566362438,0.476002485,-0.065912339,0.0025,0.0,-0.033092008,0.036077958,-0.0319062867614223
2017-04-03,2.504271685,0.0,-0.407180736,0.0,-0.575455502,0.0,-0.087950753,0.0025,0.0,0.0,0.0,0.036077958,0.0,0.0,-0.033092008,0.24818754659908526,0.24818754659908526,-0.407180736,-0.575455502,-0.087950753,0.0025,0.0,-0.033092008,0.036077958,0.2481875465990852
2017-04-04,-2.149535591,0.094005758,0.0,1.461898813,0.0,0.0,-0.176133907,0.0025,0.0,0.0,0.0,0.036077958,0.0,0.0,-0.033092008,0.24818754659908526,0.24818754659908526,0.094005758,1.461898813,-0.176133907,0.0025,0.0,-0.033092008,0.036077958,0.2481875465990852
2017-04-05,1.938594326,0.164297733,0.0,0.29374348,0.0,0.0,-0.044081993,0.0025,0.0,0.0,0.0,0.036077958,0.0,0.0,-0.033092008,0.24818754659908526,0.24818754659908526,0.164297733,0.29374348,-0.044081993,0.0025,0.0,-0.033092008,0.036077958,0.2481875465990852
2017-04-06,0.0,0.0,0.0,1.069736934,0.0,0.0,-0.176522552,0.0025,0.0,0.0,0.0,0.036077958,0.0,0.0,-0.033092008,0.24818754659908526,0.24818754659908526,0.0,1.069736934,-0.176522552,0.0025,0.0,-0.033092008,0.036077958,0.2481875465990852
2017-04-07,-1.910269726,0.0,-0.420255813,1.077555164,0.0,0.0,-0.154713259,0.0025,0.0,0.0,0.0,0.036077958,0.0,0.0,-0.033092008,0.24818754659908526,0.24818754659908526,-0.420255813,1.077555164,-0.154713259,0.0025,0.0,-0.033092008,0.036077958,0.2481875465990852
2017-04-10,0.014159292,0.945848657,0.0,1.538345786,0.0,0.0,-0.044247788,0.0025,0.0,0.0,0.0,0.036077958,0.0,0.0,-0.033092008,0.24818754659908526,0.24818754659908526,0.945848657,1.538345786,-0.044247788,0.0025,0.0,-0.033092008,0.036077958,0.2481875465990852
2017-04-11,0.099058948,0.197414484,0.0,0.601279527,0.0,0.256365063,0.0,0.0025,0.0,0.0,0.0,0.036077958,0.0,0.0,-0.033092008,0.24818754659908526,0.24818754659908526,0.197414484,0.601279527,0.256365063,0.0025,0.0,-0.033092008,0.036077958,0.2481875465990852
2017-04-12,0.732810495,0.2011261,0.0,0.0,-0.488263881,0.075017103,0.0,0.0025,0.0,0.0,0.0,0.036077958,0.0,0.0,-0.033092008,0.24818754659908526,0.24818754659908526,0.2011261,-0.488263881,0.075017103,0.0025,0.0,-0.033092008,0.036077958,0.2481875465990852
2017-04-13,0.126289219,0.0,-0.834504829,0.131690359,0.0,0.0,-0.353513404,0.0025,0.0,0.0,0.0,0.036077958,0.0,0.0,-0.033092008,0.24818754659908526,0.24818754659908526,-0.834504829,0.131690359,-0.353513404,0.0025,0.0,-0.033092008,0.036077958,0.2481875465990852
2017-04-14,0.461700715,0.0,-0.396351877,0.0,0.0,0.507615303,0.0,0.0025,0.0,0.0,0.0,0.036077958,0.0,0.0,-0.033092008,0.24818754659908526,0.24818754659908526,-0.396351877,0.0,0.507615303,0.0025,0.0,-0.033092008,0.036077958,0.2481875465990852
2017-04-17,0.806343866,0.0,-0.518869089,0.0,-1.077413314,0.0,-0.352268088,0.0025,0.0,0.0,0.0,0.036077958,0.0,0.0,-0.033092008,0.24818754659908526,0.24818754659908526,-0.518869089,-1.077413314,-0.352268088,0.0025,0.0,-0.033092008,0.036077958,0.2481875465990852
2017-04-18,-0.918075721,0.0,-1.441635537,0.0,-0.304530117,0.0,-0.088261259,0.0025,0.0,0.0,0.0,0.036077958,0.0,0.0,-0.033092008,0.24818754659908526,0.24818754659908526,-1.441635537,-0.304530117,-0.088261259,0.0025,0.0,-0.033092008,0.036077958,0.2481875465990852
2017-04-19,-0.013975264,0.875306781,0.0,0.0,-3.827567757,0.370174934,0.0,0.0025,0.0,0.0,0.0,0.036077958,0.0,0.0,-0.033092008,0.24818754659908526,0.24818754659908526,0.875306781,-3.827567757,0.370174934,0.0025,0.0,-0.033092008,0.036077958,0.2481875465990852
2017-04-20,-0.237878794,0.264034855,0.0,0.0,-0.456576476,0.0,-0.193730247,0.0025,0.0,0.0,0.0,0.036077958,0.0,0.0,-0.033092008,0.24818754659908526,0.24818754659908526,0.264034855,-0.456576476,-0.193730247,0.0025,0.0,-0.033092008,0.036077958,0.2481875465990852
2017-04-21,0.139997223,0.0,-0.55822688,0.0,-1.241257178,0.0,-0.176444686,0.0025,0.0,0.0,0.0,0.036077958,0.0,0.0,-0.033092008,0.24818754659908526,0.24818754659908526,-0.55822688,-1.241257178,-0.176444686,0.0025,0.0,-0.033092008,0.036077958,0.2481875465990852
2017-04-24,-0.055975372,0.0,-0.164283194,0.0,-1.501956386,0.286564728,0.0,0.0025,0.0,0.0,0.0,0.036077958,0.0,0.0,-0.033092008,0.24818754659908526,0.24818754659908526,-0.164283194,-1.501956386,0.286564728,0.0025,0.0,-0.033092008,0.036077958,0.2481875465990852
2017-04-25,0.027991603,0.0,-0.366042926,0.652264848,0.0,0.197911005,0.0,0.0025,0.0,0.0,0.0,0.036077958,0.0,0.0,-0.033092008,0.24818754659908526,0.24818754659908526,-0.366042926,0.652264848,0.197911005,0.0025,0.0,-0.033092008,0.036077958,0.2481875465990852
2017-04-26,-0.266237108,0.0,-0.373050399,0.0,0.0,0.0,-0.219925314,0.0025,0.0,0.0,0.0,0.036077958,0.0,0.0,-0.033092008,0.24818754659908526,0.24818754659908526,-0.373050399,0.0,-0.219925314,0.0025,0.0,-0.033092008,0.036077958,0.2481875465990852
2017-04-27,0.126200676,0.758765364,0.0,0.0,-0.529640676,0.088028175,0.0,0.0025,0.0,0.0,0.0,0.036077958,0.0,0.0,-0.033092008,0.24818754659908526,0.24818754659908526,0.758765364,-0.529640676,0.088028175,0.0025,0.0,-0.033092008,0.036077958,0.2481875465990852
2017-04-28,-0.112170511,0.582781622,0.0,0.712326203,0.0,0.043985046,0.0,0.0025,0.0,0.0,0.0,0.036077958,0.0,0.0,-0.033092008,0.24818754659908526,0.24818754659908526,0.582781622,0.712326203,0.043985046,0.0025,0.0,-0.033092008,0.036077958,0.2481875465990852
2017-05-01,0.0,0.0,0.0,0.0,-0.978202216,0.0,-0.176056384,0.0022,0.0,0.0,0.0,0.0,-0.009585013,0.024415091,0.0,0.24818754659908526,0.24818754659908526,0.0,-0.978202216,-0.176056384,0.0022,0.0,0.024415091,-0.009585013,0.2481875465990852
2017-05-02,0.0,0.0,0.0,0.0,-2.446224797,0.0,0.0,0.0022,0.0,0.0,0.0,0.0,-0.009585013,0.024415091,0.0,0.24818754659908526,0.24818754659908526,0.0,-2.446224797,0.0,0.0022,0.0,0.024415091,-0.009585013,0.2481875465990852
2017-05-03,-0.070170517,0.390353207,0.0,0.293378249,0.0,0.176056384,0.0,0.0022,0.0,0.0,0.0,0.0,-0.009585013,0.024415091,0.0,0.24818754659908526,0.24818754659908526,0.390353207,0.293378249,0.176056384,0.0022,0.0,0.024415091,-0.009585013,0.2481875465990852
2017-05-04,-0.746850509,0.0,-0.100231097,0.0,-4.800578888,0.0,0.0,0.0022,0.0,0.0,0.0,0.0,-0.009585013,0.024415091,0.0,0.24818754659908526,0.24818754659908526,-0.100231097,-4.800578888,0.0,0.0022,0.0,0.024415091,-0.009585013,0.2481875465990852
2017-05-05,-0.453644101,0.335101852,0.0,1.481831429,0.0,0.0,-0.043985046,0.0022,0.0,0.0,0.0,0.0,-0.009585013,0.024415091,0.0,0.24818754659908526,0.24818754659908526,0.335101852,1.481831429,-0.043985046,0.0022,0.0,0.024415091,-0.009585013,0.2481875465990852
2017-05-08,-0.042634833,0.030534351,0.0,0.496278934,0.0,0.0,-0.176133907,0.0022,0.0,0.0,0.0,0.0,-0.009585013,0.024415091,0.0,0.24818754659908526,0.24818754659908526,0.030534351,0.496278934,-0.176133907,0.0022,0.0,0.024415091,-0.009585013,0.2481875465990852
2017-05-09,0.056842406,0.0,-0.243145166,0.0,-1.343465494,0.176133907,0.0,0.0022,0.0,0.0,0.0,0.0,-0.009585013,0.024415091,0.0,0.24818754659908526,0.24818754659908526,-0.243145166,-1.343465494,0.176133907,0.0022,0.0,0.024415091,-0.009585013,0.2481875465990852
2017-05-10,-0.227563745,0.427540907,0.0,3.093030069,0.0,0.035189584,0.0,0.0022,0.0,0.0,0.0,0.0,-0.009585013,0.024415091,0.0,0.24818754659908526,0.24818754659908526,0.427540907,3.093030069,0.035189584,0.0022,0.0,0.024415091,-0.009585013,0.2481875465990852
2017-05-11,-0.171013295,0.40089079,0.0,1.114744954,0.0,0.0,-0.070391556,0.0022,0.0,0.0,0.0,0.0,-0.009585013,0.024415091,0.0,0.24818754659908526,0.24818754659908526,0.40089079,1.114744954,-0.070391556,0.0022,0.0,0.024415091,-0.009585013,0.2481875465990852
2017-05-12,0.128287381,0.0,-0.028976109,0.041823505,0.0,0.0,-0.140931936,0.0022,0.0,0.0,0.0,0.0,-0.009585013,0.024415091,0.0,0.24818754659908526,0.24818754659908526,-0.028976109,0.041823505,-0.140931936,0.0022,0.0,0.024415091,-0.009585013,0.2481875465990852
2017-05-15,0.227660884,0.085524324,0.0,2.130600814,0.0,0.0,-0.052900724,0.0022,0.0,0.0,0.0,0.0,-0.009585013,0.024415091,0.0,0.24818754659908526,0.24818754659908526,0.085524324,2.130600814,-0.052900724,0.0022,0.0,0.024415091,-0.009585013,0.2481875465990852
2017-05-16,0.056834329,0.081318186,0.0,0.0,-0.451282817,0.0,-0.344538527,0.0022,0.0,0.0,0.0,0.0,-0.009585013,0.024415091,0.0,0.24818754659908526,0.24818754659908526,0.081318186,-0.451282817,-0.344538527,0.0022,0.0,0.024415091,-0.009585013,0.2481875465990852
2017-05-17,0.141944665,0.0,-0.252440042,0.819005397,0.0,0.132655337,0.0,0.0022,0.0,0.0,0.0,0.0,-0.009585013,0.024415091,0.0,0.24818754659908526,0.24818754659908526,-0.252440042,0.819005397,0.132655337,0.0022,0.0,0.024415091,-0.009585013,0.2481875465990852
2017-05-18,0.57987575,0.439633842,0.0,0.650408797,0.0,0.220701921,0.0,0.0022,0.0,0.0,0.0,0.0,-0.009585013,0.024415091,0.0,0.24818754659908526,0.24818754659908526,0.439633842,0.650408797,0.220701921,0.0022,0.0,0.024415091,-0.009585013,0.2481875465990852
2017-05-19,-0.324881986,0.05636475,0.0,1.92622328,0.0,0.0,-0.353357258,0.0022,0.0,0.0,0.0,0.0,-0.009585013,0.024415091,0.0,0.24818754659908526,0.24818754659908526,0.05636475,1.92622328,-0.353357258,0.0022,0.0,0.024415091,-0.009585013,0.2481875465990852
2017-05-22,0.07071636,1.503192861,0.0,0.969057321,0.0,0.110558331,0.0,0.0022,0.0,0.0,0.0,0.0,-0.009585013,0.024415091,0.0,0.24818754659908526,0.24818754659908526,1.503192861,0.969057321,0.110558331,0.0022,0.0,0.024415091,-0.009585013,0.2481875465990852
2017-05-23,0.070666387,0.767393091,0.0,0.608262446,0.0,0.220750642,0.0,0.0022,0.0,0.0,0.0,0.0,-0.009585013,0.024415091,0.0,0.24818754659908526,0.24818754659908526,0.767393091,0.608262446,0.220750642,0.0022,0.0,0.024415091,-0.009585013,0.2481875465990852
2017-05-24,-0.21214915,0.0,-0.594249271,0.0,-0.2546275,0.0,-0.331308972,0.0022,0.0,0.0,0.0,0.0,-0.009585013,0.024415091,0.0,0.24818754659908526,0.24818754659908526,-0.594249271,-0.2546275,-0.331308972,0.0022,0.0,0.024415091,-0.009585013,0.2481875465990852
2017-05-25,0.141482763,0.583500628,0.0,0.0,-4.862347871,0.110558331,0.0,0.0022,0.0,0.0,0.0,0.0,-0.009585013,0.024415091,0.0,0.24818754659908526,0.24818754659908526,0.583500628,-4.862347871,0.110558331,0.0022,0.0,0.024415091,-0.009585013,0.2481875465990852
2017-05-26,-0.113170192,0.0,-0.382327274,2.058147025,0.0,0.220750642,0.0,0.0022,0.0,0.0,0.0,0.0,-0.009585013,0.024415091,0.0,0.24818754659908526,0.24818754659908526,-0.382327274,2.058147025,0.220750642,0.0022,0.0,0.024415091,-0.009585013,0.2481875465990852
2017-05-29,0.325019717,0.629254234,0.0,0.0,0.0,0.286249232,0.0,0.0022,0.0,0.0,0.0,0.0,-0.009585013,0.024415091,0.0,0.24818754659908526,0.24818754659908526,0.629254234,0.0,0.286249232,0.0022,0.0,0.024415091,-0.009585013,0.2481875465990852
2017-05-30,-0.056449338,0.132605585,0.0,0.100796299,0.0,0.0,-0.176056384,0.0022,0.0,0.0,0.0,0.0,-0.009585013,0.024415091,0.0,0.24818754659908526,0.24818754659908526,0.132605585,0.100796299,-0.176056384,0.0022,0.0,0.024415091,-0.009585013,0.2481875465990852
2017-05-31,-0.296882949,0.0,-1.193055194,0.0,-2.737098971,0.044043163,0.0,0.0,0.0,0.0,0.0,0.018277111,0.0,0.0,-0.012773594,0.24818754659908526,0.24818754659908526,-1.193055194,-2.737098971,0.044043163,0.0,0.0,-0.012773594,0.018277111,0.2481875465990852
2017-06-01,0.155620036,0.167832964,0.0,0.062105374,0.0,0.0,-0.044043163,0.0,0.0,0.0,0.0,0.018277111,0.0,0.0,-0.012773594,0.24818754659908526,0.24818754659908526,0.167832964,0.062105374,-0.044043163,0.0,0.0,-0.012773594,0.018277111,0.2481875465990852
2017-06-02,-0.113154185,0.274152225,0.0,0.0,-1.333353087,0.0,-0.110192849,0.0,0.0,0.0,0.0,0.018277111,0.0,0.0,-0.012773594,0.24818754659908526,0.24818754659908526,0.274152225,-1.333353087,-0.110192849,0.0,0.0,-0.012773594,0.018277111,0.2481875465990852
2017-06-05,0.564494866,0.0,-0.317436999,0.0,-0.588979406,0.110192849,0.0,0.0,0.0,0.0,0.0,0.018277111,0.0,0.0,-0.012773594,0.24818754659908526,0.24818754659908526,-0.317436999,-0.588979406,0.110192849,0.0,0.0,-0.012773594,0.018277111,0.2481875465990852
2017-06-06,0.028141269,0.655377501,0.0,1.528345461,0.0,0.0,0.0,0.0,0.0,0.0,0.0,0.018277111,0.0,0.0,-0.012773594,0.24818754659908526,0.24818754659908526,0.655377501,1.528345461,0.0,0.0,0.0,-0.012773594,0.018277111,0.2481875465990852
2017-06-07,0.224845514,1.170557348,0.0,0.0,-4.962159219,0.0,0.0,0.0,0.0,0.0,0.0,0.018277111,0.0,0.0,-0.012773594,0.24818754659908526,0.24818754659908526,1.170557348,-4.962159219,0.0,0.0,0.0,-0.012773594,0.018277111,0.2481875465990852
2017-06-08,-0.098307711,0.0,-0.139585918,0.0,-0.262352577,0.0,-0.066101137,0.0,0.0,0.0,0.0,0.018277111,0.0,0.0,-0.012773594,0.24818754659908526,0.24818754659908526,-0.139585918,-0.262352577,-0.066101137,0.0,0.0,-0.012773594,0.018277111,0.2481875465990852
2017-06-09,-0.33779061,0.0,-0.298436098,0.306011168,0.0,0.0,-0.044091711,0.0,0.0,0.0,0.0,0.018277111,0.0,0.0,-0.012773594,0.24818754659908526,0.24818754659908526,-0.298436098,0.306011168,-0.044091711,0.0,0.0,-0.012773594,0.018277111,0.2481875465990852
2017-06-12,-0.112850908,0.249202216,0.0,0.609227298,0.0,0.044091711,0.0,0.0,0.0,0.0,0.0,0.018277111,0.0,0.0,-0.012773594,0.24818754659908526,0.24818754659908526,0.249202216,0.609227298,0.044091711,0.0,0.0,-0.012773594,0.018277111,0.2481875465990852
2017-06-13,-0.070596544,0.0,-0.031948457,0.670200325,0.0,0.022038568,0.0,0.0,0.0,0.0,0.0,0.018277111,0.0,0.0,-0.012773594,0.24818754659908526,0.24818754659908526,-0.031948457,0.670200325,0.022038568,0.0,0.0,-0.012773594,0.018277111,0.2481875465990852
2017-06-14,0.042363907,0.950084995,0.0,0.0,-3.553005303,0.04406257,0.0,0.0,0.0,0.0,0.0,0.018277111,0.0,0.0,-0.012773594,0.24818754659908526,0.24818754659908526,0.950084995,-3.553005303,0.04406257,0.0,0.0,-0.012773594,0.018277111,0.2481875465990852
2017-06-15,-0.014119308,0.279197358,0.0,0.0,-0.71700957,0.0,-0.132245997,0.0,0.0,0.0,0.0,0.018277111,0.0,0.0,-0.012773594,0.24818754659908526,0.24818754659908526,0.279197358,-0.71700957,-0.132245997,0.0,0.0,-0.012773594,0.018277111,0.2481875465990852
2017-06-16,-0.141302835,0.180010954,0.0,0.582961292,0.0,0.06614486,0.0,0.0,0.0,0.0,0.0,0.018277111,0.0,0.0,-0.012773594,0.24818754659908526,0.24818754659908526,0.180010954,0.582961292,0.06614486,0.0,0.0,-0.012773594,0.018277111,0.2481875465990852
2017-06-19,-0.198160008,0.262209262,0.0,0.0,-1.101506023,0.066101137,0.0,0.0,0.0,0.0,0.0,0.018277111,0.0,0.0,-0.012773594,0.24818754659908526,0.24818754659908526,0.262209262,-1.101506023,0.066101137,0.0,0.0,-0.012773594,0.018277111,0.2481875465990852
2017-06-20,-0.255355508,0.501522594,0.0,0.0,-2.055336111,0.088066937,0.0,0.0,0.0,0.0,0.0,0.018277111,0.0,0.0,-0.012773594,0.24818754659908526,0.24818754659908526,0.501522594,-2.055336111,0.088066937,0.0,0.0,-0.012773594,0.018277111,0.2481875465990852
2017-06-21,0.056802046,0.0,-0.245222845,0.0,-2.004261917,0.0,-0.198259785,0.0,0.0,0.0,0.0,0.018277111,0.0,0.0,-0.012773594,0.24818754659908526,0.24818754659908526,-0.245222845,-2.004261917,-0.198259785,0.0,0.0,-0.012773594,0.018277111,0.2481875465990852
2017-06-22,0.156039467,0.351993689,0.0,0.117633233,0.0,0.0,-0.022053148,0.0,0.0,0.0,0.0,0.018277111,0.0,0.0,-0.012773594,0.24818754659908526,0.24818754659908526,0.351993689,0.117633233,-0.022053148,0.0,0.0,-0.012773594,0.018277111,0.2481875465990852
2017-06-23,-0.056713457,0.0,-0.358523789,0.772928078,0.0,0.17628916,0.0,0.0,0.0,0.0,0.0,0.018277111,0.0,0.0,-0.012773594,0.24818754659908526,0.24818754659908526,-0.358523789,0.772928078,0.17628916,0.0,0.0,-0.012773594,0.018277111,0.2481875465990852
2017-06-26,0.226661097,0.630144779,0.0,0.882700273,0.0,0.0,-0.022019157,0.0,0.0,0.0,0.0,0.018277111,0.0,0.0,-0.012773594,0.24818754659908526,0.24818754659908526,0.630144779,0.882700273,-0.022019157,0.0,0.0,-0.012773594,0.018277111,0.2481875465990852
2017-06-27,-0.553389138,0.343342416,0.0,2.308937868,0.0,0.0,-0.022024006,0.0,0.0,0.0,0.0,0.018277111,0.0,0.0,-0.012773594,0.24818754659908526,0.24818754659908526,0.343342416,2.308937868,-0.022024006,0.0,0.0,-0.012773594,0.018277111,0.2481875465990852
2017-06-28,0.213204544,0.0,-0.822098567,1.101258461,0.0,0.110071558,0.0,0.0,0.0,0.0,0.0,0.018277111,0.0,0.0,-0.012773594,0.24818754659908526,0.24818754659908526,-0.822098567,1.101258461,0.110071558,0.0,0.0,-0.012773594,0.018277111,0.2481875465990852
2017-06-29,0.113523497,0.577344785,0.0,0.312430515,0.0,0.0,0.0,0.0,0.0,0.0,0.0,0.018277111,0.0,0.0,-0.012773594,0.24818754659908526,0.24818754659908526,0.577344785,0.312430515,0.0,0.0,0.0,-0.012773594,0.018277111,0.2481875465990852
2017-06-30,-0.127723,0.284841458,0.0,2.508382339,0.0,0.0,-0.110071558,0.0,-0.0056,0.0,0.0,0.0,-0.00277521,0.004661117,0.0,0.24818754659908526,0.24818754659908526,0.284841458,2.508382339,-0.110071558,-0.0056,0.0,0.004661117,-0.00277521,0.2481875465990852
2017-07-03,-0.071027775,0.482376182,0.0,0.0,0.0,0.154066279,0.0,0.0,-0.0056,0.0,0.0,0.0,-0.00277521,0.004661117,0.0,-0.35210817719892384,-0.35210817719892384,0.482376182,0.0,0.154066279,-0.0056,0.0,0.004661117,-0.00277521,-0.3521081771989238
2017-07-04,-0.45577632,0.250586439,0.0,0.0,0.0,0.004398408,0.0,0.0,-0.0056,0.0,0.0,0.0,-0.00277521,0.004661117,0.0,-0.35210817719892384,-0.35210817719892384,0.250586439,0.0,0.004398408,-0.0056,0.0,0.004661117,-0.00277521,-0.3521081771989238
2017-07-05,-0.114269403,0.0,-0.424437936,0.0,-1.997213319,0.0,-0.004398408,0.0,-0.0056,0.0,0.0,0.0,-0.00277521,0.004661117,0.0,-0.35210817719892384,-0.35210817719892384,-0.424437936,-1.997213319,-0.004398408,-0.0056,0.0,0.004661117,-0.00277521,-0.3521081771989238
2017-07-06,0.0,0.597553743,0.0,0.90478384,0.0,0.0,-0.021994941,0.0,-0.0056,0.0,0.0,0.0,-0.00277521,0.004661117,0.0,-0.35210817719892384,-0.35210817719892384,0.597553743,0.90478384,-0.021994941,-0.0056,0.0,0.004661117,-0.00277521,-0.3521081771989238
2017-07-07,-0.057183704,0.412983332,0.0,0.0,-2.829641836,0.0,-0.110047331,0.0,-0.0056,0.0,0.0,0.0,-0.00277521,0.004661117,0.0,-0.35210817719892384,-0.35210817719892384,0.412983332,-2.829641836,-0.110047331,-0.0056,0.0,0.004661117,-0.00277521,-0.3521081771989238
2017-07-10,-0.315096222,0.0,-1.010537075,0.338409798,0.0,0.0,0.0,0.0,-0.0056,0.0,0.0,0.0,-0.00277521,0.004661117,0.0,-0.35210817719892384,-0.35210817719892384,-1.010537075,0.338409798,0.0,-0.0056,0.0,0.004661117,-0.00277521,-0.3521081771989238
2017-07-11,0.100365626,0.0,-1.204622939,1.475546557,0.0,0.0,-0.022024006,0.0,-0.0056,0.0,0.0,0.0,-0.00277521,0.004661117,0.0,-0.35210817719892384,-0.35210817719892384,-1.204622939,1.475546557,-0.022024006,-0.0056,0.0,0.004661117,-0.00277521,-0.3521081771989238
2017-07-12,0.085947577,0.78484771,0.0,0.927773388,0.0,0.022024006,0.0,0.0,-0.0056,0.0,0.0,0.0,-0.00277521,0.004661117,0.0,-0.35210817719892384,-0.35210817719892384,0.78484771,0.927773388,0.022024006,-0.0056,0.0,0.004661117,-0.00277521,-0.3521081771989238
2017-07-13,0.171673862,0.583332837,0.0,1.267222551,0.0,0.0,0.0,0.0,-0.0056,0.0,0.0,0.0,-0.00277521,0.004661117,0.0,-0.35210817719892384,-0.35210817719892384,0.583332837,1.267222551,0.0,-0.0056,0.0,0.004661117,-0.00277521,-0.3521081771989238
2017-07-14,-0.014294904,0.334010228,0.0,1.015237146,0.0,0.0,0.0,0.0,-0.0056,0.0,0.0,0.0,-0.00277521,0.004661117,0.0,-0.35210817719892384,-0.35210817719892384,0.334010228,1.015237146,0.0,-0.0056,0.0,0.004661117,-0.00277521,-0.3521081771989238
2017-07-17,0.399486906,0.0,-0.259403518,0.0,-1.102118125,0.044033466,0.0,0.0,-0.0056,0.0,0.0,0.0,-0.00277521,0.004661117,0.0,-0.35210817719892384,-0.35210817719892384,-0.259403518,-1.102118125,0.044033466,-0.0056,0.0,0.004661117,-0.00277521,-0.3521081771989238
2017-07-18,0.170721339,0.0,-1.401051029,0.822337462,0.0,0.0,0.0,0.0,-0.0056,0.0,0.0,0.0,-0.00277521,0.004661117,0.0,-0.35210817719892384,-0.35210817719892384,-1.401051029,0.822337462,0.0,-0.0056,0.0,0.004661117,-0.00277521,-0.3521081771989238
2017-07-19,-0.042653018,0.578596214,0.0,1.497354179,0.0,0.066013865,0.0,0.0,-0.0056,0.0,0.0,0.0,-0.00277521,0.004661117,0.0,-0.35210817719892384,-0.35210817719892384,0.578596214,1.497354179,0.066013865,-0.0056,0.0,0.004661117,-0.00277521,-0.3521081771989238
2017-07-20,-0.199288322,0.0,-0.359766345,0.0,-0.788664431,0.0,-0.02199978,0.0,-0.0056,0.0,0.0,0.0,-0.00277521,0.004661117,0.0,-0.35210817719892384,-0.35210817719892384,-0.359766345,-0.788664431,-0.02199978,-0.0056,0.0,0.004661117,-0.00277521,-0.3521081771989238
2017-07-21,0.199288322,0.044228794,0.0,0.0,-2.053904219,0.0,-0.110071558,0.0,-0.0056,0.0,0.0,0.0,-0.00277521,0.004661117,0.0,-0.35210817719892384,-0.35210817719892384,0.044228794,-2.053904219,-0.110071558,-0.0056,0.0,0.004661117,-0.00277521,-0.3521081771989238
2017-07-24,0.227272825,0.0,-1.168196322,0.934891036,0.0,0.044043163,0.0,0.0,-0.0056,0.0,0.0,0.0,-0.00277521,0.004661117,0.0,-0.35210817719892384,-0.35210817719892384,-1.168196322,0.934891036,0.044043163,-0.0056,0.0,0.004661117,-0.00277521,-0.3521081771989238
2017-07-25,-0.028380871,0.0,-0.334783494,3.320160252,0.0,0.066028395,0.0,0.0,-0.0056,0.0,0.0,0.0,-0.00277521,0.004661117,0.0,-0.35210817719892384,-0.35210817719892384,-0.334783494,3.320160252,0.066028395,-0.0056,0.0,0.004661117,-0.00277521,-0.3521081771989238
2017-07-26,-0.255790959,1.561487863,0.0,1.681409617,0.0,0.0,-0.088047551,0.0,-0.0056,0.0,0.0,0.0,-0.00277521,0.004661117,0.0,-0.35210817719892384,-0.35210817719892384,1.561487863,1.681409617,-0.088047551,-0.0056,0.0,0.004661117,-0.00277521,-0.3521081771989238
2017-07-27,0.482612718,0.500467801,0.0,0.962826244,0.0,0.0,-0.022024006,0.0,-0.0056,0.0,0.0,0.0,-0.00277521,0.004661117,0.0,-0.35210817719892384,-0.35210817719892384,0.500467801,0.962826244,-0.022024006,-0.0056,0.0,0.004661117,-0.00277521,-0.3521081771989238
2017-07-28,-0.226821759,0.0,-0.25899705,1.356708063,0.0,0.123272006,0.0,0.0,-0.0056,0.0,0.0,0.0,-0.00277521,0.004661117,0.0,-0.35210817719892384,-0.35210817719892384,-0.25899705,1.356708063,0.123272006,-0.0056,0.0,0.004661117,-0.00277521,-0.3521081771989238
2017-07-31,0.283446902,0.817437966,0.0,0.98069434,0.0,0.0,-0.008800106,0.0,-0.0018,0.0,0.0,0.0,-0.010365326,0.011342339,0.0,-0.35210817719892384,-0.35210817719892384,0.817437966,0.98069434,-0.008800106,-0.0018,0.0,0.011342339,-0.010365326,-0.3521081771989238
2017-08-01,-0.099115052,0.883499774,0.0,0.0,-2.052385924,0.0,-0.026404964,0.0,-0.0018,0.0,0.0,0.0,-0.010365326,0.011342339,0.0,-0.35210817719892384,-0.35210817719892384,0.883499774,-2.052385924,-0.026404964,-0.0018,0.0,0.011342339,-0.010365326,-0.3521081771989238
2017-08-02,0.014165309,0.0,-0.259118759,0.830048292,0.0,0.0,0.0,0.0,-0.0018,0.0,0.0,0.0,-0.010365326,0.011342339,0.0,-0.35210817719892384,-0.35210817719892384,-0.259118759,0.830048292,0.0,-0.0018,0.0,0.011342339,-0.010365326,-0.3521081771989238
2017-08-03,-0.127560077,0.487047066,0.0,0.0,-1.155847807,0.022004621,0.0,0.0,-0.0018,0.0,0.0,0.0,-0.010365326,0.011342339,0.0,-0.35210817719892384,-0.35210817719892384,0.487047066,-1.155847807,0.022004621,-0.0018,0.0,0.011342339,-0.010365326,-0.3521081771989238
2017-08-04,0.269102917,0.409979695,0.0,1.095345637,0.0,0.0,0.0,0.0,-0.0018,0.0,0.0,0.0,-0.010365326,0.011342339,0.0,-0.35210817719892384,-0.35210817719892384,0.409979695,1.095345637,0.0,-0.0018,0.0,0.011342339,-0.010365326,-0.3521081771989238
2017-08-07,-0.184044789,0.0,-0.006333644,0.0,-0.404285976,0.02199978,0.0,0.0,-0.0018,0.0,0.0,0.0,-0.010365326,0.011342339,0.0,-0.35210817719892384,-0.35210817719892384,-0.006333644,-0.404285976,0.02199978,-0.0018,0.0,0.011342339,-0.010365326,-0.3521081771989238
2017-08-08,-0.028344671,0.8062067,0.0,0.0,-0.609510217,0.0,-0.02199978,0.0,-0.0018,0.0,0.0,0.0,-0.010365326,0.011342339,0.0,-0.35210817719892384,-0.35210817719892384,0.8062067,-0.609510217,-0.02199978,-0.0018,0.0,0.011342339,-0.010365326,-0.3521081771989238
2017-08-09,0.113330512,0.0,-0.839148115,1.05413504,0.0,0.017600211,0.0,0.0,-0.0018,0.0,0.0,0.0,-0.010365326,0.011342339,0.0,-0.35210817719892384,-0.35210817719892384,-0.839148115,1.05413504,0.017600211,-0.0018,0.0,0.011342339,-0.010365326,-0.3521081771989238
2017-08-10,0.198019867,0.0,-2.511150536,0.0,-2.14010002,0.004399569,0.0,0.0,-0.0018,0.0,0.0,0.0,-0.010365326,0.011342339,0.0,-0.35210817719892384,-0.35210817719892384,-2.511150536,-2.14010002,0.004399569,-0.0018,0.0,0.011342339,-0.010365326,-0.3521081771989238
2017-08-11,0.605763633,0.499025669,0.0,0.55470096,0.0,0.0,-0.013199287,0.0,-0.0018,0.0,0.0,0.0,-0.010365326,0.011342339,0.0,-0.35210817719892384,-0.35210817719892384,0.499025669,0.55470096,-0.013199287,-0.0018,0.0,0.011342339,-0.010365326,-0.3521081771989238
2017-08-14,0.09826631,0.0,-0.163043514,0.0,-2.531255477,0.0,0.0,0.0,-0.0018,0.0,0.0,0.0,-0.010365326,0.011342339,0.0,-0.35210817719892384,-0.35210817719892384,-0.163043514,-2.531255477,0.0,-0.0018,0.0,0.011342339,-0.010365326,-0.3521081771989238
2017-08-15,0.0,0.57721895,0.0,0.0,-0.042034469,0.0,0.0,0.0,-0.0018,0.0,0.0,0.0,-0.010365326,0.011342339,0.0,-0.35210817719892384,-0.35210817719892384,0.57721895,-0.042034469,0.0,-0.0018,0.0,0.011342339,-0.010365326,-0.3521081771989238
2017-08-16,-0.576938208,0.0,-0.71588557,0.0,-1.631910752,0.0,0.0,0.0,-0.0018,0.0,0.0,0.0,-0.010365326,0.011342339,0.0,-0.35210817719892384,-0.35210817719892384,-0.71588557,-1.631910752,0.0,-0.0018,0.0,0.011342339,-0.010365326,-0.3521081771989238
2017-08-17,0.338123737,0.308174634,0.0,0.575265249,0.0,0.004399956,0.0,0.0,-0.0018,0.0,0.0,0.0,-0.010365326,0.011342339,0.0,-0.35210817719892384,-0.35210817719892384,0.308174634,0.575265249,0.004399956,-0.0018,0.0,0.011342339,-0.010365326,-0.3521081771989238
2017-08-18,0.070298773,0.0,-1.387772061,3.1781893,0.0,0.0,0.0,0.0,-0.0018,0.0,0.0,0.0,-0.010365326,0.011342339,0.0,-0.35210817719892384,-0.35210817719892384,-1.387772061,3.1781893,0.0,-0.0018,0.0,0.011342339,-0.010365326,-0.3521081771989238
2017-08-21,0.112375345,0.601214693,0.0,0.0,-2.500651244,0.0,-0.004399956,0.0,-0.0018,0.0,0.0,0.0,-0.010365326,0.011342339,0.0,-0.35210817719892384,-0.35210817719892384,0.601214693,-2.500651244,-0.004399956,-0.0018,0.0,0.011342339,-0.010365326,-0.3521081771989238
2017-08-22,0.070170517,0.101587641,0.0,0.547139412,0.0,0.004399956,0.0,0.0,-0.0018,0.0,0.0,0.0,-0.010365326,0.011342339,0.0,-0.35210817719892384,-0.35210817719892384,0.101587641,0.547139412,0.004399956,-0.0018,0.0,0.011342339,-0.010365326,-0.3521081771989238
2017-08-23,-0.252844635,0.0,-0.755253097,1.664970824,0.0,0.008799331,0.0,0.0,-0.0018,0.0,0.0,0.0,-0.010365326,0.011342339,0.0,-0.35210817719892384,-0.35210817719892384,-0.755253097,1.664970824,0.008799331,-0.0018,0.0,0.011342339,-0.010365326,-0.3521081771989238
2017-08-24,0.126502231,0.53110204,0.0,0.0,-2.529134701,0.035189584,0.0,0.0,-0.0018,0.0,0.0,0.0,-0.010365326,0.011342339,0.0,-0.35210817719892384,-0.35210817719892384,0.53110204,-2.529134701,0.035189584,-0.0018,0.0,0.011342339,-0.010365326,-0.3521081771989238
2017-08-25,-0.056203458,0.337338733,0.0,0.864163877,0.0,0.0,-0.026391027,0.0,-0.0018,0.0,0.0,0.0,-0.010365326,0.011342339,0.0,-0.35210817719892384,-0.35210817719892384,0.337338733,0.864163877,-0.026391027,-0.0018,0.0,0.011342339,-0.010365326,-0.3521081771989238
2017-08-28,0.44874567,0.355641307,0.0,0.0,-2.658317087,0.0,-0.030798337,0.0,-0.0018,0.0,0.0,0.0,-0.010365326,0.011342339,0.0,-0.35210817719892384,-0.35210817719892384,0.355641307,-2.658317087,-0.030798337,-0.0018,0.0,0.011342339,-0.010365326,-0.3521081771989238
2017-08-29,0.59984835,0.271718201,0.0,0.129226811,0.0,0.0,0.0,0.0,-0.0018,0.0,0.0,0.0,-0.010365326,0.011342339,0.0,-0.35210817719892384,-0.35210817719892384,0.271718201,0.129226811,0.0,-0.0018,0.0,0.011342339,-0.010365326,-0.3521081771989238
2017-08-30,0.0,0.051672244,0.0,0.0,-1.082027436,0.0,0.0,0.0,-0.0018,0.0,0.0,0.0,-0.010365326,0.011342339,0.0,-0.35210817719892384,-0.35210817719892384,0.051672244,-1.082027436,0.0,-0.0018,0.0,0.011342339,-0.010365326,-0.3521081771989238
2017-08-31,-0.390190016,0.628260837,0.0,2.789281878,0.0,0.0,-0.044014085,0.0012,0.0,0.0,-0.0025,0.017264754,0.0,0.0,-0.013099533,-0.35210817719892384,-0.35210817719892384,0.628260837,2.789281878,-0.044014085,0.0012,-0.0025,-0.013099533,0.017264754,-0.3521081771989238
2017-09-01,0.737292065,0.668967262,0.0,0.126876735,0.0,0.044014085,0.0,0.0012,0.0,0.0,-0.0025,0.017264754,0.0,0.0,-0.013099533,-0.35210817719892384,-0.35210817719892384,0.668967262,0.126876735,0.044014085,0.0012,-0.0025,-0.013099533,0.017264754,-0.3521081771989238
2017-09-04,0.0,0.0,0.0,0.0,0.0,0.0,0.0,0.0012,0.0,0.0,-0.0025,0.017264754,0.0,0.0,-0.013099533,-0.35210817719892384,-0.35210817719892384,0.0,0.0,0.0,0.0012,-0.0025,-0.013099533,0.017264754,-0.3521081771989238
2017-09-05,0.896866998,0.436312522,0.0,2.730758531,0.0,0.013200449,0.0,0.0012,0.0,0.0,-0.0025,0.017264754,0.0,0.0,-0.013099533,-0.35210817719892384,-0.35210817719892384,0.436312522,2.730758531,0.013200449,0.0012,-0.0025,-0.013099533,0.017264754,-0.3521081771989238
2017-09-06,-0.041217284,0.545567521,0.0,1.022922176,0.0,0.0,-0.03520507,0.0012,0.0,0.0,-0.0025,0.017264754,0.0,0.0,-0.013099533,-0.35210817719892384,-0.35210817719892384,0.545567521,1.022922176,-0.03520507,0.0012,-0.0025,-0.013099533,0.017264754,-0.3521081771989238
2017-09-07,0.260756341,0.182876508,0.0,0.0,-0.061081138,0.0,0.0,0.0012,0.0,0.0,-0.0025,0.017264754,0.0,0.0,-0.013099533,-0.35210817719892384,-0.35210817719892384,0.182876508,-0.061081138,0.0,0.0012,-0.0025,-0.013099533,0.017264754,-0.3521081771989238
2017-09-08,0.62850323,0.549137778,0.0,0.0,-3.439328011,0.022004621,0.0,0.0012,0.0,0.0,-0.0025,0.017264754,0.0,0.0,-0.013099533,-0.35210817719892384,-0.35210817719892384,0.549137778,-3.439328011,0.022004621,0.0012,-0.0025,-0.013099533,0.017264754,-0.3521081771989238
2017-09-11,-0.464164656,0.402706931,0.0,1.298447562,0.0,0.0,-0.066028395,0.0012,0.0,0.0,-0.0025,0.017264754,0.0,0.0,-0.013099533,-0.35210817719892384,-0.35210817719892384,0.402706931,1.298447562,-0.066028395,0.0012,-0.0025,-0.013099533,0.017264754,-0.3521081771989238
2017-09-12,-0.631436552,0.0,-0.710204459,0.311623811,0.0,0.044023774,0.0,0.0012,0.0,0.0,-0.0025,0.017264754,0.0,0.0,-0.013099533,-0.35210817719892384,-0.35210817719892384,-0.710204459,0.311623811,0.044023774,0.0012,-0.0025,-0.013099533,0.017264754,-0.3521081771989238
2017-09-13,-0.06887527,0.91593378,0.0,2.235761263,0.0,0.0,0.0,0.0012,0.0,0.0,-0.0025,0.017264754,0.0,0.0,-0.013099533,-0.35210817719892384,-0.35210817719892384,0.91593378,2.235761263,0.0,0.0012,-0.0025,-0.013099533,0.017264754,-0.3521081771989238
2017-09-14,-0.23453139,0.061013954,0.0,1.129499705,0.0,0.0,0.0,0.0012,0.0,0.0,-0.0025,0.017264754,0.0,0.0,-0.013099533,-0.35210817719892384,-0.35210817719892384,0.061013954,1.129499705,0.0,0.0012,-0.0025,-0.013099533,0.017264754,-0.3521081771989238
2017-09-15,0.303406659,0.001244795,0.0,0.080192466,0.0,0.0,-0.022009464,0.0012,0.0,0.0,-0.0025,0.017264754,0.0,0.0,-0.013099533,-0.35210817719892384,-0.35210817719892384,0.001244795,0.080192466,-0.022009464,0.0012,-0.0025,-0.013099533,0.017264754,-0.3521081771989238
2017-09-18,-0.124009661,0.640256304,0.0,0.0,-0.040088195,0.026410776,0.0,0.0012,0.0,0.0,-0.0025,0.017264754,0.0,0.0,-0.013099533,-0.35210817719892384,-0.35210817719892384,0.640256304,-0.040088195,0.026410776,0.0012,-0.0025,-0.013099533,0.017264754,-0.3521081771989238
2017-09-19,-0.24848163,0.0,-0.136145375,0.0,-0.683969675,0.0,-0.004401312,0.0012,0.0,0.0,-0.0025,0.017264754,0.0,0.0,-0.013099533,-0.35210817719892384,-0.35210817719892384,-0.136145375,-0.683969675,-0.004401312,0.0012,-0.0025,-0.013099533,0.017264754,-0.3521081771989238
2017-09-20,-0.013822655,0.0,-0.065663545,1.502582612,0.0,0.022004621,0.0,0.0012,0.0,0.0,-0.0025,0.017264754,0.0,0.0,-0.013099533,-0.35210817719892384,-0.35210817719892384,-0.065663545,1.502582612,0.022004621,0.0012,-0.0025,-0.013099533,0.017264754,-0.3521081771989238
2017-09-21,-0.429452762,0.0,-0.197249734,0.574999106,0.0,0.0,-0.022004621,0.0012,0.0,0.0,-0.0025,0.017264754,0.0,0.0,-0.013099533,-0.35210817719892384,-0.35210817719892384,-0.197249734,0.574999106,-0.022004621,0.0012,-0.0025,-0.013099533,0.017264754,-0.3521081771989238
2017-09-22,-0.041657989,0.0,-0.017386553,0.0,-0.495492045,0.0,-0.022009464,0.0012,0.0,0.0,-0.0025,0.017264754,0.0,0.0,-0.013099533,-0.35210817719892384,-0.35210817719892384,-0.017386553,-0.495492045,-0.022009464,0.0012,-0.0025,-0.013099533,0.017264754,-0.3521081771989238
2017-09-25,0.041657989,0.217114939,0.0,2.975361389,0.0,0.066013865,0.0,0.0012,0.0,0.0,-0.0025,0.017264754,0.0,0.0,-0.013099533,-0.35210817719892384,-0.35210817719892384,0.217114939,2.975361389,0.066013865,0.0012,-0.0025,-0.013099533,0.017264754,-0.3521081771989238
2017-09-26,0.318802682,0.0,-0.061984754,0.0,-0.502707942,0.0,-0.044004401,0.0012,0.0,0.0,-0.0025,0.017264754,0.0,0.0,-0.013099533,-0.35210817719892384,-0.35210817719892384,-0.061984754,-0.502707942,-0.044004401,0.0012,-0.0025,-0.013099533,0.017264754,-0.3521081771989238
2017-09-27,-0.40213602,0.0,-0.382675715,1.060455325,0.0,0.0,0.0,0.0012,0.0,0.0,-0.0025,0.017264754,0.0,0.0,-0.013099533,-0.35210817719892384,-0.35210817719892384,-0.382675715,1.060455325,0.0,0.0012,-0.0025,-0.013099533,0.017264754,-0.3521081771989238
2017-09-28,-0.320089342,0.0,-0.027390097,0.0,-1.002321421,0.0,-0.022009464,0.0012,0.0,0.0,-0.0025,0.017264754,0.0,0.0,-0.013099533,-0.35210817719892384,-0.35210817719892384,-0.027390097,-1.002321421,-0.022009464,0.0012,-0.0025,-0.013099533,0.017264754,-0.3521081771989238
2017-09-29,-0.069720424,0.244999097,0.0,0.096814801,0.0,0.022009464,0.0,0.0012,0.0,0.0,-0.0025,0.017264754,0.0,0.0,-0.013099533,-0.35210817719892384,-0.35210817719892384,0.244999097,0.096814801,0.022009464,0.0012,-0.0025,-0.013099533,0.017264754,-0.3521081771989238
2017-10-02,-0.25139678,0.027323083,0.0,0.0,-2.1123414,0.0,-0.022009464,0.0096,0.0,0.0,0.0,0.028332265,0.0,0.005318305,0.0,-0.046634216514363835,-0.046634216514363835,0.027323083,-2.1123414,-0.022009464,0.0096,0.0,0.005318305,0.028332265,-0.0466342165143638
2017-10-03,-0.504697552,0.0,-0.162806774,0.0,-0.296941721,0.0,0.0,0.0096,0.0,0.0,0.0,0.028332265,0.0,0.005318305,0.0,-0.046634216514363835,-0.046634216514363835,-0.162806774,-0.296941721,0.0,0.0096,0.0,0.005318305,0.028332265,-0.0466342165143638
2017-10-04,0.196574059,0.0,-0.823049914,0.0,-0.876150567,0.022009464,0.0,0.0096,0.0,0.0,0.0,0.028332265,0.0,0.005318305,0.0,-0.046634216514363835,-0.046634216514363835,-0.823049914,-0.876150567,0.022009464,0.0096,0.0,0.005318305,0.028332265,-0.0466342165143638
2017-10-05,0.07011148,1.143439622,0.0,1.567647939,0.0,0.0,-0.022009464,0.0096,0.0,0.0,0.0,0.028332265,0.0,0.005318305,0.0,-0.046634216514363835,-0.046634216514363835,1.143439622,1.567647939,-0.022009464,0.0096,0.0,0.005318305,0.028332265,-0.0466342165143638
2017-10-06,-0.112201975,0.0,-0.106682555,0.0,-2.896437371,0.0,0.0,0.0096,0.0,0.0,0.0,0.028332265,0.0,0.005318305,0.0,-0.046634216514363835,-0.046634216514363835,-0.106682555,-2.896437371,0.0,0.0096,0.0,0.005318305,0.028332265,-0.0466342165143638
2017-10-09,0.308253011,0.484118545,0.0,0.485241551,0.0,0.044014085,0.0,0.0096,0.0,0.0,0.0,0.028332265,0.0,0.005318305,0.0,-0.046634216514363835,-0.046634216514363835,0.484118545,0.485241551,0.044014085,0.0096,0.0,0.005318305,0.028332265,-0.0466342165143638
2017-10-10,0.22358869,0.0,-0.145855505,2.686461429,0.0,0.0,-0.022004621,0.0096,0.0,0.0,0.0,0.028332265,0.0,0.005318305,0.0,-0.046634216514363835,-0.046634216514363835,-0.145855505,2.686461429,-0.022004621,0.0096,0.0,0.005318305,0.028332265,-0.0466342165143638
2017-10-11,0.195230853,0.342053765,0.0,0.723861128,0.0,0.0,-0.008803204,0.0096,0.0,0.0,0.0,0.028332265,0.0,0.005318305,0.0,-0.046634216514363835,-0.046634216514363835,0.342053765,0.723861128,-0.008803204,0.0096,0.0,0.005318305,0.028332265,-0.0466342165143638
2017-10-12,0.04178564,0.397384922,0.0,0.0,-1.354156695,0.004401699,0.0,0.0096,0.0,0.0,0.0,0.028332265,0.0,0.005318305,0.0,-0.046634216514363835,-0.046634216514363835,0.397384922,-1.354156695,0.004401699,0.0096,0.0,0.005318305,0.028332265,-0.0466342165143638
2017-10-13,0.139159499,0.020871316,0.0,1.607247456,0.0,0.0,-0.039622268,0.0096,0.0,0.0,0.0,0.028332265,0.0,0.005318305,0.0,-0.046634216514363835,-0.046634216514363835,0.020871316,1.607247456,-0.039622268,0.0096,0.0,0.005318305,0.028332265,-0.0466342165143638
2017-10-16,0.222253182,0.84834325,0.0,0.832612032,0.0,0.0,-0.022019157,0.0096,0.0,0.0,0.0,0.028332265,0.0,0.005318305,0.0,-0.046634216514363835,-0.046634216514363835,0.84834325,0.832612032,-0.022019157,0.0096,0.0,0.005318305,0.028332265,-0.0466342165143638
2017-10-17,-0.124956629,0.0,-0.247402704,0.019280825,0.0,0.057239726,0.0,0.0096,0.0,0.0,0.0,0.028332265,0.0,0.005318305,0.0,-0.046634216514363835,-0.046634216514363835,-0.247402704,0.019280825,0.057239726,0.0096,0.0,0.005318305,0.028332265,-0.0466342165143638
2017-10-18,-0.417653398,1.203211721,0.0,0.34642067,0.0,0.004401699,0.0,0.0096,0.0,0.0,0.0,0.028332265,0.0,0.005318305,0.0,-0.046634216514363835,-0.046634216514363835,1.203211721,0.34642067,0.004401699,0.0096,0.0,0.005318305,0.028332265,-0.0466342165143638
2017-10-19,-0.22346378,0.0,-0.065126154,0.0,-1.470899366,0.0,-0.039622268,0.0096,0.0,0.0,0.0,0.028332265,0.0,0.005318305,0.0,-0.046634216514363835,-0.046634216514363835,-0.065126154,-1.470899366,-0.039622268,0.0096,0.0,0.005318305,0.028332265,-0.0466342165143638
2017-10-20,0.125759815,0.0,-0.115884659,0.660709749,0.0,0.035220569,0.0,0.0096,0.0,0.0,0.0,0.028332265,0.0,0.005318305,0.0,-0.046634216514363835,-0.046634216514363835,-0.115884659,0.660709749,0.035220569,0.0096,0.0,0.005318305,0.028332265,-0.0466342165143638
2017-10-23,-0.321701096,0.0,-0.203121858,0.540855095,0.0,0.022006558,0.0,0.0096,0.0,0.0,0.0,0.028332265,0.0,0.005318305,0.0,-0.046634216514363835,-0.046634216514363835,-0.203121858,0.540855095,0.022006558,0.0096,0.0,0.005318305,0.028332265,-0.0466342165143638
2017-10-24,0.30773559,0.0,-0.993725983,0.786725731,0.0,0.0,-0.017604859,0.0096,0.0,0.0,0.0,0.028332265,0.0,0.005318305,0.0,-0.046634216514363835,-0.046634216514363835,-0.993725983,0.786725731,-0.017604859,0.0096,0.0,0.005318305,0.028332265,-0.0466342165143638
2017-10-25,-0.265715841,0.97314898,0.0,0.0,-0.671207813,0.004401505,0.0,0.0096,0.0,0.0,0.0,0.028332265,0.0,0.005318305,0.0,-0.046634216514363835,-0.046634216514363835,0.97314898,-0.671207813,0.004401505,0.0096,0.0,0.005318305,0.028332265,-0.0466342165143638
2017-10-26,0.195859044,0.466178789,0.0,0.843078379,0.0,0.0,0.0,0.0096,0.0,0.0,0.0,0.028332265,0.0,0.005318305,0.0,-0.046634216514363835,-0.046634216514363835,0.466178789,0.843078379,0.0,0.0096,0.0,0.005318305,0.028332265,-0.0466342165143638
2017-10-27,-0.462282815,0.0,-0.095232936,2.840405379,0.0,0.0,-0.088066937,0.0096,0.0,0.0,0.0,0.028332265,0.0,0.005318305,0.0,-0.046634216514363835,-0.046634216514363835,-0.095232936,2.840405379,-0.088066937,0.0096,0.0,0.005318305,0.028332265,-0.0466342165143638
2017-10-30,0.126289219,1.647097467,0.0,0.351754505,0.0,0.0,0.0,0.0096,0.0,0.0,0.0,0.028332265,0.0,0.005318305,0.0,-0.046634216514363835,-0.046634216514363835,1.647097467,0.351754505,0.0,0.0096,0.0,0.005318305,0.028332265,-0.0466342165143638
2017-10-31,0.112123347,0.160029432,0.0,0.460957763,0.0,0.0,0.0,0.0063,0.0,0.0,0.0,0.0,-0.014794011,0.002633465,0.0,-0.046634216514363835,-0.046634216514363835,0.160029432,0.460957763,0.0,0.0063,0.0,0.002633465,-0.014794011,-0.0466342165143638
2017-11-01,-0.070062358,0.0,-0.655966036,0.0,-0.073610603,0.004405189,0.0,0.0063,0.0,0.0,0.0,0.0,-0.014794011,0.002633465,0.0,-0.046634216514363835,-0.046634216514363835,-0.655966036,-0.073610603,0.004405189,0.0063,0.0,0.002633465,-0.014794011,-0.0466342165143638
2017-11-02,0.349821948,0.409295371,0.0,0.422522903,0.0,0.0,-0.004405189,0.0063,0.0,0.0,0.0,0.0,-0.014794011,0.002633465,0.0,-0.046634216514363835,-0.046634216514363835,0.409295371,0.422522903,-0.004405189,0.0063,0.0,0.002633465,-0.014794011,-0.0466342165143638
2017-11-03,-0.013969407,0.0,-1.077994144,1.960491181,0.0,0.0,0.0,0.0063,0.0,0.0,0.0,0.0,-0.014794011,0.002633465,0.0,-0.046634216514363835,-0.046634216514363835,-1.077994144,1.960491181,0.0,0.0063,0.0,0.002633465,-0.014794011,-0.0466342165143638
2017-11-06,-0.349870905,1.543549297,0.0,3.027583637,0.0,0.022024006,0.0,0.0063,0.0,0.0,0.0,0.0,-0.014794011,0.002633465,0.0,-0.046634216514363835,-0.046634216514363835,1.543549297,3.027583637,0.022024006,0.0063,0.0,0.002633465,-0.014794011,-0.0466342165143638
2017-11-07,0.405736828,0.481042241,0.0,0.0,-0.261940253,0.0,-0.017618817,0.0063,0.0,0.0,0.0,0.0,-0.014794011,0.002633465,0.0,-0.046634216514363835,-0.046634216514363835,0.481042241,-0.261940253,-0.017618817,0.0063,0.0,0.002633465,-0.014794011,-0.0466342165143638
2017-11-08,-0.069837282,0.346376605,0.0,0.0,-0.64906815,0.0,-0.004405189,0.0063,0.0,0.0,0.0,0.0,-0.014794011,0.002633465,0.0,-0.046634216514363835,-0.046634216514363835,0.346376605,-0.64906815,-0.004405189,0.0063,0.0,0.002633465,-0.014794011,-0.0466342165143638
2017-11-09,0.139625826,1.076062682,0.0,0.596597664,0.0,0.0,0.0,0.0063,0.0,0.0,0.0,0.0,-0.014794011,0.002633465,0.0,-0.046634216514363835,-0.046634216514363835,1.076062682,0.596597664,0.0,0.0063,0.0,0.002633465,-0.014794011,-0.0466342165143638
2017-11-10,0.09762221,0.0,-0.286827618,0.0,-0.71986967,0.004405189,0.0,0.0063,0.0,0.0,0.0,0.0,-0.014794011,0.002633465,0.0,-0.046634216514363835,-0.046634216514363835,-0.286827618,-0.71986967,0.004405189,0.0063,0.0,0.002633465,-0.014794011,-0.0466342165143638
2017-11-13,-0.237248035,1.361759541,0.0,0.035236082,0.0,0.0,-0.026434047,0.0063,0.0,0.0,0.0,0.0,-0.014794011,0.002633465,0.0,-0.046634216514363835,-0.046634216514363835,1.361759541,0.035236082,-0.026434047,0.0063,0.0,0.002633465,-0.014794011,-0.0466342165143638
2017-11-14,0.027940766,1.378546468,0.0,0.0,-1.956661499,0.066072021,0.0,0.0063,0.0,0.0,0.0,0.0,-0.014794011,0.002633465,0.0,-0.046634216514363835,-0.046634216514363835,1.378546468,-1.956661499,0.066072021,0.0063,0.0,0.002633465,-0.014794011,-0.0466342165143638
2017-11-15,0.069817778,0.0,-0.698291179,0.0,-0.703022274,0.0,-0.039637974,0.0063,0.0,0.0,0.0,0.0,-0.014794011,0.002633465,0.0,-0.046634216514363835,-0.046634216514363835,-0.698291179,-0.703022274,-0.039637974,0.0063,0.0,0.002633465,-0.014794011,-0.0466342165143638
2017-11-16,-0.153663507,0.286718973,0.0,0.0,-0.253577386,0.0,0.0,0.0063,0.0,0.0,0.0,0.0,-0.014794011,0.002633465,0.0,-0.046634216514363835,-0.046634216514363835,0.286718973,-0.253577386,0.0,0.0063,0.0,0.002633465,-0.014794011,-0.0466342165143638
2017-11-17,0.11177869,1.55795188,0.0,1.921927142,0.0,0.048444279,0.0,0.0063,0.0,0.0,0.0,0.0,-0.014794011,0.002633465,0.0,-0.046634216514363835,-0.046634216514363835,1.55795188,1.921927142,0.048444279,0.0063,0.0,0.002633465,-0.014794011,-0.0466342165143638
2017-11-20,0.223183242,0.0,-0.461920479,0.0,0.0,0.0,-0.052849468,0.0063,0.0,0.0,0.0,0.0,-0.014794011,0.002633465,0.0,-0.046634216514363835,-0.046634216514363835,-0.461920479,0.0,-0.052849468,0.0063,0.0,0.002633465,-0.014794011,-0.0466342165143638
2017-11-21,-0.307005544,1.962920072,0.0,1.114562621,0.0,0.0,0.0,0.0063,0.0,0.0,0.0,0.0,-0.014794011,0.002633465,0.0,-0.046634216514363835,-0.046634216514363835,1.962920072,1.114562621,0.0,0.0063,0.0,0.002633465,-0.014794011,-0.0466342165143638
2017-11-22,0.0,1.489659186,0.0,1.813159853,0.0,0.066057472,0.0,0.0063,0.0,0.0,0.0,0.0,-0.014794011,0.002633465,0.0,-0.046634216514363835,-0.046634216514363835,1.489659186,1.813159853,0.066057472,0.0063,0.0,0.002633465,-0.014794011,-0.0466342165143638
2017-11-23,0.0,1.847920759,0.0,0.0,0.0,0.052814578,0.0,0.0063,0.0,0.0,0.0,0.0,-0.014794011,0.002633465,0.0,-0.046634216514363835,-0.046634216514363835,1.847920759,0.0,0.052814578,0.0063,0.0,0.002633465,-0.014794011,-0.0466342165143638
2017-11-24,0.0,0.0,-0.833681514,1.814807555,0.0,0.0,-0.052814578,0.0063,0.0,0.0,0.0,0.0,-0.014794011,0.002633465,0.0,-0.046634216514363835,-0.046634216514363835,-0.833681514,1.814807555,-0.052814578,0.0063,0.0,0.002633465,-0.014794011,-0.0466342165143638
2017-11-27,0.279134864,0.306883657,0.0,0.0,-1.435431345,0.0,0.0,0.0063,0.0,0.0,0.0,0.0,-0.014794011,0.002633465,0.0,-0.046634216514363835,-0.046634216514363835,0.306883657,-1.435431345,0.0,0.0063,0.0,0.002633465,-0.014794011,-0.0466342165143638
2017-11-28,0.250556924,0.610956357,0.0,0.0,-0.241254641,0.0,-0.044033466,0.0063,0.0,0.0,0.0,0.0,-0.014794011,0.002633465,0.0,-0.046634216514363835,-0.046634216514363835,0.610956357,-0.241254641,-0.044033466,0.0063,0.0,0.002633465,-0.014794011,-0.0466342165143638
2017-11-29,-0.041715915,0.463199876,0.0,0.0,-1.232547502,0.044033466,0.0,0.0063,0.0,0.0,0.0,0.0,-0.014794011,0.002633465,0.0,-0.046634216514363835,-0.046634216514363835,0.463199876,-1.232547502,0.044033466,0.0063,0.0,0.002633465,-0.014794011,-0.0466342165143638
2017-11-30,-0.208841009,1.338175294,0.0,0.261666089,0.0,0.0,-0.044033466,0.0044,0.0,0.0,0.0,0.0,-0.007985367,0.0,-0.011749659,-0.046634216514363835,-0.046634216514363835,1.338175294,0.261666089,-0.044033466,0.0044,0.0,-0.011749659,-0.007985367,-0.0466342165143638
2017-12-01,-0.335055458,0.0,-0.357268588,1.641505541,0.0,0.0,-0.022024006,0.0044,0.0,0.0,0.0,0.0,-0.007985367,0.0,-0.011749659,-0.046634216514363835,-0.046634216514363835,-0.357268588,1.641505541,-0.022024006,0.0044,0.0,-0.011749659,-0.007985367,-0.0466342165143638
2017-12-04,0.01398308,1.013986121,0.0,0.0,-1.502229752,0.008810185,0.0,0.0044,0.0,0.0,0.0,0.0,-0.007985367,0.0,-0.011749659,-0.046634216514363835,-0.046634216514363835,1.013986121,-1.502229752,0.008810185,0.0044,0.0,-0.011749659,-0.007985367,-0.0466342165143638
2017-12-05,0.11179431,1.014093198,0.0,0.3126631,0.0,0.013213822,0.0,0.0044,0.0,0.0,0.0,0.0,-0.007985367,0.0,-0.011749659,-0.046634216514363835,-0.046634216514363835,1.014093198,0.3126631,0.013213822,0.0044,0.0,-0.011749659,-0.007985367,-0.0466342165143638
2017-12-06,-0.391828097,0.0,-2.296081602,0.0,-3.296905035,0.0,0.0,0.0044,0.0,0.0,0.0,0.0,-0.007985367,0.0,-0.011749659,-0.046634216514363835,-0.046634216514363835,-2.296081602,-3.296905035,0.0,0.0044,0.0,-0.011749659,-0.007985367,-0.0466342165143638
2017-12-07,-0.028046557,0.002104776,0.0,1.264599629,0.0,0.0,-0.017618817,0.0044,0.0,0.0,0.0,0.0,-0.007985367,0.0,-0.011749659,-0.046634216514363835,-0.046634216514363835,0.002104776,1.264599629,-0.017618817,0.0044,0.0,-0.011749659,-0.007985367,-0.0466342165143638
2017-12-08,-0.562589388,0.0,-1.251710684,1.143875209,0.0,0.039637974,0.0,0.0044,0.0,0.0,0.0,0.0,-0.007985367,0.0,-0.011749659,-0.046634216514363835,-0.046634216514363835,-1.251710684,1.143875209,0.039637974,0.0044,0.0,-0.011749659,-0.007985367,-0.0466342165143638
2017-12-11,-0.042322072,0.0,-0.881958858,1.200118761,0.0,0.0,-0.044043163,0.0044,0.0,0.0,0.0,0.0,-0.007985367,0.0,-0.011749659,-0.046634216514363835,-0.046634216514363835,-0.881958858,1.200118761,-0.044043163,0.0044,0.0,-0.011749659,-0.007985367,-0.0466342165143638
2017-12-12,0.070526838,0.0,-0.269129905,0.0,-1.252625982,0.004405189,0.0,0.0044,0.0,0.0,0.0,0.0,-0.007985367,0.0,-0.011749659,-0.046634216514363835,-0.046634216514363835,-0.269129905,-1.252625982,0.004405189,0.0044,0.0,-0.011749659,-0.007985367,-0.0466342165143638
2017-12-13,-0.112866829,0.471039522,0.0,0.0,-0.932202688,0.0,0.0,0.0044,0.0,0.0,0.0,0.0,-0.007985367,0.0,-0.011749659,-0.046634216514363835,-0.046634216514363835,0.471039522,-0.932202688,0.0,0.0044,0.0,-0.011749659,-0.007985367,-0.0466342165143638
2017-12-14,0.352286703,0.0,-0.704152439,0.721897668,0.0,0.017618817,0.0,0.0044,0.0,0.0,0.0,0.0,-0.007985367,0.0,-0.011749659,-0.046634216514363835,-0.046634216514363835,-0.704152439,0.721897668,0.017618817,0.0044,0.0,-0.011749659,-0.007985367,-0.0466342165143638
2017-12-15,-0.183034194,0.873527721,0.0,0.507482059,0.0,0.0,-0.022024006,0.0044,0.0,0.0,0.0,0.0,-0.007985367,0.0,-0.011749659,-0.046634216514363835,-0.046634216514363835,0.873527721,0.507482059,-0.022024006,0.0044,0.0,-0.011749659,-0.007985367,-0.0466342165143638
2017-12-18,0.154896884,1.305664109,0.0,0.0,-0.209680314,0.061654998,0.0,0.0044,0.0,0.0,0.0,0.0,-0.007985367,0.0,-0.011749659,-0.046634216514363835,-0.046634216514363835,1.305664109,-0.209680314,0.061654998,0.0044,0.0,-0.011749659,-0.007985367,-0.0466342165143638
2017-12-19,0.168705228,1.586877075,0.0,0.558173436,0.0,0.0,-0.057249809,0.0044,0.0,0.0,0.0,0.0,-0.007985367,0.0,-0.011749659,-0.046634216514363835,-0.046634216514363835,1.586877075,0.558173436,-0.057249809,0.0044,0.0,-0.011749659,-0.007985367,-0.0466342165143638
2017-12-20,0.056171887,0.0,-1.669372241,1.038251237,0.0,0.0,-0.004405189,0.0044,0.0,0.0,0.0,0.0,-0.007985367,0.0,-0.011749659,-0.046634216514363835,-0.046634216514363835,-1.669372241,1.038251237,-0.004405189,0.0044,0.0,-0.011749659,-0.007985367,-0.0466342165143638
2017-12-21,0.0,0.457096601,0.0,0.429443244,0.0,0.022024006,0.0,0.0044,0.0,0.0,0.0,0.0,-0.007985367,0.0,-0.011749659,-0.046634216514363835,-0.046634216514363835,0.457096601,0.429443244,0.022024006,0.0044,0.0,-0.011749659,-0.007985367,-0.0466342165143638
2017-12-22,-0.014040014,0.0,-0.201371715,0.0,-0.154387199,0.0,-0.017618817,0.0044,0.0,0.0,0.0,0.0,-0.007985367,0.0,-0.011749659,-0.046634216514363835,-0.046634216514363835,-0.201371715,-0.154387199,-0.017618817,0.0044,0.0,-0.011749659,-0.007985367,-0.0466342165143638
2017-12-25,0.350410338,0.708797701,0.0,0.0,0.0,0.041839623,0.0,0.0044,0.0,0.0,0.0,0.0,-0.007985367,0.0,-0.011749659,-0.046634216514363835,-0.046634216514363835,0.708797701,0.0,0.041839623,0.0044,0.0,-0.011749659,-0.007985367,-0.0466342165143638
2017-12-26,0.0,0.630943282,0.0,2.207220336,0.0,0.0,-0.090307382,0.0044,0.0,0.0,0.0,0.0,-0.007985367,0.0,-0.011749659,-0.046634216514363835,-0.046634216514363835,0.630943282,2.207220336,-0.090307382,0.0044,0.0,-0.011749659,-0.007985367,-0.0466342165143638
2017-12-27,0.111872477,0.974080778,0.0,0.201308573,0.0,0.088105733,0.0,0.0044,0.0,0.0,0.0,0.0,-0.007985367,0.0,-0.011749659,-0.046634216514363835,-0.046634216514363835,0.974080778,0.201308573,0.088105733,0.0044,0.0,-0.011749659,-0.007985367,-0.0466342165143638
2017-12-28,0.231736873,0.093797518,0.0,0.284495213,0.0,0.0,0.0,0.0044,0.0,0.0,0.0,0.0,-0.007985367,0.0,-0.011749659,-0.046634216514363835,-0.046634216514363835,0.093797518,0.284495213,0.0,0.0044,0.0,-0.011749659,-0.007985367,-0.0466342165143638
2017-12-29,0.18110647,0.796301834,0.0,1.030765569,0.0,0.0,-0.044043163,0.0044,0.0,0.0,0.0,0.0,-0.007985367,0.0,-0.011749659,-0.046634216514363835,-0.046634216514363835,0.796301834,1.030765569,-0.044043163,0.0044,0.0,-0.011749659,-0.007985367,-0.0466342165143638
2018-01-01,0.0,0.0,0.0,0.0,0.0,0.0,0.0,0.0014,0.0,0.0,0.0,0.006957802,0.0,0.017180208,0.0,0.06563716363997907,0.06563716363997907,0.0,0.0,0.0,0.0014,0.0,0.017180208,0.006957802,0.065637163639979
2018-01-02,0.491510646,0.77986997,0.0,0.0,-0.148969654,0.0,0.0,0.0014,0.0,0.0,0.0,0.006957802,0.0,0.017180208,0.0,0.06563716363997907,0.06563716363997907,0.77986997,-0.148969654,0.0,0.0014,0.0,0.017180208,0.006957802,0.065637163639979
2018-01-03,0.607568839,1.390820593,0.0,2.033190222,0.0,0.035236082,0.0,0.0014,0.0,0.0,0.0,0.006957802,0.0,0.017180208,0.0,0.06563716363997907,0.06563716363997907,1.390820593,2.033190222,0.035236082,0.0014,0.0,0.017180208,0.006957802,0.065637163639979
2018-01-04,-0.524500857,0.946638366,0.0,0.598755733,0.0,0.008807081,0.0,0.0014,0.0,0.0,0.0,0.006957802,0.0,0.017180208,0.0,0.06563716363997907,0.06563716363997907,0.946638366,0.598755733,0.008807081,0.0014,0.0,0.017180208,0.006957802,0.065637163639979
2018-01-05,0.298474685,1.080953123,0.0,0.0,-0.793719239,0.0,-0.004403443,0.0014,0.0,0.0,0.0,0.006957802,0.0,0.017180208,0.0,0.06563716363997907,0.06563716363997907,1.080953123,-0.793719239,-0.004403443,0.0014,0.0,0.017180208,0.006957802,0.065637163639979
2018-01-08,-0.055205919,0.0,-0.883994534,0.389547644,0.0,0.0,-0.03963972,0.0014,0.0,0.0,0.0,0.006957802,0.0,0.017180208,0.0,0.06563716363997907,0.06563716363997907,-0.883994534,0.389547644,-0.03963972,0.0014,0.0,0.017180208,0.006957802,0.065637163639979
2018-01-09,-0.165800856,1.548228129,0.0,1.909404178,0.0,0.03963972,0.0,0.0014,0.0,0.0,0.0,0.006957802,0.0,0.017180208,0.0,0.06563716363997907,0.06563716363997907,1.548228129,1.909404178,0.03963972,0.0014,0.0,0.017180208,0.006957802,0.065637163639979
2018-01-10,-0.110686823,0.727529909,0.0,1.074939216,0.0,0.0,-0.03523453,0.0014,0.0,0.0,0.0,0.006957802,0.0,0.017180208,0.0,0.06563716363997907,0.06563716363997907,0.727529909,1.074939216,-0.03523453,0.0014,0.0,0.017180208,0.006957802,0.065637163639979
2018-01-11,0.165984325,0.230731831,0.0,0.329644753,0.0,0.0,-0.026434047,0.0014,0.0,0.0,0.0,0.006957802,0.0,0.017180208,0.0,0.06563716363997907,0.06563716363997907,0.230731831,0.329644753,-0.026434047,0.0014,0.0,0.017180208,0.006957802,0.065637163639979
2018-01-12,0.151910651,1.259119739,0.0,0.640477078,0.0,0.05726494,0.0,0.0014,0.0,0.0,0.0,0.006957802,0.0,0.017180208,0.0,0.06563716363997907,0.06563716363997907,1.259119739,0.640477078,0.05726494,0.0014,0.0,0.017180208,0.006957802,0.065637163639979
2018-01-15,0.906649433,0.0,-0.024760962,0.0,0.0,0.004403637,0.0,0.0014,0.0,0.0,0.0,0.006957802,0.0,0.017180208,0.0,0.06563716363997907,0.06563716363997907,-0.024760962,0.0,0.004403637,0.0014,0.0,0.017180208,0.006957802,0.065637163639979
2018-01-16,-0.027353794,0.896050598,0.0,0.0,-0.624806781,0.004403443,0.0,0.0014,0.0,0.0,0.0,0.006957802,0.0,0.017180208,0.0,0.06563716363997907,0.06563716363997907,0.896050598,-0.624806781,0.004403443,0.0014,0.0,0.017180208,0.006957802,0.065637163639979
2018-01-17,-0.035571122,0.247013806,0.0,0.156568061,0.0,0.0,-0.044043163,0.0014,0.0,0.0,0.0,0.006957802,0.0,0.017180208,0.0,0.06563716363997907,0.06563716363997907,0.247013806,0.156568061,-0.044043163,0.0014,0.0,0.017180208,0.006957802,0.065637163639979
2018-01-18,-0.274047856,0.0,-3.178089675,0.062558651,0.0,0.004405189,0.0,0.0014,0.0,0.0,0.0,0.006957802,0.0,0.017180208,0.0,0.06563716363997907,0.06563716363997907,-3.178089675,0.062558651,0.004405189,0.0014,0.0,0.017180208,0.006957802,0.065637163639979
2018-01-19,-0.054899809,2.45513006,0.0,0.0,-0.91095337,0.0,-0.004405189,0.0014,0.0,0.0,0.0,0.006957802,0.0,0.017180208,0.0,0.06563716363997907,0.06563716363997907,2.45513006,-0.91095337,-0.004405189,0.0014,0.0,0.017180208,0.006957802,0.065637163639979
2018-01-22,0.315263094,1.181426062,0.0,0.440806759,0.0,0.004405189,0.0,0.0014,0.0,0.0,0.0,0.006957802,0.0,0.017180208,0.0,0.06563716363997907,0.06563716363997907,1.181426062,0.440806759,0.004405189,0.0014,0.0,0.017180208,0.006957802,0.065637163639979
2018-01-23,0.177753516,1.825096982,0.0,1.233330753,0.0,0.039637974,0.0,0.0014,0.0,0.0,0.0,0.006957802,0.0,0.017180208,0.0,0.06563716363997907,0.06563716363997907,1.825096982,1.233330753,0.039637974,0.0014,0.0,0.017180208,0.006957802,0.065637163639979
2018-01-24,0.054629884,0.0,0.0,1.905697752,0.0,0.0,-0.061665861,0.0014,0.0,0.0,0.0,0.006957802,0.0,0.017180208,0.0,0.06563716363997907,0.06563716363997907,0.0,1.905697752,-0.061665861,0.0014,0.0,0.017180208,0.006957802,0.065637163639979
2018-01-25,0.639675539,1.092026688,0.0,0.0,-0.106617937,0.022027887,0.0,0.0014,0.0,0.0,0.0,0.006957802,0.0,0.017180208,0.0,0.06563716363997907,0.06563716363997907,1.092026688,-0.106617937,0.022027887,0.0014,0.0,0.017180208,0.006957802,0.065637163639979
2018-01-26,-0.027137042,2.171189166,0.0,0.985677857,0.0,0.039637974,0.0,0.0014,0.0,0.0,0.0,0.006957802,0.0,0.017180208,0.0,0.06563716363997907,0.06563716363997907,2.171189166,0.985677857,0.039637974,0.0014,0.0,0.017180208,0.006957802,0.065637163639979
2018-01-29,-0.176570504,0.0,-0.068617363,0.0,-0.848618519,0.0,-0.039637974,0.0014,0.0,0.0,0.0,0.006957802,0.0,0.017180208,0.0,0.06563716363997907,0.06563716363997907,-0.068617363,-0.848618519,-0.039637974,0.0014,0.0,0.017180208,0.006957802,0.065637163639979
2018-01-30,-0.545257621,0.0,-1.962471162,0.0,-1.64177067,0.0,-0.004405189,0.0014,0.0,0.0,0.0,0.006957802,0.0,0.017180208,0.0,0.06563716363997907,0.06563716363997907,-1.962471162,-1.64177067,-0.004405189,0.0014,0.0,0.017180208,0.006957802,0.065637163639979
2018-01-31,-0.046484285,1.107501115,0.0,0.27807835,0.0,0.0,0.0,0.0023,0.0,0.0,0.0,0.008309671,0.0,0.0,-0.003929831,0.06563716363997907,0.06563716363997907,1.107501115,0.27807835,0.0,0.0023,0.0,-0.003929831,0.008309671,0.065637163639979
2018-02-01,0.073817892,0.0,-0.044065343,1.682768789,0.0,0.03963972,0.0,0.0023,0.0,0.0,0.0,0.008309671,0.0,0.0,-0.003929831,0.06563716363997907,0.06563716363997907,-0.044065343,1.682768789,0.03963972,0.0023,0.0,-0.003929831,0.008309671,0.065637163639979
2018-02-02,0.05464481,0.0,-1.183510014,0.0,-0.639174296,0.0,0.0,0.0023,0.0,0.0,0.0,0.008309671,0.0,0.0,-0.003929831,0.06563716363997907,0.06563716363997907,-1.183510014,-0.639174296,0.0,0.0023,0.0,-0.003929831,0.008309671,0.065637163639979
2018-02-05,-0.23244695,0.0,-0.82622438,0.0,-2.035850696,0.0,-0.061668577,0.0023,0.0,0.0,0.0,0.008309671,0.0,0.0,-0.003929831,0.06563716363997907,0.06563716363997907,-0.82622438,-2.035850696,-0.061668577,0.0023,0.0,-0.003929831,0.008309671,0.065637163639979
2018-02-06,0.16413627,0.0,-4.195604674,0.0,-1.096674002,0.022028858,0.0,0.0023,0.0,0.0,0.0,0.008309671,0.0,0.0,-0.003929831,0.06563716363997907,0.06563716363997907,-4.195604674,-1.096674002,0.022028858,0.0023,0.0,-0.003929831,0.008309671,0.065637163639979
2018-02-07,-0.054682161,1.398448231,0.0,0.0,-2.504317813,0.0,-0.039655439,0.0023,0.0,0.0,0.0,0.008309671,0.0,0.0,-0.003929831,0.06563716363997907,0.06563716363997907,1.398448231,-2.504317813,-0.039655439,0.0023,0.0,-0.003929831,0.008309671,0.065637163639979
2018-02-08,0.027344818,0.0,-0.875492443,0.0,-0.990187459,0.030844478,0.0,0.0023,0.0,0.0,0.0,0.008309671,0.0,0.0,-0.003929831,0.06563716363997907,0.06563716363997907,-0.875492443,-0.990187459,0.030844478,0.0023,0.0,-0.003929831,0.008309671,0.065637163639979
2018-02-09,-0.438416924,0.0,-3.992520572,0.0,-3.485830105,0.0,-0.035251609,0.0023,0.0,0.0,0.0,0.008309671,0.0,0.0,-0.003929831,0.06563716363997907,0.06563716363997907,-3.992520572,-3.485830105,-0.035251609,0.0023,0.0,-0.003929831,0.008309671,0.065637163639979
2018-02-12,0.670546474,2.052270777,0.0,0.354102048,0.0,0.052872754,0.0,0.0023,0.0,0.0,0.0,0.008309671,0.0,0.0,-0.003929831,0.06563716363997907,0.06563716363997907,2.052270777,0.354102048,0.052872754,0.0023,0.0,-0.003929831,0.008309671,0.065637163639979
2018-02-13,-0.032738583,3.540507138,0.0,0.0,-0.13474821,0.0,-0.008810185,0.0023,0.0,0.0,0.0,0.008309671,0.0,0.0,-0.003929831,0.06563716363997907,0.06563716363997907,3.540507138,-0.13474821,-0.008810185,0.0023,0.0,-0.003929831,0.008309671,0.065637163639979
2018-02-14,0.0,0.0,0.0,2.282861779,0.0,0.0,-0.022028858,0.0023,0.0,0.0,0.0,0.008309671,0.0,0.0,-0.003929831,0.06563716363997907,0.06563716363997907,0.0,2.282861779,-0.022028858,0.0023,0.0,-0.003929831,0.008309671,0.065637163639979
2018-02-15,0.0,0.0,0.0,1.27682206,0.0,0.0,0.0,0.0023,0.0,0.0,0.0,0.008309671,0.0,0.0,-0.003929831,0.06563716363997907,0.06563716363997907,0.0,1.27682206,0.0,0.0023,0.0,-0.003929831,0.008309671,0.065637163639979
2018-02-16,0.0,0.0,0.0,0.664669708,0.0,0.0,0.0,0.0023,0.0,0.0,0.0,0.008309671,0.0,0.0,-0.003929831,0.06563716363997907,0.06563716363997907,0.0,0.664669708,0.0,0.0023,0.0,-0.003929831,0.008309671,0.065637163639979
2018-02-19,0.0,0.0,0.0,0.0,0.0,0.0,0.0,0.0023,0.0,0.0,0.0,0.008309671,0.0,0.0,-0.003929831,0.06563716363997907,0.06563716363997907,0.0,0.0,0.0,0.0023,0.0,-0.003929831,0.008309671,0.065637163639979
2018-02-20,0.0,0.0,0.0,0.032310178,0.0,0.0,-0.044072279,0.0023,0.0,0.0,0.0,0.008309671,0.0,0.0,-0.003929831,0.06563716363997907,0.06563716363997907,0.0,0.032310178,-0.044072279,0.0023,0.0,-0.003929831,0.008309671,0.065637163639979
2018-02-21,0.332343873,1.751908041,0.0,0.0,-0.291168113,0.13215861,0.0,0.0023,0.0,0.0,0.0,0.008309671,0.0,0.0,-0.003929831,0.06563716363997907,0.06563716363997907,1.751908041,-0.291168113,0.13215861,0.0023,0.0,-0.003929831,0.008309671,0.065637163639979
2018-02-22,-0.236886283,1.279362781,0.0,1.591033964,0.0,0.0,-0.022014309,0.0023,0.0,0.0,0.0,0.008309671,0.0,0.0,-0.003929831,0.06563716363997907,0.06563716363997907,1.279362781,1.591033964,-0.022014309,0.0023,0.0,-0.003929831,0.008309671,0.065637163639979
2018-02-23,0.108982928,0.0,-0.031279325,1.26744409,0.0,0.13201322,0.0,0.0023,0.0,0.0,0.0,0.008309671,0.0,0.0,-0.003929831,0.06563716363997907,0.06563716363997907,-0.031279325,1.26744409,0.13201322,0.0023,0.0,-0.003929831,0.008309671,0.065637163639979
2018-02-26,-0.158064022,2.641445436,0.0,0.455510094,0.0,0.0,-0.035186489,0.0023,0.0,0.0,0.0,0.008309671,0.0,0.0,-0.003929831,0.06563716363997907,0.06563716363997907,2.641445436,0.455510094,-0.035186489,0.0023,0.0,-0.003929831,0.008309671,0.065637163639979
2018-02-27,0.190735753,0.72591873,0.0,0.0,-1.372802624,0.079152196,0.0,0.0023,0.0,0.0,0.0,0.008309671,0.0,0.0,-0.003929831,0.06563716363997907,0.06563716363997907,0.72591873,-1.372802624,0.079152196,0.0023,0.0,-0.003929831,0.008309671,0.065637163639979
2018-02-28,-0.551401736,0.0,-1.229019243,0.0,-2.428357646,0.026370149,0.0,0.0054,0.0,0.0,0.0,0.032473112,0.0,0.0,-0.003913326,0.06563716363997907,0.06563716363997907,-1.229019243,-2.428357646,0.026370149,0.0054,0.0,-0.003913326,0.032473112,0.065637163639979
2018-03-01,-0.392195009,1.007249178,0.0,0.0,-0.735237362,0.0,-0.026370149,0.0054,0.0,0.0,0.0,0.032473112,0.0,0.0,-0.003913326,0.06563716363997907,0.06563716363997907,1.007249178,-0.735237362,-0.026370149,0.0054,0.0,-0.003913326,0.032473112,0.065637163639979
2018-03-02,-0.013740983,0.0,-1.652395218,0.343783591,0.0,0.043946386,0.0,0.0054,0.0,0.0,0.0,0.032473112,0.0,0.0,-0.003913326,0.06563716363997907,0.06563716363997907,-1.652395218,0.343783591,0.043946386,0.0054,0.0,-0.003913326,0.032473112,0.065637163639979
2018-03-05,0.460666037,1.62296706,0.0,2.102276647,0.0,0.021965953,0.0,0.0054,0.0,0.0,0.0,0.032473112,0.0,0.0,-0.003913326,0.06563716363997907,0.06563716363997907,1.62296706,2.102276647,0.021965953,0.0054,0.0,-0.003913326,0.032473112,0.065637163639979
2018-03-06,-0.076630453,0.0,-2.504318821,0.079980809,0.0,0.017569289,0.0,0.0054,0.0,0.0,0.0,0.032473112,0.0,0.0,-0.003913326,0.06563716363997907,0.06563716363997907,-2.504318821,0.079980809,0.017569289,0.0054,0.0,-0.003913326,0.032473112,0.065637163639979
2018-03-07,0.437099453,2.573862333,0.0,0.0,-2.345816537,0.0,-0.043929011,0.0054,0.0,0.0,0.0,0.032473112,0.0,0.0,-0.003913326,0.06563716363997907,0.06563716363997907,2.573862333,-2.345816537,-0.043929011,0.0054,0.0,-0.003913326,0.032473112,0.065637163639979
2018-03-08,0.0,0.0,-0.872789453,0.0,-1.583930161,0.0,-0.013182467,0.0054,0.0,0.0,0.0,0.032473112,0.0,0.0,-0.003913326,0.06563716363997907,0.06563716363997907,-0.872789453,-1.583930161,-0.013182467,0.0054,0.0,-0.003913326,0.032473112,0.065637163639979
2018-03-09,-0.64813649,1.4717107,0.0,3.094802862,0.0,0.017576237,0.0,0.0054,0.0,0.0,0.0,0.032473112,0.0,0.0,-0.003913326,0.06563716363997907,0.06563716363997907,1.4717107,3.094802862,0.017576237,0.0054,0.0,-0.003913326,0.032473112,0.065637163639979
2018-03-12,0.347835964,0.586548212,0.0,0.0,-1.086174252,0.0,-0.008787732,0.0054,0.0,0.0,0.0,0.032473112,0.0,0.0,-0.003913326,0.06563716363997907,0.06563716363997907,0.586548212,-1.086174252,-0.008787732,0.0054,0.0,-0.003913326,0.032473112,0.065637163639979
2018-03-13,0.013669606,0.0,-0.692918942,0.0,-1.081623131,0.017574692,0.0,0.0054,0.0,0.0,0.0,0.032473112,0.0,0.0,-0.003913326,0.06563716363997907,0.06563716363997907,-0.692918942,-1.081623131,0.017574692,0.0054,0.0,-0.003913326,0.032473112,0.065637163639979
2018-03-14,-0.02734108,0.747511786,0.0,0.329001777,0.0,0.013178993,0.0,0.0054,0.0,0.0,0.0,0.032473112,0.0,0.0,-0.003913326,0.06563716363997907,0.06563716363997907,0.747511786,0.329001777,0.013178993,0.0054,0.0,-0.003913326,0.032473112,0.065637163639979
2018-03-15,0.068338689,0.0,-0.130367779,0.442442344,0.0,0.00878503,0.0,0.0054,0.0,0.0,0.0,0.032473112,0.0,0.0,-0.003913326,0.06563716363997907,0.06563716363997907,-0.130367779,0.442442344,0.00878503,0.0054,0.0,-0.003913326,0.032473112,0.065637163639979
2018-03-16,-0.479354475,0.88019699,0.0,1.830751821,0.0,0.0,-0.013177835,0.0054,0.0,0.0,0.0,0.032473112,0.0,0.0,-0.003913326,0.06563716363997907,0.06563716363997907,0.88019699,1.830751821,-0.013177835,0.0054,0.0,-0.003913326,0.032473112,0.065637163639979
2018-03-19,-0.109890121,1.40549232,0.0,0.0,-0.45052369,0.004392805,0.0,0.0054,0.0,0.0,0.0,0.032473112,0.0,0.0,-0.003913326,0.06563716363997907,0.06563716363997907,1.40549232,-0.45052369,0.004392805,0.0054,0.0,-0.003913326,0.032473112,0.065637163639979
2018-03-20,0.027483853,0.0,-0.540770662,2.169490097,0.0,0.03952656,0.0,0.0054,0.0,0.0,0.0,0.032473112,0.0,0.0,-0.003913326,0.06563716363997907,0.06563716363997907,-0.540770662,2.169490097,0.03952656,0.0054,0.0,-0.003913326,0.032473112,0.065637163639979
2018-03-21,-0.068723802,1.036635895,0.0,2.693398588,0.0,0.0,-0.00219551,0.0054,0.0,0.0,0.0,0.032473112,0.0,0.0,-0.003913326,0.06563716363997907,0.06563716363997907,1.036635895,2.693398588,-0.00219551,0.0054,0.0,-0.003913326,0.032473112,0.065637163639979
2018-03-22,0.657806949,0.743897902,0.0,0.0,-1.314282544,0.089976415,0.0,0.0054,0.0,0.0,0.0,0.032473112,0.0,0.0,-0.003913326,0.06563716363997907,0.06563716363997907,0.743897902,-1.314282544,0.089976415,0.0054,0.0,-0.003913326,0.032473112,0.065637163639979
2018-03-23,0.136500158,0.0,-1.800458171,2.383811456,0.0,0.035090798,0.0,0.0054,0.0,0.0,0.0,0.032473112,0.0,0.0,-0.003913326,0.06563716363997907,0.06563716363997907,-1.800458171,2.383811456,0.035090798,0.0054,0.0,-0.003913326,0.032473112,0.065637163639979
2018-03-26,0.639066693,0.0,-0.324546008,0.0,-0.47223791,0.035078488,0.0,0.0054,0.0,0.0,0.0,0.032473112,0.0,0.0,-0.003913326,0.06563716363997907,0.06563716363997907,-0.324546008,-0.47223791,0.035078488,0.0054,0.0,-0.003913326,0.032473112,0.065637163639979
2018-03-27,0.135446316,3.157756391,0.0,0.0,-0.428462782,0.021917808,0.0,0.0054,0.0,0.0,0.0,0.032473112,0.0,0.0,-0.003913326,0.06563716363997907,0.06563716363997907,3.157756391,-0.428462782,0.021917808,0.0054,0.0,-0.003913326,0.032473112,0.065637163639979
2018-03-28,0.0,0.0,-1.574541609,0.0,-1.405320016,0.013148379,0.0,0.0054,0.0,0.0,0.0,0.032473112,0.0,0.0,-0.003913326,0.06563716363997907,0.06563716363997907,-1.574541609,-1.405320016,0.013148379,0.0054,0.0,-0.003913326,0.032473112,0.065637163639979
2018-03-29,-0.883698226,0.500086381,0.0,0.882563598,0.0,0.0,-0.039450326,0.0054,0.0,0.0,0.0,0.032473112,0.0,0.0,-0.003913326,0.06563716363997907,0.06563716363997907,0.500086381,0.882563598,-0.039450326,0.0054,0.0,-0.003913326,0.032473112,0.065637163639979
2018-03-30,-0.109304561,0.0,-0.464160695,0.0,0.0,0.0,-0.070172364,0.0054,0.0,0.0,0.0,0.032473112,0.0,0.0,-0.003913326,0.06563716363997907,0.06563716363997907,-0.464160695,0.0,-0.070172364,0.0054,0.0,-0.003913326,0.032473112,0.065637163639979
2018-04-02,0.17755929,0.933802619,0.0,0.0,-2.845720481,0.0,-0.004387408,0.0079,0.0,0.0,0.0,0.0,-0.016058097,0.000241437,0.0,0.26867912532616556,0.26867912532616556,0.933802619,-2.845720481,-0.004387408,0.0079,0.0,0.000241437,-0.016058097,0.2686791253261655
2018-04-03,0.081844228,1.408367339,0.0,0.56935153,0.0,0.074559772,0.0,0.0079,0.0,0.0,0.0,0.0,-0.016058097,0.000241437,0.0,0.26867912532616556,0.26867912532616556,1.408367339,0.56935153,0.074559772,0.0079,0.0,0.000241437,-0.016058097,0.2686791253261655
2018-04-04,-0.109140529,0.0,-0.229167987,0.0,-0.094667094,0.026301946,0.0,0.0079,0.0,0.0,0.0,0.0,-0.016058097,0.000241437,0.0,0.26867912532616556,0.26867912532616556,-0.229167987,-0.094667094,0.026301946,0.0079,0.0,0.000241437,-0.016058097,0.2686791253261655
2018-04-05,0.027296302,0.292639902,0.0,0.283732851,0.0,0.0,-0.008766547,0.0079,0.0,0.0,0.0,0.0,-0.016058097,0.000241437,0.0,0.26867912532616556,0.26867912532616556,0.292639902,0.283732851,-0.008766547,0.0079,0.0,0.000241437,-0.016058097,0.2686791253261655
2018-04-06,-0.054600056,0.0,-0.301851051,0.0,-2.389409629,0.0,-0.057001295,0.0079,0.0,0.0,0.0,0.0,-0.016058097,0.000241437,0.0,0.26867912532616556,0.26867912532616556,-0.301851051,-2.389409629,-0.057001295,0.0079,0.0,0.000241437,-0.016058097,0.2686791253261655
2018-04-09,0.027303754,0.691819048,0.0,2.184572246,0.0,0.0,-0.04386927,0.0079,0.0,0.0,0.0,0.0,-0.016058097,0.000241437,0.0,0.26867912532616556,0.26867912532616556,0.691819048,2.184572246,-0.04386927,0.0079,0.0,0.000241437,-0.016058097,0.2686791253261655
2018-04-10,0.109140529,0.429865479,0.0,3.228089106,0.0,0.0,0.0,0.0079,0.0,0.0,0.0,0.0,-0.016058097,0.000241437,0.0,0.26867912532616556,0.26867912532616556,0.429865479,3.228089106,0.0,0.0079,0.0,0.000241437,-0.016058097,0.2686791253261655
2018-04-11,0.0,0.0,-0.50723814,2.010801743,0.0,0.0,-0.008776164,0.0079,0.0,0.0,0.0,0.0,-0.016058097,0.000241437,0.0,0.26867912532616556,0.26867912532616556,-0.50723814,2.010801743,-0.008776164,0.0079,0.0,0.000241437,-0.016058097,0.2686791253261655
2018-04-12,0.598152953,0.0,-3.302344506,0.388408017,0.0,0.0,-0.008776934,0.0079,0.0,0.0,0.0,0.0,-0.016058097,0.000241437,0.0,0.26867912532616556,0.26867912532616556,-3.302344506,0.388408017,-0.008776934,0.0079,0.0,0.000241437,-0.016058097,0.2686791253261655
2018-04-13,-0.380228595,1.374618514,0.0,0.416605274,0.0,0.0,-0.008777705,0.0079,0.0,0.0,0.0,0.0,-0.016058097,0.000241437,0.0,0.26867912532616556,0.26867912532616556,1.374618514,0.416605274,-0.008777705,0.0079,0.0,0.000241437,-0.016058097,0.2686791253261655
2018-04-16,0.488600321,0.0,-1.89122833,0.0,-1.676937036,0.0,-0.039509208,0.0079,0.0,0.0,0.0,0.0,-0.016058097,0.000241437,0.0,0.26867912532616556,0.26867912532616556,-1.89122833,-1.676937036,-0.039509208,0.0079,0.0,0.000241437,-0.016058097,0.2686791253261655
2018-04-17,-0.162601662,0.0,-0.648015072,0.406841516,0.0,0.0,-0.021956307,0.0079,0.0,0.0,0.0,0.0,-0.016058097,0.000241437,0.0,0.26867912532616556,0.26867912532616556,-0.648015072,0.406841516,-0.021956307,0.0079,0.0,0.000241437,-0.016058097,0.2686791253261655
2018-04-18,-0.054259361,0.37006514,0.0,2.875550136,0.0,0.013174363,0.0,0.0079,0.0,0.0,0.0,0.0,-0.016058097,0.000241437,0.0,0.26867912532616556,0.26867912532616556,0.37006514,2.875550136,0.013174363,0.0079,0.0,0.000241437,-0.016058097,0.2686791253261655
2018-04-19,0.0,0.0,-1.334650824,0.0,-0.204768245,0.021953415,0.0,0.0079,0.0,0.0,0.0,0.0,-0.016058097,0.000241437,0.0,0.26867912532616556,0.26867912532616556,-1.334650824,-0.204768245,0.021953415,0.0079,0.0,0.000241437,-0.016058097,0.2686791253261655
2018-04-20,-0.054288818,0.0,-3.774235585,0.0,-0.05858231,0.0,-0.030736131,0.0079,0.0,0.0,0.0,0.0,-0.016058097,0.000241437,0.0,0.26867912532616556,0.26867912532616556,-3.774235585,-0.05858231,-0.030736131,0.0079,0.0,0.000241437,-0.016058097,0.2686791253261655
2018-04-23,-0.29911647,2.566611022,0.0,0.0,-0.956804238,0.0,-0.008783487,0.0079,0.0,0.0,0.0,0.0,-0.016058097,0.000241437,0.0,0.26867912532616556,0.26867912532616556,2.566611022,-0.956804238,-0.008783487,0.0079,0.0,0.000241437,-0.016058097,0.2686791253261655
2018-04-24,-1.702870041,0.0,-4.195604674,0.073926225,0.0,0.0,-0.004392033,0.0079,0.0,0.0,0.0,0.0,-0.016058097,0.000241437,0.0,0.26867912532616556,0.26867912532616556,-4.195604674,0.073926225,-0.004392033,0.0079,0.0,0.000241437,-0.016058097,0.2686791253261655
2018-04-25,0.0,0.0,0.0,0.501254182,0.0,0.0,0.0,0.0079,0.0,0.0,0.0,0.0,-0.016058097,0.000241437,0.0,0.26867912532616556,0.26867912532616556,0.0,0.501254182,0.0,0.0079,0.0,0.000241437,-0.016058097,0.2686791253261655
2018-04-26,1.348211369,1.644832135,0.0,0.264356153,0.0,0.0,-0.013177256,0.0079,0.0,0.0,0.0,0.0,-0.016058097,0.000241437,0.0,0.26867912532616556,0.26867912532616556,1.644832135,0.264356153,-0.013177256,0.0079,0.0,0.000241437,-0.016058097,0.2686791253261655
2018-04-27,-0.109379284,0.0,-4.195604674,0.0,-0.102722146,0.0,-0.008785802,0.0079,0.0,0.0,0.0,0.0,-0.016058097,0.000241437,0.0,0.26867912532616556,0.26867912532616556,-4.195604674,-0.102722146,-0.008785802,0.0079,0.0,0.000241437,-0.016058097,0.2686791253261655
2018-04-30,0.0,0.0,0.0,0.658522904,0.0,0.0,0.0,0.0,-0.0029,0.0,0.0,0.00525766,0.0,0.001547315,0.0,0.26867912532616556,0.26867912532616556,0.0,0.658522904,0.0,-0.0029,0.0,0.001547315,0.00525766,0.2686791253261655
2018-05-01,0.0,0.0,0.0,0.0,-1.884625862,0.0,0.0,0.0,-0.0029,0.0,0.0,0.00525766,0.0,0.001547315,0.0,0.26867912532616556,0.26867912532616556,0.0,-1.884625862,0.0,-0.0029,0.0,0.001547315,0.00525766,0.2686791253261655
2018-05-02,-0.054734539,1.5211092,0.0,0.932028346,0.0,0.0,-0.013180151,0.0,-0.0029,0.0,0.0,0.00525766,0.0,0.001547315,0.0,0.26867912532616556,0.26867912532616556,1.5211092,0.932028346,-0.013180151,-0.0029,0.0,0.001547315,0.00525766,0.2686791253261655
2018-05-03,0.0,0.0,-3.358861508,0.792025261,0.0,0.00878696,0.0,0.0,-0.0029,0.0,0.0,0.00525766,0.0,0.001547315,0.0,0.26867912532616556,0.26867912532616556,-3.358861508,0.792025261,0.00878696,-0.0029,0.0,0.001547315,0.00525766,0.2686791253261655
2018-05-04,0.109439135,1.33134382,0.0,1.824022776,0.0,0.021964023,0.0,0.0,-0.0029,0.0,0.0,0.00525766,0.0,0.001547315,0.0,0.26867912532616556,0.26867912532616556,1.33134382,1.824022776,0.021964023,-0.0029,0.0,0.001547315,0.00525766,0.2686791253261655
2018-05-07,0.082000825,0.243860076,0.0,1.466740428,0.0,0.0,0.0,0.0,-0.0029,0.0,0.0,0.00525766,0.0,0.001547315,0.0,0.26867912532616556,0.26867912532616556,0.243860076,1.466740428,0.0,-0.0029,0.0,0.001547315,0.00525766,0.2686791253261655
2018-05-08,-0.082000825,2.527141396,0.0,0.0,-2.737148737,0.0219592,0.0,0.0,-0.0029,0.0,0.0,0.00525766,0.0,0.001547315,0.0,0.26867912532616556,0.26867912532616556,2.527141396,-2.737148737,0.0219592,-0.0029,0.0,0.001547315,0.00525766,0.2686791253261655
2018-05-09,-0.054704597,0.0,-0.263276002,3.329116639,0.0,0.00878233,0.0,0.0,-0.0029,0.0,0.0,0.00525766,0.0,0.001547315,0.0,0.26867912532616556,0.26867912532616556,-0.263276002,3.329116639,0.00878233,-0.0029,0.0,0.001547315,0.00525766,0.2686791253261655
2018-05-10,0.054704597,0.0,-0.010394274,0.280662547,0.0,0.0,-0.021957271,0.0,-0.0029,0.0,0.0,0.00525766,0.0,0.001547315,0.0,0.26867912532616556,0.26867912532616556,-0.010394274,0.280662547,-0.021957271,-0.0029,0.0,0.001547315,0.00525766,0.2686791253261655
2018-05-11,0.082000825,0.0,-3.058917546,0.0,-0.943336809,0.0,0.0,0.0,-0.0029,0.0,0.0,0.00525766,0.0,0.001547315,0.0,0.26867912532616556,0.26867912532616556,-3.058917546,-0.943336809,0.0,-0.0029,0.0,0.001547315,0.00525766,0.2686791253261655
2018-05-14,0.136518793,2.439931822,0.0,0.451659201,0.0,0.0,-0.017569289,0.0,-0.0029,0.0,0.0,0.00525766,0.0,0.001547315,0.0,0.26867912532616556,0.26867912532616556,2.439931822,0.451659201,-0.017569289,-0.0029,0.0,0.001547315,0.00525766,0.2686791253261655
2018-05-15,-0.191178537,1.936085033,0.0,0.463646774,0.0,0.013177256,0.0,0.0,-0.0029,0.0,0.0,0.00525766,0.0,0.001547315,0.0,0.26867912532616556,0.26867912532616556,1.936085033,0.463646774,0.013177256,-0.0029,0.0,0.001547315,0.00525766,0.2686791253261655
2018-05-16,-0.438356866,0.116509392,0.0,0.126076924,0.0,0.008783873,0.0,0.0,-0.0029,0.0,0.0,0.00525766,0.0,0.001547315,0.0,0.26867912532616556,0.26867912532616556,0.116509392,0.126076924,0.008783873,-0.0029,0.0,0.001547315,0.00525766,0.2686791253261655
2018-05-17,0.109769495,0.0,-1.718453908,0.055983207,0.0,0.013174363,0.0,0.0,-0.0029,0.0,0.0,0.00525766,0.0,0.001547315,0.0,0.26867912532616556,0.26867912532616556,-1.718453908,0.055983207,0.013174363,-0.0029,0.0,0.001547315,0.00525766,0.2686791253261655
2018-05-18,-0.02743108,0.0,-2.095320224,0.0,-0.336370324,0.052680101,0.0,0.0,-0.0029,0.0,0.0,0.00525766,0.0,0.001547315,0.0,0.26867912532616556,0.26867912532616556,-2.095320224,-0.336370324,0.052680101,-0.0029,0.0,0.001547315,0.00525766,0.2686791253261655
2018-05-21,0.191859727,1.010046379,0.0,1.435664773,0.0,0.0,-0.065854464,0.0,-0.0029,0.0,0.0,0.00525766,0.0,0.001547315,0.0,0.26867912532616556,0.26867912532616556,1.010046379,1.435664773,-0.065854464,-0.0029,0.0,0.001547315,0.00525766,0.2686791253261655
2018-05-22,0.0,0.0,-3.672607869,0.0,-0.23553873,0.0,-0.00439184,0.0,-0.0029,0.0,0.0,0.00525766,0.0,0.001547315,0.0,0.26867912532616556,0.26867912532616556,-3.672607869,-0.23553873,-0.00439184,-0.0029,0.0,0.001547315,0.00525766,0.2686791253261655
2018-05-23,-0.109589052,0.0,-3.168393934,0.0,-0.333472589,0.017566203,0.0,0.0,-0.0029,0.0,0.0,0.00525766,0.0,0.001547315,0.0,0.26867912532616556,0.26867912532616556,-3.168393934,-0.333472589,0.017566203,-0.0029,0.0,0.001547315,0.00525766,0.2686791253261655
2018-05-24,0.054809538,1.773269176,0.0,0.0,-1.514543044,0.017563117,0.0,0.0,-0.0029,0.0,0.0,0.00525766,0.0,0.001547315,0.0,0.26867912532616556,0.26867912532616556,1.773269176,-1.514543044,0.017563117,-0.0029,0.0,0.001547315,0.00525766,0.2686791253261655
2018-05-25,0.273597982,0.0,-1.091356572,0.0,-4.110464008,0.0,-0.03512932,0.0,-0.0029,0.0,0.0,0.00525766,0.0,0.001547315,0.0,0.26867912532616556,0.26867912532616556,-1.091356572,-4.110464008,-0.03512932,-0.0029,0.0,0.001547315,0.00525766,0.2686791253261655
2018-05-28,-0.136705421,0.0,-4.195604674,0.0,0.0,0.197442093,0.0,0.0,-0.0029,0.0,0.0,0.00525766,0.0,0.001547315,0.0,0.26867912532616556,0.26867912532616556,-4.195604674,0.0,0.197442093,-0.0029,0.0,0.001547315,0.00525766,0.2686791253261655
2018-05-29,0.027356039,0.0,-1.391093622,0.0,-1.662746146,0.070107794,0.0,0.0,-0.0029,0.0,0.0,0.00525766,0.0,0.001547315,0.0,0.26867912532616556,0.26867912532616556,-1.391093622,-1.662746146,0.070107794,-0.0029,0.0,0.001547315,0.00525766,0.2686791253261655
2018-05-30,0.0,2.92895944,0.0,2.132782264,0.0,0.08756568,0.0,0.0,-0.0029,0.0,0.0,0.00525766,0.0,0.001547315,0.0,0.26867912532616556,0.26867912532616556,2.92895944,2.132782264,0.08756568,-0.0029,0.0,0.001547315,0.00525766,0.2686791253261655
2018-05-31,0.082023245,0.0,-0.573272422,0.0,-1.863683582,0.0,-0.201515817,0.0009,0.0,0.0,0.0,0.0,-0.00574761,0.002183528,0.0,0.26867912532616556,0.26867912532616556,-0.573272422,-1.863683582,-0.201515817,0.0009,0.0,0.002183528,-0.00574761,0.2686791253261655
2018-06-01,-0.136742808,2.676012993,0.0,0.0,-1.76222649,0.0,-0.03508772,0.0009,0.0,0.0,0.0,0.0,-0.00574761,0.002183528,0.0,0.26867912532616556,0.26867912532616556,2.676012993,-1.76222649,-0.03508772,0.0009,0.0,0.002183528,-0.00574761,0.2686791253261655
2018-06-04,0.054719564,2.114755028,0.0,0.0,-1.608367366,0.131515516,0.0,0.0009,0.0,0.0,0.0,0.0,-0.00574761,0.002183528,0.0,0.26867912532616556,0.26867912532616556,2.114755028,-1.608367366,0.131515516,0.0009,0.0,0.002183528,-0.00574761,0.2686791253261655
2018-06-05,-0.054719564,1.903377565,0.0,1.151467393,0.0,0.013142044,0.0,0.0009,0.0,0.0,0.0,0.0,-0.00574761,0.002183528,0.0,0.26867912532616556,0.26867912532616556,1.903377565,1.151467393,0.013142044,0.0009,0.0,0.002183528,-0.00574761,0.2686791253261655
2018-06-06,0.136742808,0.725467164,0.0,0.0,-1.166910216,0.0,-0.10518474,0.0009,0.0,0.0,0.0,0.0,-0.00574761,0.002183528,0.0,0.26867912532616556,0.26867912532616556,0.725467164,-1.166910216,-0.10518474,0.0009,0.0,0.002183528,-0.00574761,0.2686791253261655
2018-06-07,-0.082023245,1.743818158,0.0,1.851479711,0.0,0.0,-0.017541552,0.0009,0.0,0.0,0.0,0.0,-0.00574761,0.002183528,0.0,0.26867912532616556,0.26867912532616556,1.743818158,1.851479711,-0.017541552,0.0009,0.0,0.002183528,-0.00574761,0.2686791253261655
2018-06-08,0.054689638,0.0,-0.612112825,0.0,-0.288469038,0.0,-0.048255139,0.0009,0.0,0.0,0.0,0.0,-0.00574761,0.002183528,0.0,0.26867912532616556,0.26867912532616556,-0.612112825,-0.288469038,-0.048255139,0.0009,0.0,0.002183528,-0.00574761,0.2686791253261655
2018-06-11,0.354755455,0.092926914,0.0,0.500493954,0.0,0.105253935,0.0,0.0009,0.0,0.0,0.0,0.0,-0.00574761,0.002183528,0.0,0.26867912532616556,0.26867912532616556,0.092926914,0.500493954,0.105253935,0.0009,0.0,0.002183528,-0.00574761,0.2686791253261655
2018-06-12,0.272034988,0.0,0.0,0.422705943,0.0,0.0,-0.008766931,0.0009,0.0,0.0,0.0,0.0,-0.00574761,0.002183528,0.0,0.26867912532616556,0.26867912532616556,0.0,0.422705943,-0.008766931,0.0009,0.0,0.002183528,-0.00574761,0.2686791253261655
2018-06-13,0.135740485,0.0,-1.522832478,0.375912028,0.0,0.0,-0.0087677,0.0009,0.0,0.0,0.0,0.0,-0.00574761,0.002183528,0.0,0.26867912532616556,0.26867912532616556,-1.522832478,0.375912028,-0.0087677,0.0009,0.0,0.002183528,-0.00574761,0.2686791253261655
2018-06-14,-0.162910707,1.432810837,0.0,0.419350622,0.0,0.0087677,0.0,0.0009,0.0,0.0,0.0,0.0,-0.00574761,0.002183528,0.0,0.26867912532616556,0.26867912532616556,1.432810837,0.419350622,0.0087677,0.0009,0.0,0.002183528,-0.00574761,0.2686791253261655
2018-06-15,-0.081554986,0.0,-1.946935596,0.0,-2.880732858,0.013150109,0.0,0.0009,0.0,0.0,0.0,0.0,-0.00574761,0.002183528,0.0,0.26867912532616556,0.26867912532616556,-1.946935596,-2.880732858,0.013150109,0.0009,0.0,0.002183528,-0.00574761,0.2686791253261655
2018-06-18,-0.190554025,0.0,0.0,1.374907085,0.0,0.087623226,0.0,0.0009,0.0,0.0,0.0,0.0,-0.00574761,0.002183528,0.0,0.26867912532616556,0.26867912532616556,0.0,1.374907085,0.087623226,0.0009,0.0,0.002183528,-0.00574761,0.2686791253261655
2018-06-19,0.272109011,0.0,-4.063851032,0.0,-1.251924748,0.074419423,0.0,0.0009,0.0,0.0,0.0,0.0,-0.00574761,0.002183528,0.0,0.26867912532616556,0.26867912532616556,-4.063851032,-1.251924748,0.074419423,0.0009,0.0,0.002183528,-0.00574761,0.2686791253261655
2018-06-20,-0.217627942,0.0,-1.555673296,1.267095802,0.0,0.061245026,0.0,0.0009,0.0,0.0,0.0,0.0,-0.00574761,0.002183528,0.0,0.26867912532616556,0.26867912532616556,-1.555673296,1.267095802,0.061245026,0.0009,0.0,0.002183528,-0.00574761,0.2686791253261655
2018-06-21,0.0,2.292375826,0.0,0.0,-0.364742046,0.043723493,0.0,0.0009,0.0,0.0,0.0,0.0,-0.00574761,0.002183528,0.0,0.26867912532616556,0.26867912532616556,2.292375826,-0.364742046,0.043723493,0.0009,0.0,0.002183528,-0.00574761,0.2686791253261655
2018-06-22,-0.054481069,0.0,-1.613651965,4.960185253,0.0,0.065549416,0.0,0.0009,0.0,0.0,0.0,0.0,-0.00574761,0.002183528,0.0,0.26867912532616556,0.26867912532616556,-1.613651965,4.960185253,0.065549416,0.0009,0.0,0.002183528,-0.00574761,0.2686791253261655
2018-06-25,0.244931406,3.411455468,0.0,1.281238285,0.0,0.01747259,0.0,0.0009,0.0,0.0,0.0,0.0,-0.00574761,0.002183528,0.0,0.26867912532616556,0.26867912532616556,3.411455468,1.281238285,0.01747259,0.0009,0.0,0.002183528,-0.00574761,0.2686791253261655
2018-06-26,-0.108784346,0.0,-1.980703904,6.428831324,0.0,0.109134574,0.0,0.0009,0.0,0.0,0.0,0.0,-0.00574761,0.002183528,0.0,0.26867912532616556,0.26867912532616556,-1.980703904,6.428831324,0.109134574,0.0009,0.0,0.002183528,-0.00574761,0.2686791253261655
2018-06-27,-0.190657827,0.373618507,0.0,2.856588364,0.0,0.06542362,0.0,0.0009,0.0,0.0,0.0,0.0,-0.00574761,0.002183528,0.0,0.26867912532616556,0.26867912532616556,0.373618507,2.856588364,0.06542362,0.0009,0.0,0.002183528,-0.00574761,0.2686791253261655
2018-06-28,-0.027266531,0.0,-1.714151518,0.0,-5.25110686,0.0,0.0,0.0009,0.0,0.0,0.0,0.0,-0.00574761,0.002183528,0.0,0.26867912532616556,0.26867912532616556,-1.714151518,-5.25110686,0.0,0.0009,0.0,0.002183528,-0.00574761,0.2686791253261655
2018-06-29,-0.163755495,0.0,-0.949809265,0.921540605,0.0,0.09152122,0.0,0.0009,0.0,0.0,0.0,0.0,-0.00574761,0.002183528,0.0,0.26867912532616556,0.26867912532616556,-0.949809265,0.921540605,0.09152122,0.0009,0.0,0.002183528,-0.00574761,0.2686791253261655
2018-07-02,0.163755495,0.0,-0.04814687,0.0,-0.324280787,0.0,-0.017426157,0.0059,0.0,0.0,0.0,0.0,-0.010085459,0.0,-0.005253532,0.03880557442179544,0.03880557442179544,-0.04814687,-0.324280787,-0.017426157,0.0059,0.0,-0.005253532,-0.010085459,0.0388055744217954
2018-07-03,-0.027273967,0.0,-0.979466551,0.40518694,0.0,0.404374749,0.0,0.0059,0.0,0.0,0.0,0.0,-0.010085459,0.0,-0.005253532,0.03880557442179544,0.03880557442179544,-0.979466551,0.40518694,0.404374749,0.0059,0.0,-0.005253532,-0.010085459,0.0388055744217954
2018-07-04,0.13629551,0.0,-4.195604674,0.0,0.0,0.0,-0.030379967,0.0059,0.0,0.0,0.0,0.0,-0.010085459,0.0,-0.005253532,0.03880557442179544,0.03880557442179544,-4.195604674,0.0,-0.030379967,0.0059,0.0,-0.005253532,-0.010085459,0.0388055744217954
2018-07-05,-0.109021543,1.115020184,0.0,0.0,-1.5485232,0.008680932,0.0,0.0059,0.0,0.0,0.0,0.0,-0.010085459,0.0,-0.005253532,0.03880557442179544,0.03880557442179544,1.115020184,-1.5485232,0.008680932,0.0059,0.0,-0.005253532,-0.010085459,0.0388055744217954
2018-07-06,0.081777298,0.0,-2.075006224,0.994355397,0.0,0.0,-0.021703744,0.0059,0.0,0.0,0.0,0.0,-0.010085459,0.0,-0.005253532,0.03880557442179544,0.03880557442179544,-2.075006224,0.994355397,-0.021703744,0.0059,0.0,-0.005253532,-0.010085459,0.0388055744217954
2018-07-09,0.272109011,2.972029439,0.0,0.20310074,0.0,0.013022812,0.0,0.0059,0.0,0.0,0.0,0.0,-0.010085459,0.0,-0.005253532,0.03880557442179544,0.03880557442179544,2.972029439,0.20310074,0.013022812,0.0059,0.0,-0.005253532,-0.010085459,0.0388055744217954
2018-07-10,0.108636621,0.0,-0.356104081,0.243177639,0.0,0.00434056,0.0,0.0059,0.0,0.0,0.0,0.0,-0.010085459,0.0,-0.005253532,0.03880557442179544,0.03880557442179544,-0.356104081,0.243177639,0.00434056,0.0059,0.0,-0.005253532,-0.010085459,0.0388055744217954
2018-07-11,-0.135814227,0.0,-2.350563787,0.0,-5.036338862,0.017360358,0.0,0.0059,0.0,0.0,0.0,0.0,-0.010085459,0.0,-0.005253532,0.03880557442179544,0.03880557442179544,-2.350563787,-5.036338862,0.017360358,0.0059,0.0,-0.005253532,-0.010085459,0.0388055744217954
2018-07-12,0.0,0.0,-0.767906126,0.0,-0.269982402,0.017357344,0.0,0.0059,0.0,0.0,0.0,0.0,-0.010085459,0.0,-0.005253532,0.03880557442179544,0.03880557442179544,-0.767906126,-0.269982402,0.017357344,0.0059,0.0,-0.005253532,-0.010085459,0.0388055744217954
2018-07-13,0.027177606,1.513383487,0.0,1.061505969,0.0,0.013016031,0.0,0.0059,0.0,0.0,0.0,0.0,-0.010085459,0.0,-0.005253532,0.03880557442179544,0.03880557442179544,1.513383487,1.061505969,0.013016031,0.0059,0.0,-0.005253532,-0.010085459,0.0388055744217954
2018-07-16,0.081488528,1.035731791,0.0,0.0,-4.036454602,0.0,0.0,0.0059,0.0,0.0,0.0,0.0,-0.010085459,0.0,-0.005253532,0.03880557442179544,0.03880557442179544,1.035731791,-4.036454602,0.0,0.0059,0.0,-0.005253532,-0.010085459,0.0388055744217954
2018-07-17,-0.190243297,0.0,-0.978277035,0.0,-0.278899263,0.0,0.0,0.0059,0.0,0.0,0.0,0.0,-0.010085459,0.0,-0.005253532,0.03880557442179544,0.03880557442179544,-0.978277035,-0.278899263,0.0,0.0059,0.0,-0.005253532,-0.010085459,0.0388055744217954
2018-07-18,-0.21786501,2.273693876,0.0,1.096422065,0.0,0.0,-0.004338489,0.0059,0.0,0.0,0.0,0.0,-0.010085459,0.0,-0.005253532,0.03880557442179544,0.03880557442179544,2.273693876,1.096422065,-0.004338489,0.0059,0.0,-0.005253532,-0.010085459,0.0388055744217954
2018-07-19,-0.218340698,1.739379051,0.0,0.926200543,0.0,0.004338489,0.0,0.0059,0.0,0.0,0.0,0.0,-0.010085459,0.0,-0.005253532,0.03880557442179544,0.03880557442179544,1.739379051,0.926200543,0.004338489,0.0059,0.0,-0.005253532,-0.010085459,0.0388055744217954
2018-07-20,-0.109349382,0.0,-0.378478248,1.273902578,0.0,0.013014337,0.0,0.0059,0.0,0.0,0.0,0.0,-0.010085459,0.0,-0.005253532,0.03880557442179544,0.03880557442179544,-0.378478248,1.273902578,0.013014337,0.0059,0.0,-0.005253532,-0.010085459,0.0388055744217954
2018-07-23,0.54555509,0.0,-0.78167586,0.0,-3.487800165,0.507615303,0.0,0.0059,0.0,0.0,0.0,0.0,-0.010085459,0.0,-0.005253532,0.03880557442179544,0.03880557442179544,-0.78167586,-3.487800165,0.507615303,0.0059,0.0,-0.005253532,-0.010085459,0.0388055744217954
2018-07-24,-0.21786501,0.763566575,0.0,4.139914752,0.0,0.120513056,0.0,0.0059,0.0,0.0,0.0,0.0,-0.010085459,0.0,-0.005253532,0.03880557442179544,0.03880557442179544,0.763566575,4.139914752,0.120513056,0.0059,0.0,-0.005253532,-0.010085459,0.0388055744217954
2018-07-25,0.21786501,0.0,-0.222906082,0.507400666,0.0,0.0,-0.142048536,0.0059,0.0,0.0,0.0,0.0,-0.010085459,0.0,-0.005253532,0.03880557442179544,0.03880557442179544,-0.222906082,0.507400666,-0.142048536,0.0059,0.0,-0.005253532,-0.010085459,0.0388055744217954
2018-07-26,0.054392169,0.0,-0.815858465,0.644621066,0.0,0.0,-0.172451002,0.0059,0.0,0.0,0.0,0.0,-0.010085459,0.0,-0.005253532,0.03880557442179544,0.03880557442179544,-0.815858465,0.644621066,-0.172451002,0.0059,0.0,-0.005253532,-0.010085459,0.0388055744217954
2018-07-27,-0.272257179,0.456457507,0.0,0.0,-4.178861138,0.237043533,0.0,0.0059,0.0,0.0,0.0,0.0,-0.010085459,0.0,-0.005253532,0.03880557442179544,0.03880557442179544,0.456457507,-4.178861138,0.237043533,0.0059,0.0,-0.005253532,-0.010085459,0.0388055744217954
2018-07-30,0.136221244,0.805780333,0.0,3.618557109,0.0,0.107561589,0.0,0.0059,0.0,0.0,0.0,0.0,-0.010085459,0.0,-0.005253532,0.03880557442179544,0.03880557442179544,0.805780333,3.618557109,0.107561589,0.0059,0.0,-0.005253532,-0.010085459,0.0388055744217954
2018-07-31,-0.108962146,0.825698592,0.0,0.0,-1.857287385,0.107446019,0.0,0.0067,0.0,0.0,0.0,0.0,-0.044047885,0.002773066,0.0,0.03880557442179544,0.03880557442179544,0.825698592,-1.857287385,0.107446019,0.0067,0.0,0.002773066,-0.044047885,0.0388055744217954
2018-08-01,-0.081799596,0.922400567,0.0,0.0,-1.557574033,0.042946103,0.0,0.0067,0.0,0.0,0.0,0.0,-0.044047885,0.002773066,0.0,0.03880557442179544,0.03880557442179544,0.922400567,-1.557574033,0.042946103,0.0067,0.0,0.002773066,-0.044047885,0.0388055744217954
2018-08-02,-0.136481528,0.0,-0.481651107,0.21778593,0.0,0.0,-0.042946103,0.0067,0.0,0.0,0.0,0.0,-0.044047885,0.002773066,0.0,0.03880557442179544,0.03880557442179544,-0.481651107,0.21778593,-0.042946103,0.0067,0.0,0.002773066,-0.044047885,0.0388055744217954
2018-08-03,-0.218758632,0.541172742,0.0,0.0,-0.669385503,0.103039679,0.0,0.0067,0.0,0.0,0.0,0.0,-0.044047885,0.002773066,0.0,0.03880557442179544,0.03880557442179544,0.541172742,-0.669385503,0.103039679,0.0067,0.0,0.002773066,-0.044047885,0.0388055744217954
2018-08-06,0.437039756,0.229400947,0.0,0.756367242,0.0,0.008581849,0.0,0.0067,0.0,0.0,0.0,0.0,-0.044047885,0.002773066,0.0,0.03880557442179544,0.03880557442179544,0.229400947,0.756367242,0.008581849,0.0067,0.0,0.002773066,-0.044047885,0.0388055744217954
2018-08-07,-0.109081003,0.0,-0.252370012,0.231582098,0.0,0.0,-0.017164435,0.0067,0.0,0.0,0.0,0.0,-0.044047885,0.002773066,0.0,0.03880557442179544,0.03880557442179544,-0.252370012,0.231582098,-0.017164435,0.0067,0.0,0.002773066,-0.044047885,0.0388055744217954
2018-08-08,0.054555375,0.063673991,0.0,0.0,-3.306936649,0.0,-0.085866397,0.0067,0.0,0.0,0.0,0.0,-0.044047885,0.002773066,0.0,0.03880557442179544,0.03880557442179544,0.063673991,-3.306936649,-0.085866397,0.0067,0.0,0.002773066,-0.044047885,0.0388055744217954
2018-08-09,-0.136444284,1.064944051,0.0,0.0,-0.164510618,0.0,-0.030070666,0.0067,0.0,0.0,0.0,0.0,-0.044047885,0.002773066,0.0,0.03880557442179544,0.03880557442179544,1.064944051,-0.164510618,-0.030070666,0.0067,0.0,0.002773066,-0.044047885,0.0388055744217954
2018-08-10,0.0,0.0,-1.406753253,1.190313117,0.0,0.0,0.0,0.0067,0.0,0.0,0.0,0.0,-0.044047885,0.002773066,0.0,0.03880557442179544,0.03880557442179544,-1.406753253,1.190313117,0.0,0.0067,0.0,0.002773066,-0.044047885,0.0388055744217954
2018-08-13,0.0,1.188668693,0.0,0.0,-0.533888262,0.150262988,0.0,0.0067,0.0,0.0,0.0,0.0,-0.044047885,0.002773066,0.0,0.03880557442179544,0.03880557442179544,1.188668693,-0.533888262,0.150262988,0.0067,0.0,0.002773066,-0.044047885,0.0388055744217954
2018-08-14,-0.191335305,1.356566135,0.0,0.0,-0.312756231,0.017158545,0.0,0.0067,0.0,0.0,0.0,0.0,-0.044047885,0.002773066,0.0,0.03880557442179544,0.03880557442179544,1.356566135,-0.312756231,0.017158545,0.0067,0.0,0.002773066,-0.044047885,0.0388055744217954
2018-08-15,-0.054734539,0.129552857,0.0,0.0,-2.982584267,0.0,-0.017158545,0.0067,0.0,0.0,0.0,0.0,-0.044047885,0.002773066,0.0,0.03880557442179544,0.03880557442179544,0.129552857,-2.982584267,-0.017158545,0.0067,0.0,0.002773066,-0.044047885,0.0388055744217954
2018-08-16,-0.027378508,0.0,-2.906459757,0.567007879,0.0,0.008579641,0.0,0.0067,0.0,0.0,0.0,0.0,-0.044047885,0.002773066,0.0,0.03880557442179544,0.03880557442179544,-2.906459757,0.567007879,0.008579641,0.0067,0.0,0.002773066,-0.044047885,0.0388055744217954
2018-08-17,0.054749522,1.930182622,0.0,0.745988083,0.0,0.0,-0.08153632,0.0067,0.0,0.0,0.0,0.0,-0.044047885,0.002773066,0.0,0.03880557442179544,0.03880557442179544,1.930182622,0.745988083,-0.08153632,0.0067,0.0,0.002773066,-0.044047885,0.0388055744217954
2018-08-20,0.191387618,0.0,-0.060755533,0.860837454,0.0,0.0,-0.090196506,0.0067,0.0,0.0,0.0,0.0,-0.044047885,0.002773066,0.0,0.03880557442179544,0.03880557442179544,-0.060755533,0.860837454,-0.090196506,0.0067,0.0,0.002773066,-0.044047885,0.0388055744217954
2018-08-21,0.0,0.0,-0.242359357,1.225542166,0.0,0.0,-0.017189514,0.0067,0.0,0.0,0.0,0.0,-0.044047885,0.002773066,0.0,0.03880557442179544,0.03880557442179544,-0.242359357,1.225542166,-0.017189514,0.0067,0.0,0.002773066,-0.044047885,0.0388055744217954
2018-08-22,-0.109319497,1.103894311,0.0,0.784201696,0.0,0.025783164,0.0,0.0067,0.0,0.0,0.0,0.0,-0.044047885,0.002773066,0.0,0.03880557442179544,0.03880557442179544,1.103894311,0.784201696,0.025783164,0.0067,0.0,0.002773066,-0.044047885,0.0388055744217954
2018-08-23,-0.027348558,0.500171671,0.0,1.868940368,0.0,0.030071958,0.0,0.0067,0.0,0.0,0.0,0.0,-0.044047885,0.002773066,0.0,0.03880557442179544,0.03880557442179544,0.500171671,1.868940368,0.030071958,0.0067,0.0,0.002773066,-0.044047885,0.0388055744217954
2018-08-24,-0.027356039,0.139113857,0.0,0.835498954,0.0,0.08157833,0.0,0.0067,0.0,0.0,0.0,0.0,-0.044047885,0.002773066,0.0,0.03880557442179544,0.03880557442179544,0.139113857,0.835498954,0.08157833,0.0067,0.0,0.002773066,-0.044047885,0.0388055744217954
2018-08-27,0.164024094,0.534343919,0.0,0.372279926,0.0,0.0,-0.030047432,0.0067,0.0,0.0,0.0,0.0,-0.044047885,0.002773066,0.0,0.03880557442179544,0.03880557442179544,0.534343919,0.372279926,-0.030047432,0.0067,0.0,0.002773066,-0.044047885,0.0388055744217954
2018-08-28,0.027311211,0.116004028,0.0,0.0,-2.064906231,0.008585902,0.0,0.0067,0.0,0.0,0.0,0.0,-0.044047885,0.002773066,0.0,0.03880557442179544,0.03880557442179544,0.116004028,-2.064906231,0.008585902,0.0067,0.0,0.002773066,-0.044047885,0.0388055744217954
2018-08-29,-0.136630709,0.306007647,0.0,1.64958161,0.0,0.02146153,0.0,0.0067,0.0,0.0,0.0,0.0,-0.044047885,0.002773066,0.0,0.03880557442179544,0.03880557442179544,0.306007647,1.64958161,0.02146153,0.0067,0.0,0.002773066,-0.044047885,0.0388055744217954
2018-08-30,-0.027348558,0.0,-0.740452697,0.814697567,0.0,0.008583323,0.0,0.0067,0.0,0.0,0.0,0.0,-0.044047885,0.002773066,0.0,0.03880557442179544,0.03880557442179544,-0.740452697,0.814697567,0.008583323,0.0067,0.0,0.002773066,-0.044047885,0.0388055744217954
2018-08-31,0.0,1.100621834,0.0,0.0,-0.585339668,0.004291385,0.0,0.0,-0.001,0.0,0.0,0.0,-0.021312894,0.0,-0.01801292,0.03880557442179544,0.03880557442179544,1.100621834,-0.585339668,0.004291385,-0.001,0.0,-0.01801292,-0.021312894,0.0388055744217954
2018-09-03,0.0,0.0,0.0,0.0,0.0,0.0,0.0,0.0,-0.001,0.0,0.0,0.0,-0.021312894,0.0,-0.01801292,0.03880557442179544,0.03880557442179544,0.0,0.0,0.0,-0.001,0.0,-0.01801292,-0.021312894,0.0388055744217954
2018-09-04,0.082023245,0.0,-0.7801622,0.0,-0.028640985,0.03861418,0.0,0.0,-0.001,0.0,0.0,0.0,-0.021312894,0.0,-0.01801292,0.03880557442179544,0.03880557442179544,-0.7801622,-0.028640985,0.03861418,-0.001,0.0,-0.01801292,-0.021312894,0.0388055744217954
2018-09-05,0.0,0.0,-1.601385298,0.0,-1.631687345,0.004289544,0.0,0.0,-0.001,0.0,0.0,0.0,-0.021312894,0.0,-0.01801292,0.03880557442179544,0.03880557442179544,-1.601385298,-1.631687345,0.004289544,-0.001,0.0,-0.01801292,-0.021312894,0.0388055744217954
2018-09-06,0.027326138,0.0,-0.687450608,0.0,-1.289395153,0.00428936,0.0,0.0,-0.001,0.0,0.0,0.0,-0.021312894,0.0,-0.01801292,0.03880557442179544,0.03880557442179544,-0.687450608,-1.289395153,0.00428936,-0.001,0.0,-0.01801292,-0.021312894,0.0388055744217954
2018-09-07,0.0,0.0,-1.337948197,0.0,-0.118046347,0.0,-0.05148447,0.0,-0.001,0.0,0.0,0.0,-0.021312894,0.0,-0.01801292,0.03880557442179544,0.03880557442179544,-1.337948197,-0.118046347,-0.05148447,-0.001,0.0,-0.01801292,-0.021312894,0.0388055744217954
2018-09-10,-0.082000825,1.479323065,0.0,0.0,-0.266114882,0.0,0.0,0.0,-0.001,0.0,0.0,0.0,-0.021312894,0.0,-0.01801292,0.03880557442179544,0.03880557442179544,1.479323065,-0.266114882,0.0,-0.001,0.0,-0.01801292,-0.021312894,0.0388055744217954
2018-09-11,-0.136817643,0.0,-0.137244301,2.543253123,0.0,0.0,-0.081571326,0.0,-0.001,0.0,0.0,0.0,-0.021312894,0.0,-0.01801292,0.03880557442179544,0.03880557442179544,-0.137244301,2.543253123,-0.081571326,-0.001,0.0,-0.01801292,-0.021312894,0.0388055744217954
2018-09-12,0.082113047,2.204939181,0.0,1.546644034,0.0,0.0,-0.012885768,0.0,-0.001,0.0,0.0,0.0,-0.021312894,0.0,-0.01801292,0.03880557442179544,0.03880557442179544,2.204939181,1.546644034,-0.012885768,-0.001,0.0,-0.01801292,-0.021312894,0.0388055744217954
2018-09-13,0.027356039,0.0,-0.254869972,0.0,-2.547450125,0.0,-0.017183607,0.0,-0.001,0.0,0.0,0.0,-0.021312894,0.0,-0.01801292,0.03880557442179544,0.03880557442179544,-0.254869972,-2.547450125,-0.017183607,-0.001,0.0,-0.01801292,-0.021312894,0.0388055744217954
2018-09-14,-0.054719564,0.047584577,0.0,0.552407278,0.0,0.0,-0.124669534,0.0,-0.001,0.0,0.0,0.0,-0.021312894,0.0,-0.01801292,0.03880557442179544,0.03880557442179544,0.047584577,0.552407278,-0.124669534,-0.001,0.0,-0.01801292,-0.021312894,0.0388055744217954
2018-09-17,-0.054749522,0.311271714,0.0,0.0,-0.17411496,0.180505464,0.0,0.0,-0.001,0.0,0.0,0.0,-0.021312894,0.0,-0.01801292,0.03880557442179544,0.03880557442179544,0.311271714,-0.17411496,0.180505464,-0.001,0.0,-0.01801292,-0.021312894,0.0388055744217954
2018-09-18,0.054749522,0.0,-0.76983454,1.456091465,0.0,0.0,-0.038652323,0.0,-0.001,0.0,0.0,0.0,-0.021312894,0.0,-0.01801292,0.03880557442179544,0.03880557442179544,-0.76983454,1.456091465,-0.038652323,-0.001,0.0,-0.01801292,-0.021312894,0.0388055744217954
2018-09-19,-0.027371014,1.535790599,0.0,1.716963072,0.0,0.107330696,0.0,0.0,-0.001,0.0,0.0,0.0,-0.021312894,0.0,-0.01801292,0.03880557442179544,0.03880557442179544,1.535790599,1.716963072,0.107330696,-0.001,0.0,-0.01801292,-0.021312894,0.0388055744217954
2018-09-20,0.027371014,0.0,-0.31190634,0.0,-0.43708212,0.064343166,0.0,0.0,-0.001,0.0,0.0,0.0,-0.021312894,0.0,-0.01801292,0.03880557442179544,0.03880557442179544,-0.31190634,-0.43708212,0.064343166,-0.001,0.0,-0.01801292,-0.021312894,0.0388055744217954
2018-09-21,0.027363525,1.070052522,0.0,0.042381861,0.0,0.051444741,0.0,0.0,-0.001,0.0,0.0,0.0,-0.021312894,0.0,-0.01801292,0.03880557442179544,0.03880557442179544,1.070052522,0.042381861,0.051444741,-0.001,0.0,-0.01801292,-0.021312894,0.0388055744217954
2018-09-24,-0.136892561,0.179714194,0.0,3.374617237,0.0,0.0214275,0.0,0.0,-0.001,0.0,0.0,0.0,-0.021312894,0.0,-0.01801292,0.03880557442179544,0.03880557442179544,0.179714194,3.374617237,0.0214275,-0.001,0.0,-0.01801292,-0.021312894,0.0388055744217954
2018-09-25,-0.109649134,0.374276391,0.0,0.231876255,0.0,0.034274453,0.0,0.0,-0.001,0.0,0.0,0.0,-0.021312894,0.0,-0.01801292,0.03880557442179544,0.03880557442179544,0.374276391,0.231876255,0.034274453,-0.001,0.0,-0.01801292,-0.021312894,0.0388055744217954
2018-09-26,-0.137230706,0.0,-0.288009225,0.0,-1.620691977,0.012849892,0.0,0.0,-0.001,0.0,0.0,0.0,-0.021312894,0.0,-0.01801292,0.03880557442179544,0.03880557442179544,-0.288009225,-1.620691977,0.012849892,-0.001,0.0,-0.01801292,-0.021312894,0.0388055744217954
2018-09-27,-0.027468754,0.360129007,0.0,0.0,-0.055401663,0.0,-0.012849892,0.0,-0.001,0.0,0.0,0.0,-0.021312894,0.0,-0.01801292,0.03880557442179544,0.03880557442179544,0.360129007,-0.055401663,-0.012849892,-0.001,0.0,-0.01801292,-0.021312894,0.0388055744217954
2018-09-28,-0.220022091,0.666370563,0.0,1.348582431,0.0,0.0,-0.085708169,0.0,-0.001,0.0,0.0,0.0,-0.021312894,0.0,-0.01801292,0.03880557442179544,0.03880557442179544,0.666370563,1.348582431,-0.085708169,-0.001,0.0,-0.01801292,-0.021312894,0.0388055744217954
2018-10-01,0.082565025,0.075510558,0.0,2.976049433,0.0,0.02143393,0.0,0.005,0.0,0.0,0.0,0.0,-0.017567916,0.009348694,0.0,-0.33290306582977625,-0.33290306582977625,0.075510558,2.976049433,0.02143393,0.005,0.0,0.009348694,-0.017567916,-0.3329030658297762
2018-10-02,0.0,0.0,-0.575118206,0.0,-0.279014331,0.0,-0.02143393,0.005,0.0,0.0,0.0,0.0,-0.017567916,0.009348694,0.0,-0.33290306582977625,-0.33290306582977625,-0.575118206,-0.279014331,-0.02143393,0.005,0.0,0.009348694,-0.017567916,-0.3329030658297762
2018-10-03,0.082496911,0.670160811,0.0,1.636352163,0.0,0.064288013,0.0,0.005,0.0,0.0,0.0,0.0,-0.017567916,0.009348694,0.0,-0.33290306582977625,-0.33290306582977625,0.670160811,1.636352163,0.064288013,0.005,0.0,0.009348694,-0.017567916,-0.3329030658297762
2018-10-04,-0.027491409,0.351947806,0.0,0.0,-2.59892644,0.034270048,0.0,0.005,0.0,0.0,0.0,0.0,-0.017567916,0.009348694,0.0,-0.33290306582977625,-0.33290306582977625,0.351947806,-2.59892644,0.034270048,0.005,0.0,0.009348694,-0.017567916,-0.3329030658297762
2018-10-05,0.027491409,0.0,-0.437188027,0.0,-0.242098303,0.0,-0.077124131,0.005,0.0,0.0,0.0,0.0,-0.017567916,0.009348694,0.0,-0.33290306582977625,-0.33290306582977625,-0.437188027,-0.242098303,-0.077124131,0.005,0.0,0.009348694,-0.017567916,-0.3329030658297762
2018-10-08,0.0,0.0,-1.670395445,0.013465293,0.0,0.085689808,0.0,0.005,0.0,0.0,0.0,0.0,-0.017567916,0.009348694,0.0,-0.33290306582977625,-0.33290306582977625,-1.670395445,0.013465293,0.085689808,0.005,0.0,0.009348694,-0.017567916,-0.3329030658297762
2018-10-09,0.0,0.0,-0.460537974,0.911412287,0.0,0.021410984,0.0,0.005,0.0,0.0,0.0,0.0,-0.017567916,0.009348694,0.0,-0.33290306582977625,-0.33290306582977625,-0.460537974,0.911412287,0.021410984,0.005,0.0,0.009348694,-0.017567916,-0.3329030658297762
2018-10-10,0.027483853,0.0,-0.004005287,0.0,-2.389906496,0.0,-0.021410984,0.005,0.0,0.0,0.0,0.0,-0.017567916,0.009348694,0.0,-0.33290306582977625,-0.33290306582977625,-0.004005287,-2.389906496,-0.021410984,0.005,0.0,0.009348694,-0.017567916,-0.3329030658297762
2018-10-11,-0.054975263,0.0,-2.684254987,0.0,-3.066490705,0.0,-0.021415569,0.005,0.0,0.0,0.0,0.0,-0.017567916,0.009348694,0.0,-0.33290306582977625,-0.33290306582977625,-2.684254987,-3.066490705,-0.021415569,0.005,0.0,0.009348694,-0.017567916,-0.3329030658297762
2018-10-12,0.247151025,0.0,-3.454338143,0.618066302,0.0,0.0,-0.008567512,0.005,0.0,0.0,0.0,0.0,-0.017567916,0.009348694,0.0,-0.33290306582977625,-0.33290306582977625,-3.454338143,0.618066302,-0.008567512,0.005,0.0,0.009348694,-0.017567916,-0.3329030658297762
2018-10-15,0.109649134,3.102974317,0.0,0.600350843,0.0,0.0,-0.055706727,0.005,0.0,0.0,0.0,0.0,-0.017567916,0.009348694,0.0,-0.33290306582977625,-0.33290306582977625,3.102974317,0.600350843,-0.055706727,0.005,0.0,0.009348694,-0.017567916,-0.3329030658297762
2018-10-16,0.027393508,0.0,-1.921733206,0.125199989,0.0,0.034284735,0.0,0.005,0.0,0.0,0.0,0.0,-0.017567916,0.009348694,0.0,-0.33290306582977625,-0.33290306582977625,-1.921733206,0.125199989,0.034284735,0.005,0.0,0.009348694,-0.017567916,-0.3329030658297762
2018-10-17,-0.082203046,2.368709655,0.0,0.0,-3.249791492,0.017137961,0.0,0.005,0.0,0.0,0.0,0.0,-0.017567916,0.009348694,0.0,-0.33290306582977625,-0.33290306582977625,2.368709655,-3.249791492,0.017137961,0.005,0.0,0.009348694,-0.017567916,-0.3329030658297762
2018-10-18,0.054809538,0.0,-0.433558687,0.0,-1.446575203,0.021418321,0.0,0.005,0.0,0.0,0.0,0.0,-0.017567916,0.009348694,0.0,-0.33290306582977625,-0.33290306582977625,-0.433558687,-1.446575203,0.021418321,0.005,0.0,0.009348694,-0.017567916,-0.3329030658297762
2018-10-19,0.054779514,0.0,-1.979354515,0.769290389,0.0,0.017131355,0.0,0.005,0.0,0.0,0.0,0.0,-0.017567916,0.009348694,0.0,-0.33290306582977625,-0.33290306582977625,-1.979354515,0.769290389,0.017131355,0.005,0.0,0.009348694,-0.017567916,-0.3329030658297762
2018-10-22,-0.054779514,0.882466556,0.0,0.130048425,0.0,0.0,-0.012848241,0.005,0.0,0.0,0.0,0.0,-0.017567916,0.009348694,0.0,-0.33290306582977625,-0.33290306582977625,0.882466556,0.130048425,-0.012848241,0.005,0.0,0.009348694,-0.017567916,-0.3329030658297762
2018-10-23,-0.109649134,0.0,-0.863519786,0.0,-4.067158465,0.0,0.0,0.005,0.0,0.0,0.0,0.0,-0.017567916,0.009348694,0.0,-0.33290306582977625,-0.33290306582977625,-0.863519786,-4.067158465,0.0,0.005,0.0,0.009348694,-0.017567916,-0.3329030658297762
2018-10-24,0.0,0.0,-1.577441918,0.10522361,0.0,0.0,0.0,0.005,0.0,0.0,0.0,0.0,-0.017567916,0.009348694,0.0,-0.33290306582977625,-0.33290306582977625,-1.577441918,0.10522361,0.0,0.005,0.0,0.009348694,-0.017567916,-0.3329030658297762
2018-10-25,0.164428648,0.0,-3.5545465,1.031322197,0.0,0.008565677,0.0,0.005,0.0,0.0,0.0,0.0,-0.017567916,0.009348694,0.0,-0.33290306582977625,-0.33290306582977625,-3.5545465,1.031322197,0.008565677,0.005,0.0,0.009348694,-0.017567916,-0.3329030658297762
2018-10-26,-0.191859727,1.704880092,0.0,0.48950628,0.0,0.021410984,0.0,0.005,0.0,0.0,0.0,0.0,-0.017567916,0.009348694,0.0,-0.33290306582977625,-0.33290306582977625,1.704880092,0.48950628,0.021410984,0.005,0.0,0.009348694,-0.017567916,-0.3329030658297762
2018-10-29,0.082270675,0.0,-2.543762651,0.0,-0.86194619,0.0,-0.051394065,0.005,0.0,0.0,0.0,0.0,-0.017567916,0.009348694,0.0,-0.33290306582977625,-0.33290306582977625,-2.543762651,-0.86194619,-0.051394065,0.005,0.0,0.009348694,-0.017567916,-0.3329030658297762
2018-10-30,-0.164609091,0.0,-1.545879904,0.0,-1.23143169,0.0,0.0,0.005,0.0,0.0,0.0,0.0,-0.017567916,0.009348694,0.0,-0.33290306582977625,-0.33290306582977625,-1.545879904,-1.23143169,0.0,0.005,0.0,0.009348694,-0.017567916,-0.3329030658297762
2018-10-31,-0.13738153,1.454222918,0.0,0.0,-1.323313858,0.0,0.0,0.0065,0.0,0.0,0.0,0.0,-0.01353724,0.0,-0.000114009,-0.33290306582977625,-0.33290306582977625,1.454222918,-1.323313858,0.0,0.0065,0.0,-0.000114009,-0.01353724,-0.3329030658297762
2018-11-01,-0.082519603,2.352919708,0.0,0.0,-2.543166989,0.008567512,0.0,0.0065,0.0,0.0,0.0,0.0,-0.01353724,0.0,-0.000114009,-0.33290306582977625,-0.33290306582977625,2.352919708,-2.543166989,0.008567512,0.0065,0.0,-0.000114009,-0.01353724,-0.3329030658297762
2018-11-02,0.329670628,0.0,-0.456519319,0.0,-0.867581749,0.0,-0.064274239,0.0065,0.0,0.0,0.0,0.0,-0.01353724,0.0,-0.000114009,-0.33290306582977625,-0.33290306582977625,-0.456519319,-0.867581749,-0.064274239,0.0065,0.0,-0.000114009,-0.01353724,-0.3329030658297762
2018-11-05,0.0,1.03918587,0.0,0.0,0.0,0.0,-0.085763299,0.0065,0.0,0.0,0.0,0.0,-0.01353724,0.0,-0.000114009,-0.33290306582977625,-0.33290306582977625,1.03918587,0.0,-0.085763299,0.0065,0.0,-0.000114009,-0.01353724,-0.3329030658297762
2018-11-06,-0.164699461,1.094040191,0.0,0.0,-1.532597048,0.064329369,0.0,0.0065,0.0,0.0,0.0,0.0,-0.01353724,0.0,-0.000114009,-0.33290306582977625,-0.33290306582977625,1.094040191,-1.532597048,0.064329369,0.0065,0.0,-0.000114009,-0.01353724,-0.3329030658297762
2018-11-07,-0.109950533,0.0,-0.968151629,0.0,-0.758986284,0.004287154,0.0,0.0065,0.0,0.0,0.0,0.0,-0.01353724,0.0,-0.000114009,-0.33290306582977625,-0.33290306582977625,-0.968151629,-0.758986284,0.004287154,0.0065,0.0,-0.000114009,-0.01353724,-0.3329030658297762
2018-11-08,0.082474231,0.719723,0.0,0.0,-1.601341408,0.0,-0.034302376,0.0065,0.0,0.0,0.0,0.0,-0.01353724,0.0,-0.000114009,-0.33290306582977625,-0.33290306582977625,0.719723,-1.601341408,-0.034302376,0.0065,0.0,-0.000114009,-0.01353724,-0.3329030658297762
2018-11-09,-0.082474231,0.0,-0.819552646,0.0,-0.860220358,0.0,-0.120151061,0.0065,0.0,0.0,0.0,0.0,-0.01353724,0.0,-0.000114009,-0.33290306582977625,-0.33290306582977625,-0.819552646,-0.860220358,-0.120151061,0.0065,0.0,-0.000114009,-0.01353724,-0.3329030658297762
2018-11-12,0.0,0.0,-1.283840914,0.0,-0.566479356,0.042927668,0.0,0.0065,0.0,0.0,0.0,0.0,-0.01353724,0.0,-0.000114009,-0.33290306582977625,-0.33290306582977625,-1.283840914,-0.566479356,0.042927668,0.0065,0.0,-0.000114009,-0.01353724,-0.3329030658297762
2018-11-13,-0.137608388,0.0,-0.552460177,0.0,-6.814898374,0.034328871,0.0,0.0065,0.0,0.0,0.0,0.0,-0.01353724,0.0,-0.000114009,-0.33290306582977625,-0.33290306582977625,-0.552460177,-6.814898374,0.034328871,0.0065,0.0,-0.000114009,-0.01353724,-0.3329030658297762
2018-11-14,0.082587754,0.0,-0.021011772,0.948213563,0.0,0.030028098,0.0,0.0065,0.0,0.0,0.0,0.0,-0.01353724,0.0,-0.000114009,-0.33290306582977625,-0.33290306582977625,-0.021011772,0.948213563,0.030028098,0.0065,0.0,-0.000114009,-0.01353724,-0.3329030658297762
2018-11-15,0.137494866,0.0,-0.335680455,0.515053088,0.0,0.0,-0.030028098,0.0065,0.0,0.0,0.0,0.0,-0.01353724,0.0,-0.000114009,-0.33290306582977625,-0.33290306582977625,-0.335680455,0.515053088,-0.030028098,0.0065,0.0,-0.000114009,-0.01353724,-0.3329030658297762
2018-11-16,0.164744683,0.034395336,0.0,0.070834074,0.0,0.0,-0.008581113,0.0065,0.0,0.0,0.0,0.0,-0.01353724,0.0,-0.000114009,-0.33290306582977625,-0.33290306582977625,0.034395336,0.070834074,-0.008581113,0.0065,0.0,-0.000114009,-0.01353724,-0.3329030658297762
2018-11-19,0.191859727,0.134139669,0.0,1.179072172,0.0,0.01716149,0.0,0.0065,0.0,0.0,0.0,0.0,-0.01353724,0.0,-0.000114009,-0.33290306582977625,-0.33290306582977625,0.134139669,1.179072172,0.01716149,0.0065,0.0,-0.000114009,-0.01353724,-0.3329030658297762
2018-11-20,-0.082180528,0.784594708,0.0,0.0,-6.814898374,0.111477952,0.0,0.0065,0.0,0.0,0.0,0.0,-0.01353724,0.0,-0.000114009,-0.33290306582977625,-0.33290306582977625,0.784594708,-6.814898374,0.111477952,0.0065,0.0,-0.000114009,-0.01353724,-0.3329030658297762
2018-11-21,-0.164563943,0.007694041,0.0,1.892449799,0.0,0.068540099,0.0,0.0065,0.0,0.0,0.0,0.0,-0.01353724,0.0,-0.000114009,-0.33290306582977625,-0.33290306582977625,0.007694041,1.892449799,0.068540099,0.0065,0.0,-0.000114009,-0.01353724,-0.3329030658297762
2018-11-22,0.0,1.64602901,0.0,0.0,0.0,0.0,-0.029980513,0.0065,0.0,0.0,0.0,0.0,-0.01353724,0.0,-0.000114009,-0.33290306582977625,-0.33290306582977625,1.64602901,0.0,-0.029980513,0.0065,0.0,-0.000114009,-0.01353724,-0.3329030658297762
2018-11-23,-0.054914883,0.0,-0.110339467,0.0,0.0,0.064232954,0.0,0.0065,0.0,0.0,0.0,0.0,-0.01353724,0.0,-0.000114009,-0.33290306582977625,-0.33290306582977625,-0.110339467,0.0,0.064232954,0.0065,0.0,-0.000114009,-0.01353724,-0.3329030658297762
2018-11-26,-0.08242891,0.0,-0.895862654,0.0,-5.574315364,0.0,-0.08565311,0.0065,0.0,0.0,0.0,0.0,-0.01353724,0.0,-0.000114009,-0.33290306582977625,-0.33290306582977625,-0.895862654,-5.574315364,-0.08565311,0.0065,0.0,-0.000114009,-0.01353724,-0.3329030658297762
2018-11-27,-0.082496911,1.047277875,0.0,0.0,-0.29191419,0.021420156,0.0,0.0065,0.0,0.0,0.0,0.0,-0.01353724,0.0,-0.000114009,-0.33290306582977625,-0.33290306582977625,1.047277875,-0.29191419,0.021420156,0.0065,0.0,-0.000114009,-0.01353724,-0.3329030658297762
2018-11-28,-0.137646271,0.0,-0.326910878,0.0,-2.466337895,0.0,-0.042844902,0.0065,0.0,0.0,0.0,0.0,-0.01353724,0.0,-0.000114009,-0.33290306582977625,-0.33290306582977625,-0.326910878,-2.466337895,-0.042844902,0.0065,0.0,-0.000114009,-0.01353724,-0.3329030658297762
2018-11-29,0.082610496,1.355847108,0.0,2.758252085,0.0,0.0,-0.034289144,0.0065,0.0,0.0,0.0,0.0,-0.01353724,0.0,-0.000114009,-0.33290306582977625,-0.33290306582977625,1.355847108,2.758252085,-0.034289144,0.0065,0.0,-0.000114009,-0.01353724,-0.3329030658297762
2018-11-30,0.0,0.0,-1.11759447,0.0,-1.330223058,0.0,-0.051455771,0.0037,0.0,0.0,0.0,0.028005004,0.0,0.002260424,0.0,-0.33290306582977625,-0.33290306582977625,-1.11759447,-1.330223058,-0.051455771,0.0037,0.0,0.002260424,0.028005004,-0.3329030658297762
2018-12-03,0.0,1.418783431,0.0,4.241190757,0.0,0.0,-0.064356969,0.0037,0.0,0.0,0.0,0.028005004,0.0,0.002260424,0.0,-0.33290306582977625,-0.33290306582977625,1.418783431,4.241190757,-0.064356969,0.0037,0.0,0.002260424,0.028005004,-0.3329030658297762
2018-12-04,0.027521673,1.615335519,0.0,0.433186476,0.0,0.0,-0.072988003,0.0037,0.0,0.0,0.0,0.028005004,0.0,0.002260424,0.0,-0.33290306582977625,-0.33290306582977625,1.615335519,0.433186476,-0.072988003,0.0037,0.0,0.002260424,0.028005004,-0.3329030658297762
2018-12-05,-0.055050923,0.0,-0.276360832,0.0,-1.077006159,0.098735761,0.0,0.0037,0.0,0.0,0.0,0.028005004,0.0,0.002260424,0.0,-0.33290306582977625,-0.33290306582977625,-0.276360832,-1.077006159,0.098735761,0.0037,0.0,0.002260424,0.028005004,-0.3329030658297762
2018-12-06,-0.110192849,0.712985594,0.0,0.0,-2.111808179,0.111497074,0.0,0.0037,0.0,0.0,0.0,0.028005004,0.0,0.002260424,0.0,-0.33290306582977625,-0.33290306582977625,0.712985594,-2.111808179,0.111497074,0.0037,0.0,0.002260424,0.028005004,-0.3329030658297762
2018-12-07,-0.055141992,0.0,-0.06793372,2.339512262,0.0,0.0,-0.094335584,0.0037,0.0,0.0,0.0,0.028005004,0.0,0.002260424,0.0,-0.33290306582977625,-0.33290306582977625,-0.06793372,2.339512262,-0.094335584,0.0037,0.0,0.002260424,0.028005004,-0.3329030658297762
2018-12-10,0.275406398,0.0,-0.149616831,0.0,-3.255608719,0.0,-0.021452322,0.0037,0.0,0.0,0.0,0.028005004,0.0,0.002260424,0.0,-0.33290306582977625,-0.33290306582977625,-0.149616831,-3.255608719,-0.021452322,0.0037,0.0,0.002260424,0.028005004,-0.3329030658297762
2018-12-11,-0.055020634,0.091052288,0.0,1.129295491,0.0,0.0,-0.021456925,0.0037,0.0,0.0,0.0,0.028005004,0.0,0.002260424,0.0,-0.33290306582977625,-0.33290306582977625,0.091052288,1.129295491,-0.021456925,0.0037,0.0,0.002260424,0.028005004,-0.3329030658297762
2018-12-12,-0.137684174,0.040789646,0.0,0.0,-1.188055653,0.0,0.0,0.0037,0.0,0.0,0.0,0.028005004,0.0,0.002260424,0.0,-0.33290306582977625,-0.33290306582977625,0.040789646,-1.188055653,0.0,0.0037,0.0,0.002260424,0.028005004,-0.3329030658297762
2018-12-13,-0.165471632,0.517314462,0.0,3.181604518,0.0,0.0,-0.064398414,0.0037,0.0,0.0,0.0,0.028005004,0.0,0.002260424,0.0,-0.33290306582977625,-0.33290306582977625,0.517314462,3.181604518,-0.064398414,0.0037,0.0,0.002260424,0.028005004,-0.3329030658297762
2018-12-14,0.0,0.0,-0.260408676,0.0,-2.751496329,0.008588852,0.0,0.0037,0.0,0.0,0.0,0.028005004,0.0,0.002260424,0.0,-0.33290306582977625,-0.33290306582977625,-0.260408676,-2.751496329,0.008588852,0.0037,0.0,0.002260424,0.028005004,-0.3329030658297762
2018-12-17,0.055187639,0.0,-1.121220848,0.0,-2.889573691,0.133032956,0.0,0.0037,0.0,0.0,0.0,0.028005004,0.0,0.002260424,0.0,-0.33290306582977625,-0.33290306582977625,-1.121220848,-2.889573691,0.133032956,0.0037,0.0,0.002260424,0.028005004,-0.3329030658297762
2018-12-18,0.082724395,0.0,-1.534779879,0.0,-6.814898374,0.0,0.0,0.0037,0.0,0.0,0.0,0.028005004,0.0,0.002260424,0.0,-0.33290306582977625,-0.33290306582977625,-1.534779879,-6.814898374,0.0,0.0037,0.0,0.002260424,0.028005004,-0.3329030658297762
2018-12-19,-0.110314407,0.0,-0.784950267,3.912063476,0.0,0.0,-0.047184987,0.0037,0.0,0.0,0.0,0.028005004,0.0,0.002260424,0.0,-0.33290306582977625,-0.33290306582977625,-0.784950267,3.912063476,-0.047184987,0.0037,0.0,0.002260424,0.028005004,-0.3329030658297762
2018-12-20,-0.08281574,0.0,-1.178176888,0.0,-4.958280517,0.0,-0.030038406,0.0037,0.0,0.0,0.0,0.028005004,0.0,0.002260424,0.0,-0.33290306582977625,-0.33290306582977625,-1.178176888,-4.958280517,-0.030038406,0.0037,0.0,0.002260424,0.028005004,-0.3329030658297762
2018-12-21,0.193130147,0.0,-0.430197646,0.0,-0.571304564,0.0,-0.077283075,0.0037,0.0,0.0,0.0,0.028005004,0.0,0.002260424,0.0,-0.33290306582977625,-0.33290306582977625,-0.430197646,-0.571304564,-0.077283075,0.0037,0.0,0.002260424,0.028005004,-0.3329030658297762
2018-12-24,-0.055141992,0.145795791,0.0,0.0,0.0,0.0,-0.017182131,0.0037,0.0,0.0,0.0,0.028005004,0.0,0.002260424,0.0,-0.33290306582977625,-0.33290306582977625,0.145795791,0.0,-0.017182131,0.0037,0.0,0.002260424,0.028005004,-0.3329030658297762
2018-12-25,0.08270159,0.0,-2.144643571,0.0,0.0,0.0,-0.004295994,0.0037,0.0,0.0,0.0,0.028005004,0.0,0.002260424,0.0,-0.33290306582977625,-0.33290306582977625,-2.144643571,0.0,-0.004295994,0.0037,0.0,0.002260424,0.028005004,-0.3329030658297762
2018-12-26,-0.193076877,0.346338104,0.0,1.44391045,0.0,0.0,-0.073060149,0.0037,0.0,0.0,0.0,0.028005004,0.0,0.002260424,0.0,-0.33290306582977625,-0.33290306582977625,0.346338104,1.44391045,-0.073060149,0.0037,0.0,0.002260424,0.028005004,-0.3329030658297762
2018-12-27,0.165517279,0.90706339,0.0,0.0,-3.447093391,0.0,-0.129060031,0.0037,0.0,0.0,0.0,0.028005004,0.0,0.002260424,0.0,-0.33290306582977625,-0.33290306582977625,0.90706339,-3.447093391,-0.129060031,0.0037,0.0,0.002260424,0.028005004,-0.3329030658297762
2018-12-28,0.055111602,0.0,-0.111689228,1.495062992,0.0,0.0,-0.172339551,0.0037,0.0,0.0,0.0,0.028005004,0.0,0.002260424,0.0,-0.33290306582977625,-0.33290306582977625,-0.111689228,1.495062992,-0.172339551,0.0037,0.0,0.002260424,0.028005004,-0.3329030658297762
2018-12-31,0.0,0.0,0.0,0.0,0.0,0.0,0.0,0.0,-0.0032,0.0,0.0,0.005814336,0.0,0.0,-0.000377748,-0.33290306582977625,-0.33290306582977625,0.0,0.0,0.0,-0.0032,0.0,-0.000377748,0.005814336,-0.3329030658297762
2019-01-01,0.0,0.0,0.0,0.0,0.0,0.0,0.0,0.0,-0.0032,0.0,0.0,0.005814336,0.0,0.0,-0.000377748,-0.004838719118223089,-0.004838719118223089,0.0,0.0,0.0,-0.0032,0.0,-0.000377748,0.005814336,-0.004838719118223
2019-01-02,0.220143182,0.0,0.0,2.536764063,0.0,0.064662143,0.0,0.0,-0.0032,0.0,0.0,0.005814336,0.0,0.0,-0.000377748,-0.004838719118223089,-0.004838719118223089,0.0,2.536764063,0.064662143,-0.0032,0.0,-0.000377748,0.005814336,-0.004838719118223
2019-01-03,0.301907736,0.0,-1.562279136,1.308610329,0.0,0.0,-0.021549402,0.0,-0.0032,0.0,0.0,0.005814336,0.0,0.0,-0.000377748,-0.004838719118223089,-0.004838719118223089,-1.562279136,1.308610329,-0.021549402,-0.0032,0.0,-0.000377748,0.005814336,-0.004838719118223
2019-01-04,0.300998996,0.0,-1.939384575,1.77444453,0.0,0.0,-0.008621061,0.0,-0.0032,0.0,0.0,0.005814336,0.0,0.0,-0.000377748,-0.004838719118223089,-0.004838719118223089,-1.939384575,1.77444453,-0.008621061,-0.0032,0.0,-0.000377748,0.005814336,-0.004838719118223
2019-01-07,-0.082000825,2.016901781,0.0,1.062178059,0.0,0.0,0.0,0.0,-0.0032,0.0,0.0,0.005814336,0.0,0.0,-0.000377748,-0.004838719118223089,-0.004838719118223089,2.016901781,1.062178059,0.0,-0.0032,0.0,-0.000377748,0.005814336,-0.004838719118223
2019-01-08,0.109319497,0.10101918,0.0,2.677727693,0.0,0.0,0.0,0.0,-0.0032,0.0,0.0,0.005814336,0.0,0.0,-0.000377748,-0.004838719118223089,-0.004838719118223089,0.10101918,2.677727693,0.0,-0.0032,0.0,-0.000377748,0.005814336,-0.004838719118223
2019-01-09,-0.136668055,0.0,-0.124605013,5.130337905,0.0,0.0,0.0,0.0,-0.0032,0.0,0.0,0.005814336,0.0,0.0,-0.000377748,-0.004838719118223089,-0.004838719118223089,-0.124605013,5.130337905,0.0,-0.0032,0.0,-0.000377748,0.005814336,-0.004838719118223
2019-01-10,0.054689638,0.848946159,0.0,0.439729224,0.0,0.0,-0.008621805,0.0,-0.0032,0.0,0.0,0.005814336,0.0,0.0,-0.000377748,-0.004838719118223089,-0.004838719118223089,0.848946159,0.439729224,-0.008621805,-0.0032,0.0,-0.000377748,0.005814336,-0.004838719118223
2019-01-11,-0.054689638,0.13912465,0.0,0.0,-1.887211797,0.008621805,0.0,0.0,-0.0032,0.0,0.0,0.005814336,0.0,0.0,-0.000377748,-0.004838719118223089,-0.004838719118223089,0.13912465,-1.887211797,0.008621805,-0.0032,0.0,-0.000377748,0.005814336,-0.004838719118223
2019-01-14,0.027348558,0.524702662,0.0,0.0,-2.221221543,0.004310624,0.0,0.0,-0.0032,0.0,0.0,0.005814336,0.0,0.0,-0.000377748,-0.004838719118223089,-0.004838719118223089,0.524702662,-2.221221543,0.004310624,-0.0032,0.0,-0.000377748,0.005814336,-0.004838719118223
2019-01-15,-0.164203649,0.0,-0.29029848,2.918628476,0.0,0.017240636,0.0,0.0,-0.0032,0.0,0.0,0.005814336,0.0,0.0,-0.000377748,-0.004838719118223089,-0.004838719118223089,-0.29029848,2.918628476,0.017240636,-0.0032,0.0,-0.000377748,0.005814336,-0.004838719118223
2019-01-16,-0.054794522,1.115579312,0.0,0.539084863,0.0,0.0,-0.02155126,0.0,-0.0032,0.0,0.0,0.005814336,0.0,0.0,-0.000377748,-0.004838719118223089,-0.004838719118223089,1.115579312,0.539084863,-0.02155126,-0.0032,0.0,-0.000377748,0.005814336,-0.004838719118223
2019-01-17,0.0,0.0,-0.312122465,0.0,-0.48118657,0.0,0.0,0.0,-0.0032,0.0,0.0,0.005814336,0.0,0.0,-0.000377748,-0.004838719118223089,-0.004838719118223089,-0.312122465,-0.48118657,0.0,-0.0032,0.0,-0.000377748,0.005814336,-0.004838719118223
2019-01-18,0.246339251,0.0,-0.638260098,3.357993588,0.0,0.0,-0.004310809,0.0,-0.0032,0.0,0.0,0.005814336,0.0,0.0,-0.000377748,-0.004838719118223089,-0.004838719118223089,-0.638260098,3.357993588,-0.004310809,-0.0032,0.0,-0.000377748,0.005814336,-0.004838719118223
2019-01-21,-0.164158724,0.282087634,0.0,0.0,0.0,0.004310809,0.0,0.0,-0.0032,0.0,0.0,0.005814336,0.0,0.0,-0.000377748,-0.004838719118223089,-0.004838719118223089,0.282087634,0.0,0.004310809,-0.0032,0.0,-0.000377748,0.005814336,-0.004838719118223
2019-01-22,-0.384088264,0.822895984,0.0,0.0,-1.902308048,0.0,0.0,0.0,-0.0032,0.0,0.0,0.005814336,0.0,0.0,-0.000377748,-0.004838719118223089,-0.004838719118223089,0.822895984,-1.902308048,0.0,-0.0032,0.0,-0.000377748,0.005814336,-0.004838719118223
2019-01-23,-0.054990378,0.0,-0.769886011,0.0,-0.285632871,0.0,-0.008621805,0.0,-0.0032,0.0,0.0,0.005814336,0.0,0.0,-0.000377748,-0.004838719118223089,-0.004838719118223089,-0.769886011,-0.285632871,-0.008621805,-0.0032,0.0,-0.000377748,0.005814336,-0.004838719118223
2019-01-24,0.109950533,0.31196802,0.0,0.94895379,0.0,0.0,0.0,0.0,-0.0032,0.0,0.0,0.005814336,0.0,0.0,-0.000377748,-0.004838719118223089,-0.004838719118223089,0.31196802,0.94895379,0.0,-0.0032,0.0,-0.000377748,0.005814336,-0.004838719118223
2019-01-25,0.219539056,0.033013833,0.0,1.108304761,0.0,0.0,-0.017245839,0.0,-0.0032,0.0,0.0,0.005814336,0.0,0.0,-0.000377748,-0.004838719118223089,-0.004838719118223089,0.033013833,1.108304761,-0.017245839,-0.0032,0.0,-0.000377748,0.005814336,-0.004838719118223
2019-01-28,0.355726193,0.402989471,0.0,0.0,-3.304516397,0.008623292,0.0,0.0,-0.0032,0.0,0.0,0.005814336,0.0,0.0,-0.000377748,-0.004838719118223089,-0.004838719118223089,0.402989471,-3.304516397,0.008623292,-0.0032,0.0,-0.000377748,0.005814336,-0.004838719118223
2019-01-29,-0.05464481,0.12484943,0.0,2.44147164,0.0,0.008622548,0.0,0.0,-0.0032,0.0,0.0,0.005814336,0.0,0.0,-0.000377748,-0.004838719118223089,-0.004838719118223089,0.12484943,2.44147164,0.008622548,-0.0032,0.0,-0.000377748,0.005814336,-0.004838719118223
2019-01-30,0.354658672,0.044863904,0.0,2.070003982,0.0,0.030173064,0.0,0.0,-0.0032,0.0,0.0,0.005814336,0.0,0.0,-0.000377748,-0.004838719118223089,-0.004838719118223089,0.044863904,2.070003982,0.030173064,-0.0032,0.0,-0.000377748,0.005814336,-0.004838719118223
2019-01-31,0.163265342,0.592282448,0.0,0.0,-0.629515132,0.0,-0.02155126,0.0,-0.0028,0.0,0.0,0.041659892,0.0,0.009496556,0.0,-0.004838719118223089,-0.004838719118223089,0.592282448,-0.629515132,-0.02155126,-0.0028,0.0,0.009496556,0.041659892,-0.004838719118223
2019-02-01,0.434075559,0.0,-0.822285945,2.657537501,0.0,0.008621061,0.0,0.0,-0.0028,0.0,0.0,0.041659892,0.0,0.009496556,0.0,-0.004838719118223089,-0.004838719118223089,-0.822285945,2.657537501,0.008621061,-0.0028,0.0,0.009496556,0.041659892,-0.004838719118223
2019-02-04,0.0,0.0,0.0,0.0,-1.310777915,0.0,0.0,0.0,-0.0028,0.0,0.0,0.041659892,0.0,0.009496556,0.0,-0.004838719118223089,-0.004838719118223089,0.0,-1.310777915,0.0,-0.0028,0.0,0.009496556,0.041659892,-0.004838719118223
2019-02-05,0.0,0.0,0.0,0.0,-1.625751676,0.0,0.0,0.0,-0.0028,0.0,0.0,0.041659892,0.0,0.009496556,0.0,-0.004838719118223089,-0.004838719118223089,0.0,-1.625751676,0.0,-0.0028,0.0,0.009496556,0.041659892,-0.004838719118223
2019-02-06,0.0,0.0,0.0,0.464555328,0.0,0.0,0.0,0.0,-0.0028,0.0,0.0,0.041659892,0.0,0.009496556,0.0,-0.004838719118223089,-0.004838719118223089,0.0,0.464555328,0.0,-0.0028,0.0,0.009496556,0.041659892,-0.004838719118223
2019-02-07,0.0,0.0,0.0,0.0,-2.363644084,0.0,0.0,0.0,-0.0028,0.0,0.0,0.041659892,0.0,0.009496556,0.0,-0.004838719118223089,-0.004838719118223089,0.0,-2.363644084,0.0,-0.0028,0.0,0.009496556,0.041659892,-0.004838719118223
2019-02-08,0.0,0.0,0.0,0.132789548,0.0,0.0,0.0,0.0,-0.0028,0.0,0.0,0.041659892,0.0,0.009496556,0.0,-0.004838719118223089,-0.004838719118223089,0.0,0.132789548,0.0,-0.0028,0.0,0.009496556,0.041659892,-0.004838719118223
2019-02-11,0.027067262,0.546760176,0.0,0.0,-0.608482577,0.043094161,0.0,0.0,-0.0028,0.0,0.0,0.041659892,0.0,0.009496556,0.0,-0.004838719118223089,-0.004838719118223089,0.546760176,-0.608482577,0.043094161,-0.0028,0.0,0.009496556,0.041659892,-0.004838719118223
2019-02-12,0.027059938,1.449669472,0.0,1.345099375,0.0,0.0,-0.008617347,0.0,-0.0028,0.0,0.0,0.041659892,0.0,0.009496556,0.0,-0.004838719118223089,-0.004838719118223089,1.449669472,1.345099375,-0.008617347,-0.0028,0.0,0.009496556,0.041659892,-0.004838719118223
2019-02-13,-0.027059938,0.775172781,0.0,1.3086745,0.0,0.0,-0.05171968,0.0,-0.0028,0.0,0.0,0.041659892,0.0,0.009496556,0.0,-0.004838719118223089,-0.004838719118223089,0.775172781,1.3086745,-0.05171968,-0.0028,0.0,0.009496556,0.041659892,-0.004838719118223
2019-02-14,-0.542742174,0.913044744,0.0,1.034746853,0.0,0.021553118,0.0,0.0,-0.0028,0.0,0.0,0.041659892,0.0,0.009496556,0.0,-0.004838719118223089,-0.004838719118223089,0.913044744,1.034746853,0.021553118,-0.0028,0.0,0.009496556,0.041659892,-0.004838719118223
2019-02-15,-0.46365827,0.599545553,0.0,2.145927045,0.0,0.0,0.0,0.0,-0.0028,0.0,0.0,0.041659892,0.0,0.009496556,0.0,-0.004838719118223089,-0.004838719118223089,0.599545553,2.145927045,0.0,-0.0028,0.0,0.009496556,0.041659892,-0.004838719118223
2019-02-18,0.708256842,0.309427282,0.0,0.0,0.0,0.0,-0.00862069,0.0,-0.0028,0.0,0.0,0.041659892,0.0,0.009496556,0.0,-0.004838719118223089,-0.004838719118223089,0.309427282,0.0,-0.00862069,-0.0028,0.0,0.009496556,0.041659892,-0.004838719118223
2019-02-19,-0.108636621,0.833299046,0.0,0.966883092,0.0,0.0,0.0,0.0,-0.0028,0.0,0.0,0.041659892,0.0,0.009496556,0.0,-0.004838719118223089,-0.004838719118223089,0.833299046,0.966883092,0.0,-0.0028,0.0,0.009496556,0.041659892,-0.004838719118223
2019-02-20,0.65005646,0.158778786,0.0,1.38030859,0.0,0.0,-0.004310624,0.0,-0.0028,0.0,0.0,0.041659892,0.0,0.009496556,0.0,-0.004838719118223089,-0.004838719118223089,0.158778786,1.38030859,-0.004310624,-0.0028,0.0,0.009496556,0.041659892,-0.004838719118223
2019-02-21,-0.324500014,0.872403181,0.0,0.087834876,0.0,0.051715223,0.0,0.0,-0.0028,0.0,0.0,0.041659892,0.0,0.009496556,0.0,-0.004838719118223089,-0.004838719118223089,0.872403181,0.087834876,0.051715223,-0.0028,0.0,0.009496556,0.041659892,-0.004838719118223
2019-02-22,-0.271223383,1.141666419,0.0,0.105300115,0.0,0.0,-0.004308581,0.0,-0.0028,0.0,0.0,0.041659892,0.0,0.009496556,0.0,-0.004838719118223089,-0.004838719118223089,1.141666419,0.105300115,-0.004308581,-0.0028,0.0,0.009496556,0.041659892,-0.004838719118223
2019-02-25,0.217037524,1.219176234,0.0,0.0,-3.009218425,0.030156166,0.0,0.0,-0.0028,0.0,0.0,0.041659892,0.0,0.009496556,0.0,-0.004838719118223089,-0.004838719118223089,1.219176234,-3.009218425,0.030156166,-0.0028,0.0,0.009496556,0.041659892,-0.004838719118223
2019-02-26,-0.08133388,0.0,-0.44574429,0.144508696,0.0,0.0,-0.068941747,0.0,-0.0028,0.0,0.0,0.041659892,0.0,0.009496556,0.0,-0.004838719118223089,-0.004838719118223089,-0.44574429,0.144508696,-0.068941747,-0.0028,0.0,0.009496556,0.041659892,-0.004838719118223
2019-02-27,0.027118644,0.0,-0.158450649,2.706717947,0.0,0.0,-0.004310438,0.0,-0.0028,0.0,0.0,0.041659892,0.0,0.009496556,0.0,-0.004838719118223089,-0.004838719118223089,-0.158450649,2.706717947,-0.004310438,-0.0028,0.0,0.009496556,0.041659892,-0.004838719118223
2019-02-28,-0.162822288,0.0,-0.022223345,0.508193506,0.0,0.0,0.0,0.0011,0.0,0.0,0.0,0.032681099,0.0,0.01311147,0.0,-0.004838719118223089,-0.004838719118223089,-0.022223345,0.508193506,0.0,0.0011,0.0,0.01311147,0.032681099,-0.004838719118223
2019-03-01,-0.217509602,0.0,-1.916535363,0.0,-2.567194183,0.012930756,0.0,0.0011,0.0,0.0,0.0,0.032681099,0.0,0.01311147,0.0,-0.004838719118223089,-0.004838719118223089,-1.916535363,-2.567194183,0.012930756,0.0011,0.0,0.01311147,0.032681099,-0.004838719118223
2019-03-04,-0.682782934,1.273967756,0.0,1.495221876,0.0,0.0,-0.008620318,0.0011,0.0,0.0,0.0,0.032681099,0.0,0.01311147,0.0,-0.004838719118223089,-0.004838719118223089,1.273967756,1.495221876,-0.008620318,0.0011,0.0,0.01311147,0.032681099,-0.004838719118223
2019-03-05,-0.192017615,0.666811012,0.0,0.0,-0.088378265,0.0,-0.008621061,0.0011,0.0,0.0,0.0,0.032681099,0.0,0.01311147,0.0,-0.004838719118223089,-0.004838719118223089,0.666811012,-0.088378265,-0.008621061,0.0011,0.0,0.01311147,0.032681099,-0.004838719118223
2019-03-06,0.109769495,0.295498654,0.0,0.0,-0.585263708,0.008621061,0.0,0.0011,0.0,0.0,0.0,0.032681099,0.0,0.01311147,0.0,-0.004838719118223089,-0.004838719118223089,0.295498654,-0.585263708,0.008621061,0.0011,0.0,0.01311147,0.032681099,-0.004838719118223
2019-03-07,-0.02743108,0.265505572,0.0,0.673641973,0.0,0.0,-0.012931871,0.0011,0.0,0.0,0.0,0.032681099,0.0,0.01311147,0.0,-0.004838719118223089,-0.004838719118223089,0.265505572,0.673641973,-0.012931871,0.0011,0.0,0.01311147,0.032681099,-0.004838719118223
2019-03-08,0.0,0.0,-0.782443469,0.0,-1.477289481,0.008621433,0.0,0.0011,0.0,0.0,0.0,0.032681099,0.0,0.01311147,0.0,-0.004838719118223089,-0.004838719118223089,-0.782443469,-1.477289481,0.008621433,0.0011,0.0,0.01311147,0.032681099,-0.004838719118223
2019-03-11,0.137080213,0.0,-0.502327487,1.812416349,0.0,0.0,-0.004310624,0.0011,0.0,0.0,0.0,0.032681099,0.0,0.01311147,0.0,-0.004838719118223089,-0.004838719118223089,-0.502327487,1.812416349,-0.004310624,0.0011,0.0,0.01311147,0.032681099,-0.004838719118223
2019-03-12,-0.054809538,0.830771515,0.0,0.175932487,0.0,0.0,0.0,0.0011,0.0,0.0,0.0,0.032681099,0.0,0.01311147,0.0,-0.004838719118223089,-0.004838719118223089,0.830771515,0.175932487,0.0,0.0011,0.0,0.01311147,0.032681099,-0.004838719118223
2019-03-13,0.13696756,1.264246947,0.0,2.396780239,0.0,0.004310624,0.0,0.0011,0.0,0.0,0.0,0.032681099,0.0,0.01311147,0.0,-0.004838719118223089,-0.004838719118223089,1.264246947,2.396780239,0.004310624,0.0011,0.0,0.01311147,0.032681099,-0.004838719118223
2019-03-14,0.109439135,0.260681102,0.0,0.54766524,0.0,0.0,-0.004310624,0.0011,0.0,0.0,0.0,0.032681099,0.0,0.01311147,0.0,-0.004838719118223089,-0.004838719118223089,0.260681102,0.54766524,-0.004310624,0.0011,0.0,0.01311147,0.032681099,-0.004838719118223
2019-03-15,-0.246406696,0.205478505,0.0,0.0,-0.136635376,0.0,0.0,0.0011,0.0,0.0,0.0,0.032681099,0.0,0.01311147,0.0,-0.004838719118223089,-0.004838719118223089,0.205478505,-0.136635376,0.0,0.0011,0.0,0.01311147,0.032681099,-0.004838719118223
2019-03-18,0.054809538,0.0,-0.42930463,0.986402556,0.0,0.017241379,0.0,0.0011,0.0,0.0,0.0,0.032681099,0.0,0.01311147,0.0,-0.004838719118223089,-0.004838719118223089,-0.42930463,0.986402556,0.017241379,0.0011,0.0,0.01311147,0.032681099,-0.004838719118223
2019-03-19,0.054779514,0.954479041,0.0,0.050757128,0.0,0.025856497,0.0,0.0011,0.0,0.0,0.0,0.032681099,0.0,0.01311147,0.0,-0.004838719118223089,-0.004838719118223089,0.954479041,0.050757128,0.025856497,0.0011,0.0,0.01311147,0.032681099,-0.004838719118223
2019-03-20,-0.027386006,0.0,-1.080040847,1.677328824,0.0,0.004308766,0.0,0.0011,0.0,0.0,0.0,0.032681099,0.0,0.01311147,0.0,-0.004838719118223089,-0.004838719118223089,-1.080040847,1.677328824,0.004308766,0.0011,0.0,0.01311147,0.032681099,-0.004838719118223
2019-03-21,0.49180427,0.225101939,0.0,0.0,-0.233139156,0.0,-0.038785581,0.0011,0.0,0.0,0.0,0.032681099,0.0,0.01311147,0.0,-0.004838719118223089,-0.004838719118223089,0.225101939,-0.233139156,-0.038785581,0.0011,0.0,0.01311147,0.032681099,-0.004838719118223
2019-03-22,-0.327600621,0.0,-2.032210317,0.0,-1.867955028,0.0,-0.004310438,0.0011,0.0,0.0,0.0,0.032681099,0.0,0.01311147,0.0,-0.004838719118223089,-0.004838719118223089,-2.032210317,-1.867955028,-0.004310438,0.0011,0.0,0.01311147,0.032681099,-0.004838719118223
2019-03-25,0.218519617,0.0,-0.853464136,0.0,-0.272155296,0.0,0.0,0.0011,0.0,0.0,0.0,0.032681099,0.0,0.01311147,0.0,-0.004838719118223089,-0.004838719118223089,-0.853464136,-0.272155296,0.0,0.0011,0.0,0.01311147,0.032681099,-0.004838719118223
2019-03-26,0.245265145,0.0,-0.663723797,1.956547486,0.0,0.0,-0.004310624,0.0011,0.0,0.0,0.0,0.032681099,0.0,0.01311147,0.0,-0.004838719118223089,-0.004838719118223089,-0.663723797,1.956547486,-0.004310624,0.0011,0.0,0.01311147,0.032681099,-0.004838719118223
2019-03-27,-0.16344324,0.678059246,0.0,0.0,-0.804968291,0.0,0.0,0.0011,0.0,0.0,0.0,0.032681099,0.0,0.01311147,0.0,-0.004838719118223089,-0.004838719118223089,0.678059246,-0.804968291,0.0,0.0011,0.0,0.01311147,0.032681099,-0.004838719118223
2019-03-28,-0.13640706,0.0,-0.331263668,0.0,-0.168520431,0.008621061,0.0,0.0011,0.0,0.0,0.0,0.032681099,0.0,0.01311147,0.0,-0.004838719118223089,-0.004838719118223089,-0.331263668,-0.168520431,0.008621061,0.0011,0.0,0.01311147,0.032681099,-0.004838719118223
2019-03-29,-0.60241146,1.216071838,0.0,1.506556784,0.0,0.012930198,0.0,0.0011,0.0,0.0,0.0,0.032681099,0.0,0.01311147,0.0,-0.004838719118223089,-0.004838719118223089,1.216071838,1.506556784,0.012930198,0.0011,0.0,0.01311147,0.032681099,-0.004838719118223
2019-04-01,0.0,0.0,-0.466912669,2.299329414,0.0,0.0,-0.017240636,0.0089,0.0,0.0,0.0,0.001862198,0.0,0.0,-0.041362801,0.26911958128514746,0.26911958128514746,-0.466912669,2.299329414,-0.017240636,0.0089,0.0,-0.041362801,0.001862198,0.2691195812851474
2019-04-02,-0.137419288,1.428429404,0.0,1.514692188,0.0,0.0,-0.008621433,0.0089,0.0,0.0,0.0,0.001862198,0.0,0.0,-0.041362801,0.26911958128514746,0.26911958128514746,1.428429404,1.514692188,-0.008621433,0.0089,0.0,-0.041362801,0.001862198,0.2691195812851474
2019-04-03,-0.082542308,0.0,-1.023442842,0.0,-0.112008972,0.008621433,0.0,0.0089,0.0,0.0,0.0,0.001862198,0.0,0.0,-0.041362801,0.26911958128514746,0.26911958128514746,-1.023442842,-0.112008972,0.008621433,0.0089,0.0,-0.041362801,0.001862198,0.2691195812851474
2019-04-04,0.0,0.276846963,0.0,0.0,-0.545835357,0.0,-0.004310624,0.0089,0.0,0.0,0.0,0.001862198,0.0,0.0,-0.041362801,0.26911958128514746,0.26911958128514746,0.276846963,-0.545835357,-0.004310624,0.0089,0.0,-0.041362801,0.001862198,0.2691195812851474
2019-04-05,0.055035775,0.0,-0.05672667,1.565277127,0.0,0.004310624,0.0,0.0089,0.0,0.0,0.0,0.001862198,0.0,0.0,-0.041362801,0.26911958128514746,0.26911958128514746,-0.05672667,1.565277127,0.004310624,0.0089,0.0,-0.041362801,0.001862198,0.2691195812851474
2019-04-08,0.0,0.237833902,0.0,1.992691652,0.0,0.0,0.0,0.0089,0.0,0.0,0.0,0.001862198,0.0,0.0,-0.041362801,0.26911958128514746,0.26911958128514746,0.237833902,1.992691652,0.0,0.0089,0.0,-0.041362801,0.001862198,0.2691195812851474
2019-04-09,0.109980764,1.068808405,0.0,0.0,-0.498365772,0.0,-0.004310624,0.0089,0.0,0.0,0.0,0.001862198,0.0,0.0,-0.041362801,0.26911958128514746,0.26911958128514746,1.068808405,-0.498365772,-0.004310624,0.0089,0.0,-0.041362801,0.001862198,0.2691195812851474
2019-04-10,0.054945056,0.0,-1.521685246,0.885993205,0.0,0.008621061,0.0,0.0089,0.0,0.0,0.0,0.001862198,0.0,0.0,-0.041362801,0.26911958128514746,0.26911958128514746,-1.521685246,0.885993205,0.008621061,0.0089,0.0,-0.041362801,0.001862198,0.2691195812851474
2019-04-11,0.109799627,0.0,-0.033515298,0.0,-1.575326971,0.0,-0.017242866,0.0089,0.0,0.0,0.0,0.001862198,0.0,0.0,-0.041362801,0.26911958128514746,0.26911958128514746,-0.033515298,-1.575326971,-0.017242866,0.0089,0.0,-0.041362801,0.001862198,0.2691195812851474
2019-04-12,0.0,0.020313643,0.0,0.39224966,0.0,0.012932428,0.0,0.0089,0.0,0.0,0.0,0.001862198,0.0,0.0,-0.041362801,0.26911958128514746,0.26911958128514746,0.020313643,0.39224966,0.012932428,0.0089,0.0,-0.041362801,0.001862198,0.2691195812851474
2019-04-15,-0.302239549,0.0,0.0,0.0,-0.675625164,0.0,0.0,0.0089,0.0,0.0,0.0,0.001862198,0.0,0.0,-0.041362801,0.26911958128514746,0.26911958128514746,0.0,-0.675625164,0.0,0.0089,0.0,-0.041362801,0.001862198,0.2691195812851474
2019-04-16,-0.027521673,0.0,-1.410382719,0.910238551,0.0,0.0,0.0,0.0089,0.0,0.0,0.0,0.001862198,0.0,0.0,-0.041362801,0.26911958128514746,0.26911958128514746,-1.410382719,0.910238551,0.0,0.0089,0.0,-0.041362801,0.001862198,0.2691195812851474
2019-04-17,-0.35847274,0.646806222,0.0,0.0,-0.422701216,0.0,-0.004310624,0.0089,0.0,0.0,0.0,0.001862198,0.0,0.0,-0.041362801,0.26911958128514746,0.26911958128514746,0.646806222,-0.422701216,-0.004310624,0.0089,0.0,-0.041362801,0.001862198,0.2691195812851474
2019-04-18,0.0,0.0,-0.788016427,0.438322555,0.0,0.02155126,0.0,0.0089,0.0,0.0,0.0,0.001862198,0.0,0.0,-0.041362801,0.26911958128514746,0.26911958128514746,-0.788016427,0.438322555,0.02155126,0.0089,0.0,-0.041362801,0.001862198,0.2691195812851474
2019-04-19,0.055233362,0.0,-0.126950068,0.0,0.0,0.030163963,0.0,0.0089,0.0,0.0,0.0,0.001862198,0.0,0.0,-0.041362801,0.26911958128514746,0.26911958128514746,-0.126950068,0.0,0.030163963,0.0089,0.0,-0.041362801,0.001862198,0.2691195812851474
2019-04-22,0.027605245,0.0,-0.464792121,2.529437753,0.0,0.034461963,0.0,0.0089,0.0,0.0,0.0,0.001862198,0.0,0.0,-0.041362801,0.26911958128514746,0.26911958128514746,-0.464792121,2.529437753,0.034461963,0.0089,0.0,-0.041362801,0.001862198,0.2691195812851474
2019-04-23,-0.138102494,0.109923169,0.0,0.8794598,0.0,0.0,-0.034461963,0.0089,0.0,0.0,0.0,0.001862198,0.0,0.0,-0.041362801,0.26911958128514746,0.26911958128514746,0.109923169,0.8794598,-0.034461963,0.0089,0.0,-0.041362801,0.001862198,0.2691195812851474
2019-04-24,-0.138293481,0.498321011,0.0,0.0,-0.423601239,0.021540119,0.0,0.0089,0.0,0.0,0.0,0.001862198,0.0,0.0,-0.041362801,0.26911958128514746,0.26911958128514746,0.498321011,-0.423601239,0.021540119,0.0089,0.0,-0.041362801,0.001862198,0.2691195812851474
2019-04-25,0.082999036,0.686539182,0.0,0.0,-1.112901188,0.0,0.0,0.0089,0.0,0.0,0.0,0.001862198,0.0,0.0,-0.041362801,0.26911958128514746,0.26911958128514746,0.686539182,-1.112901188,0.0,0.0089,0.0,-0.041362801,0.001862198,0.2691195812851474
2019-04-26,0.138178825,0.0,-0.357069946,0.0,-3.019214702,0.301075496,0.0,0.0089,0.0,0.0,0.0,0.001862198,0.0,0.0,-0.041362801,0.26911958128514746,0.26911958128514746,-0.357069946,-3.019214702,0.301075496,0.0089,0.0,-0.041362801,0.001862198,0.2691195812851474
2019-04-29,0.248241749,0.0,0.0,0.157878151,0.0,0.0,0.0,0.0089,0.0,0.0,0.0,0.001862198,0.0,0.0,-0.041362801,0.26911958128514746,0.26911958128514746,0.0,0.157878151,0.0,0.0089,0.0,-0.041362801,0.001862198,0.2691195812851474
2019-04-30,0.0,0.0,0.0,0.691717897,0.0,0.0,0.0,0.0,-0.0024,0.0,0.0,0.0,-0.023292431,0.022585734,0.0,0.26911958128514746,0.26911958128514746,0.0,0.691717897,0.0,-0.0024,0.0,0.022585734,-0.023292431,0.2691195812851474
2019-05-01,0.0,0.0,0.0,0.0,-0.439630163,0.0,0.0,0.0,-0.0024,0.0,0.0,0.0,-0.023292431,0.022585734,0.0,0.26911958128514746,0.26911958128514746,0.0,-0.439630163,0.0,-0.0024,0.0,0.022585734,-0.023292431,0.2691195812851474
2019-05-02,-0.30349037,0.609736117,0.0,0.0,-2.873302213,0.0,-0.107422934,0.0,-0.0024,0.0,0.0,0.0,-0.023292431,0.022585734,0.0,0.26911958128514746,0.26911958128514746,0.609736117,-2.873302213,-0.107422934,-0.0024,0.0,0.022585734,-0.023292431,0.2691195812851474
2019-05-03,-0.221300229,0.0,-0.208633831,0.371777685,0.0,0.0,-0.047302673,0.0,-0.0024,0.0,0.0,0.0,-0.023292431,0.022585734,0.0,0.26911958128514746,0.26911958128514746,-0.208633831,0.371777685,-0.047302673,-0.0024,0.0,0.022585734,-0.023292431,0.2691195812851474
2019-05-06,0.248928354,0.0,-1.27761714,0.514967343,0.0,0.133250251,0.0,0.0,-0.0024,0.0,0.0,0.0,-0.023292431,0.022585734,0.0,0.26911958128514746,0.26911958128514746,-1.27761714,0.514967343,0.133250251,-0.0024,0.0,0.022585734,-0.023292431,0.2691195812851474
2019-05-07,-0.110558331,0.0,-0.31781008,0.0,-1.438873745,0.042946103,0.0,0.0,-0.0024,0.0,0.0,0.0,-0.023292431,0.022585734,0.0,0.26911958128514746,0.26911958128514746,-0.31781008,-1.438873745,0.042946103,-0.0024,0.0,0.022585734,-0.023292431,0.2691195812851474
2019-05-08,0.082930205,0.0,-1.172969538,1.165627573,0.0,0.321509226,0.0,0.0,-0.0024,0.0,0.0,0.0,-0.023292431,0.022585734,0.0,0.26911958128514746,0.26911958128514746,-1.172969538,1.165627573,0.321509226,-0.0024,0.0,0.022585734,-0.023292431,0.2691195812851474
2019-05-09,-0.027635761,0.036831444,0.0,0.0,-0.889182158,0.064177989,0.0,0.0,-0.0024,0.0,0.0,0.0,-0.023292431,0.022585734,0.0,0.26911958128514746,0.26911958128514746,0.036831444,-0.889182158,0.064177989,-0.0024,0.0,0.022585734,-0.023292431,0.2691195812851474
2019-05-10,0.0,0.0,-0.00841742,0.113608711,0.0,0.0,-0.149812762,0.0,-0.0024,0.0,0.0,0.0,-0.023292431,0.022585734,0.0,0.26911958128514746,0.26911958128514746,-0.00841742,0.113608711,-0.149812762,-0.0024,0.0,0.022585734,-0.023292431,0.2691195812851474
2019-05-13,0.138102494,0.182919188,0.0,0.0,-1.109128969,0.0,-0.085708169,0.0,-0.0024,0.0,0.0,0.0,-0.023292431,0.022585734,0.0,0.26911958128514746,0.26911958128514746,0.182919188,-1.109128969,-0.085708169,-0.0024,0.0,0.022585734,-0.023292431,0.2691195812851474
2019-05-14,0.468126974,0.589576805,0.0,1.384499678,0.0,0.214132844,0.0,0.0,-0.0024,0.0,0.0,0.0,-0.023292431,0.022585734,0.0,0.26911958128514746,0.26911958128514746,0.589576805,1.384499678,0.214132844,-0.0024,0.0,0.022585734,-0.023292431,0.2691195812851474
2019-05-15,0.0,1.060409066,0.0,0.339120228,0.0,0.0,-0.32137146,0.0,-0.0024,0.0,0.0,0.0,-0.023292431,0.022585734,0.0,0.26911958128514746,0.26911958128514746,1.060409066,0.339120228,-0.32137146,-0.0024,0.0,0.022585734,-0.023292431,0.2691195812851474
2019-05-16,-0.164971167,0.847680655,0.0,1.440485855,0.0,0.0,0.0,0.0,-0.0024,0.0,0.0,0.0,-0.023292431,0.022585734,0.0,0.26911958128514746,0.26911958128514746,0.847680655,1.440485855,0.0,-0.0024,0.0,0.022585734,-0.023292431,0.2691195812851474
2019-05-17,-0.275558179,0.169904444,0.0,0.0,-0.254574521,0.376970974,0.0,0.0,-0.0024,0.0,0.0,0.0,-0.023292431,0.022585734,0.0,0.26911958128514746,0.26911958128514746,0.169904444,-0.254574521,0.376970974,-0.0024,0.0,0.022585734,-0.023292431,0.2691195812851474
2019-05-20,0.055172415,0.41535546,0.0,0.556042421,0.0,0.051295205,0.0,0.0,-0.0024,0.0,0.0,0.0,-0.023292431,0.022585734,0.0,0.26911958128514746,0.26911958128514746,0.41535546,0.556042421,0.051295205,-0.0024,0.0,0.022585734,-0.023292431,0.2691195812851474
2019-05-21,-0.110375287,0.786171559,0.0,0.0,-0.158554021,0.0,-0.042744177,0.0,-0.0024,0.0,0.0,0.0,-0.023292431,0.022585734,0.0,0.26911958128514746,0.26911958128514746,0.786171559,-0.158554021,-0.042744177,-0.0024,0.0,0.022585734,-0.023292431,0.2691195812851474
2019-05-22,-0.24879073,0.0,-0.273191039,0.0,-2.571662132,0.0,-0.085543205,0.0,-0.0024,0.0,0.0,0.0,-0.023292431,0.022585734,0.0,0.26911958128514746,0.26911958128514746,-0.273191039,-2.571662132,-0.085543205,-0.0024,0.0,0.022585734,-0.023292431,0.2691195812851474
2019-05-23,0.027674,0.0,-0.504833548,0.0,-6.33452683,0.076992176,0.0,0.0,-0.0024,0.0,0.0,0.0,-0.023292431,0.022585734,0.0,0.26911958128514746,0.26911958128514746,-0.504833548,-6.33452683,0.076992176,-0.0024,0.0,0.022585734,-0.023292431,0.2691195812851474
2019-05-24,0.303909614,0.0,-0.56882452,1.292564312,0.0,0.0,-0.034211427,0.0,-0.0024,0.0,0.0,0.0,-0.023292431,0.022585734,0.0,0.26911958128514746,0.26911958128514746,-0.56882452,1.292564312,-0.034211427,-0.0024,0.0,0.022585734,-0.023292431,0.2691195812851474
2019-05-27,0.082724395,0.0,-0.585469739,0.0,0.0,0.025659667,0.0,0.0,-0.0024,0.0,0.0,0.0,-0.023292431,0.022585734,0.0,0.26911958128514746,0.26911958128514746,-0.585469739,0.0,0.025659667,-0.0024,0.0,0.022585734,-0.023292431,0.2691195812851474
2019-05-28,-0.082724395,0.645875689,0.0,0.86949657,0.0,0.025653085,0.0,0.0,-0.0024,0.0,0.0,0.0,-0.023292431,0.022585734,0.0,0.26911958128514746,0.26911958128514746,0.645875689,0.86949657,0.025653085,-0.0024,0.0,0.022585734,-0.023292431,0.2691195812851474
2019-05-29,-0.193290133,0.0,-0.43800108,0.0,-0.11889598,0.059831619,0.0,0.0,-0.0024,0.0,0.0,0.0,-0.023292431,0.022585734,0.0,0.26911958128514746,0.26911958128514746,-0.43800108,-0.11889598,0.059831619,-0.0024,0.0,0.022585734,-0.023292431,0.2691195812851474
2019-05-30,-0.082953136,0.0,-0.175944978,0.0,-4.111237205,0.038444288,0.0,0.0,-0.0024,0.0,0.0,0.0,-0.023292431,0.022585734,0.0,0.26911958128514746,0.26911958128514746,-0.175944978,-4.111237205,0.038444288,-0.0024,0.0,0.022585734,-0.023292431,0.2691195812851474
2019-05-31,0.414079267,0.0,-0.226818251,0.0,-5.421480314,0.0,-0.021356113,0.0035,0.0,0.0,0.0,0.0,-0.009326864,0.0,-0.003573338,0.26911958128514746,0.26911958128514746,-0.226818251,-5.421480314,-0.021356113,0.0035,0.0,-0.003573338,-0.009326864,0.2691195812851474
2019-06-03,0.823049914,0.0,-1.587615664,0.0,-0.449691595,0.0,-0.072644919,0.0035,0.0,0.0,0.0,0.0,-0.009326864,0.0,-0.003573338,0.26911958128514746,0.26911958128514746,-1.587615664,-0.449691595,-0.072644919,0.0035,0.0,-0.003573338,-0.009326864,0.2691195812851474
2019-06-04,0.816331064,0.0,-0.838252592,0.468384931,0.0,0.008549201,0.0,0.0035,0.0,0.0,0.0,0.0,-0.009326864,0.0,-0.003573338,0.26911958128514746,0.26911958128514746,-0.838252592,0.468384931,0.008549201,0.0035,0.0,-0.003573338,-0.009326864,0.2691195812851474
2019-06-05,-0.217037524,1.139817185,0.0,0.0,-3.674154584,0.072638711,0.0,0.0035,0.0,0.0,0.0,0.0,-0.009326864,0.0,-0.003573338,0.26911958128514746,0.26911958128514746,1.139817185,-3.674154584,0.072638711,0.0035,0.0,-0.003573338,-0.009326864,0.2691195812851474
2019-06-06,-0.054333063,0.0,-0.52938741,1.958587954,0.0,0.0,-0.042722263,0.0035,0.0,0.0,0.0,0.0,-0.009326864,0.0,-0.003573338,0.26911958128514746,0.26911958128514746,-0.52938741,1.958587954,-0.042722263,0.0035,0.0,-0.003573338,-0.009326864,0.2691195812851474
2019-06-07,0.406780222,0.024171724,0.0,2.55317041,0.0,0.0,-0.029916448,0.0035,0.0,0.0,0.0,0.0,-0.009326864,0.0,-0.003573338,0.26911958128514746,0.26911958128514746,0.024171724,2.55317041,-0.029916448,0.0035,0.0,-0.003573338,-0.009326864,0.2691195812851474
2019-06-10,0.135226525,1.267624078,0.0,0.0,-1.155866709,0.0,-0.149716636,0.0035,0.0,0.0,0.0,0.0,-0.009326864,0.0,-0.003573338,0.26911958128514746,0.26911958128514746,1.267624078,-1.155866709,-0.149716636,0.0035,0.0,-0.003573338,-0.009326864,0.2691195812851474
2019-06-11,0.189010452,0.0,-0.140171655,0.0,-0.056269344,0.0,-0.098507407,0.0035,0.0,0.0,0.0,0.0,-0.009326864,0.0,-0.003573338,0.26911958128514746,0.26911958128514746,-0.140171655,-0.056269344,-0.098507407,0.0035,0.0,-0.003573338,-0.009326864,0.2691195812851474
2019-06-12,-0.37837883,0.0,-0.190324701,0.0,-4.156492208,0.0,-0.094315363,0.0035,0.0,0.0,0.0,0.0,-0.009326864,0.0,-0.003573338,0.26911958128514746,0.26911958128514746,-0.190324701,-4.156492208,-0.094315363,0.0035,0.0,-0.003573338,-0.009326864,0.2691195812851474
2019-06-13,0.540103932,0.0,-0.977066763,2.415342999,0.0,0.0,-0.021447721,0.0035,0.0,0.0,0.0,0.0,-0.009326864,0.0,-0.003573338,0.26911958128514746,0.26911958128514746,-0.977066763,2.415342999,-0.021447721,0.0035,0.0,-0.003573338,-0.009326864,0.2691195812851474
2019-06-14,0.188349309,0.0,-0.274750029,0.171673862,0.0,0.085763299,0.0,0.0035,0.0,0.0,0.0,0.0,-0.009326864,0.0,-0.003573338,0.26911958128514746,0.26911958128514746,-0.274750029,0.171673862,0.085763299,0.0035,0.0,-0.003573338,-0.009326864,0.2691195812851474
2019-06-17,0.40241503,0.55923031,0.0,0.0,-1.015237146,0.064274239,0.0,0.0035,0.0,0.0,0.0,0.0,-0.009326864,0.0,-0.003573338,0.26911958128514746,0.26911958128514746,0.55923031,-1.015237146,0.064274239,0.0035,0.0,-0.003573338,-0.009326864,0.2691195812851474
2019-06-18,-0.133958493,0.0,-0.867510836,3.629888115,0.0,0.0,-0.042844902,0.0035,0.0,0.0,0.0,0.0,-0.009326864,0.0,-0.003573338,0.26911958128514746,0.26911958128514746,-0.867510836,3.629888115,-0.042844902,0.0035,0.0,-0.003573338,-0.009326864,0.2691195812851474
2019-06-19,0.534760633,0.336737974,0.0,0.0,-0.22304842,0.0,-0.085744914,0.0035,0.0,0.0,0.0,0.0,-0.009326864,0.0,-0.003573338,0.26911958128514746,0.26911958128514746,0.336737974,-0.22304842,-0.085744914,0.0035,0.0,-0.003573338,-0.009326864,0.2691195812851474
2019-06-20,1.324522675,0.058997052,0.0,5.678618231,0.0,0.0,-0.085818499,0.0035,0.0,0.0,0.0,0.0,-0.009326864,0.0,-0.003573338,0.26911958128514746,0.26911958128514746,0.058997052,5.678618231,-0.085818499,0.0035,0.0,-0.003573338,-0.009326864,0.2691195812851474
2019-06-21,1.954459607,1.381698297,0.0,0.822905808,0.0,0.0,-0.064412241,0.0035,0.0,0.0,0.0,0.0,-0.009326864,0.0,-0.003573338,0.26911958128514746,0.26911958128514746,1.381698297,0.822905808,-0.064412241,0.0035,0.0,-0.003573338,-0.009326864,0.2691195812851474
2019-06-24,-0.258398077,0.0,-1.381698297,0.66041255,0.0,0.025769875,0.0,0.0035,0.0,0.0,0.0,0.0,-0.009326864,0.0,-0.003573338,0.26911958128514746,0.26911958128514746,-1.381698297,0.66041255,0.025769875,0.0035,0.0,-0.003573338,-0.009326864,0.2691195812851474
2019-06-25,0.90148711,0.0,0.0,0.0,-0.173370362,0.04293504,0.0,0.0035,0.0,0.0,0.0,0.0,-0.009326864,0.0,-0.003573338,0.26911958128514746,0.26911958128514746,0.0,-0.173370362,0.04293504,0.0035,0.0,-0.003573338,-0.009326864,0.2691195812851474
2019-06-26,-0.385356932,0.0,0.0,2.637139124,0.0,0.017168856,0.0,0.0035,0.0,0.0,0.0,0.0,-0.009326864,0.0,-0.003573338,0.26911958128514746,0.26911958128514746,0.0,2.637139124,0.017168856,0.0035,0.0,-0.003573338,-0.009326864,0.2691195812851474
2019-06-27,-0.128783018,0.0,0.0,0.016899028,0.0,0.042909248,0.0,0.0035,0.0,0.0,0.0,0.0,-0.009326864,0.0,-0.003573338,0.26911958128514746,0.26911958128514746,0.0,0.016899028,0.042909248,0.0035,0.0,-0.003573338,-0.009326864,0.2691195812851474
2019-06-28,0.0,0.0,-0.522701704,0.0,-1.669829223,0.0,-0.042909248,0.0035,0.0,0.0,0.0,0.0,-0.009326864,0.0,-0.003573338,0.26911958128514746,0.26911958128514746,-0.522701704,-1.669829223,-0.042909248,0.0035,0.0,-0.003573338,-0.009326864,0.2691195812851474
2019-07-01,-1.427668636,1.51202019,0.0,1.21255008,0.0,0.0,-0.214822854,0.0055,0.0,0.0,0.0,0.010754077,0.0,0.009453808,0.0,-0.07567712204417365,-0.07567712204417365,1.51202019,1.21255008,-0.214822854,0.0055,0.0,0.009453808,0.010754077,-0.0756771220441736
2019-07-02,0.0,0.608207979,0.0,0.0,-5.06591648,0.0,-0.086058525,0.0055,0.0,0.0,0.0,0.010754077,0.0,0.009453808,0.0,-0.07567712204417365,-0.07567712204417365,0.608207979,-5.06591648,-0.086058525,0.0055,0.0,0.009453808,0.010754077,-0.0756771220441736
2019-07-03,2.069931601,0.0,-0.449821817,1.875165505,0.0,0.064550836,0.0,0.0055,0.0,0.0,0.0,0.010754077,0.0,0.009453808,0.0,-0.07567712204417365,-0.07567712204417365,-0.449821817,1.875165505,0.064550836,0.0055,0.0,0.009453808,0.010754077,-0.0756771220441736
2019-07-04,-0.900327625,0.139422149,0.0,0.0,0.0,0.0,-0.021512316,0.0055,0.0,0.0,0.0,0.010754077,0.0,0.009453808,0.0,-0.07567712204417365,-0.07567712204417365,0.139422149,0.0,-0.021512316,0.0055,0.0,0.009453808,0.010754077,-0.0756771220441736
2019-07-05,0.386847678,1.163945703,0.0,0.0,0.0,0.0,-0.021516945,0.0055,0.0,0.0,0.0,0.010754077,0.0,0.009453808,0.0,-0.07567712204417365,-0.07567712204417365,1.163945703,0.0,-0.021516945,0.0055,0.0,0.009453808,0.010754077,-0.0756771220441736
2019-07-08,-0.77519768,0.0,-0.021584176,0.506949779,0.0,0.043029261,0.0,0.0055,0.0,0.0,0.0,0.010754077,0.0,0.009453808,0.0,-0.07567712204417365,-0.07567712204417365,-0.021584176,0.506949779,0.043029261,0.0055,0.0,0.009453808,0.010754077,-0.0756771220441736
2019-07-09,0.0,0.0,-0.783257447,0.382875511,0.0,0.0,-0.107607887,0.0055,0.0,0.0,0.0,0.010754077,0.0,0.009453808,0.0,-0.07567712204417365,-0.07567712204417365,-0.783257447,0.382875511,-0.107607887,0.0055,0.0,0.009453808,0.010754077,-0.0756771220441736
2019-07-10,0.129617646,0.614534863,0.0,4.599877507,0.0,0.0,-0.043075598,0.0055,0.0,0.0,0.0,0.010754077,0.0,0.009453808,0.0,-0.07567712204417365,-0.07567712204417365,0.614534863,4.599877507,-0.043075598,0.0055,0.0,0.009453808,0.010754077,-0.0756771220441736
2019-07-11,0.129449856,0.591334995,0.0,0.0,-0.582315929,0.0,-0.043094161,0.0055,0.0,0.0,0.0,0.010754077,0.0,0.009453808,0.0,-0.07567712204417365,-0.07567712204417365,0.591334995,-0.582315929,-0.043094161,0.0055,0.0,0.009453808,0.010754077,-0.0756771220441736
2019-07-12,0.38734716,0.32293366,0.0,0.100066719,0.0,0.0,0.0,0.0055,0.0,0.0,0.0,0.010754077,0.0,0.009453808,0.0,-0.07567712204417365,-0.07567712204417365,0.32293366,0.100066719,0.0,0.0055,0.0,0.009453808,0.010754077,-0.0756771220441736
2019-07-15,0.51413995,0.0,-0.46428947,0.0,-1.156857566,0.0,-0.004310438,0.0055,0.0,0.0,0.0,0.010754077,0.0,0.009453808,0.0,-0.07567712204417365,-0.07567712204417365,-0.46428947,-1.156857566,-0.004310438,0.0055,0.0,0.009453808,0.010754077,-0.0756771220441736
2019-07-16,0.0,0.0,-0.053316383,0.0,-3.186838126,0.004310438,0.0,0.0055,0.0,0.0,0.0,0.010754077,0.0,0.009453808,0.0,-0.07567712204417365,-0.07567712204417365,-0.053316383,-3.186838126,0.004310438,0.0055,0.0,0.009453808,0.010754077,-0.0756771220441736
2019-07-17,0.128123016,0.658307344,0.0,0.0,-1.650028659,0.0,0.0,0.0055,0.0,0.0,0.0,0.010754077,0.0,0.009453808,0.0,-0.07567712204417365,-0.07567712204417365,0.658307344,-1.650028659,0.0,0.0055,0.0,0.009453808,0.010754077,-0.0756771220441736
2019-07-18,0.510856794,0.0,-0.237676393,0.0,-2.545396429,0.060326627,0.0,0.0055,0.0,0.0,0.0,0.010754077,0.0,0.009453808,0.0,-0.07567712204417365,-0.07567712204417365,-0.237676393,-2.545396429,0.060326627,0.0055,0.0,0.009453808,0.010754077,-0.0756771220441736
2019-07-19,1.013950385,0.0,-0.106269936,0.615386557,0.0,0.129148927,0.0,0.0055,0.0,0.0,0.0,0.010754077,0.0,0.009453808,0.0,-0.07567712204417365,-0.07567712204417365,-0.106269936,0.615386557,0.129148927,0.0055,0.0,0.009453808,0.010754077,-0.0756771220441736
2019-07-22,-0.632513178,0.311337522,0.0,0.808702404,0.0,0.0,-0.142072998,0.0055,0.0,0.0,0.0,0.010754077,0.0,0.009453808,0.0,-0.07567712204417365,-0.07567712204417365,0.311337522,0.808702404,-0.142072998,0.0055,0.0,0.009453808,0.010754077,-0.0756771220441736
2019-07-23,-0.126984144,0.021400729,0.0,1.26280024,0.0,0.0,-0.008616975,0.0055,0.0,0.0,0.0,0.010754077,0.0,0.009453808,0.0,-0.07567712204417365,-0.07567712204417365,0.021400729,1.26280024,-0.008616975,0.0055,0.0,0.009453808,0.010754077,-0.0756771220441736
2019-07-24,0.126984144,1.178099009,0.0,0.0,-1.209118571,0.0,-0.017236179,0.0055,0.0,0.0,0.0,0.010754077,0.0,0.009453808,0.0,-0.07567712204417365,-0.07567712204417365,1.178099009,-1.209118571,-0.017236179,0.0055,0.0,0.009453808,0.010754077,-0.0756771220441736
2019-07-25,0.228165899,0.0,-0.622268229,0.0,-0.035784577,0.017236179,0.0,0.0055,0.0,0.0,0.0,0.010754077,0.0,0.009453808,0.0,-0.07567712204417365,-0.07567712204417365,-0.622268229,-0.035784577,0.017236179,0.0055,0.0,0.009453808,0.010754077,-0.0756771220441736
2019-07-26,-0.177417357,0.802365973,0.0,0.285918708,0.0,0.0,-0.017236179,0.0055,0.0,0.0,0.0,0.010754077,0.0,0.009453808,0.0,-0.07567712204417365,-0.07567712204417365,0.802365973,0.285918708,-0.017236179,0.0055,0.0,0.009453808,0.010754077,-0.0756771220441736
2019-07-29,0.126758795,0.0,-0.057314371,1.435049873,0.0,0.0,0.0,0.0055,0.0,0.0,0.0,0.010754077,0.0,0.009453808,0.0,-0.07567712204417365,-0.07567712204417365,-0.057314371,1.435049873,0.0,0.0055,0.0,0.009453808,0.010754077,-0.0756771220441736
2019-07-30,-0.177507337,0.7245646,0.0,2.071620782,0.0,0.0,-0.021549402,0.0055,0.0,0.0,0.0,0.010754077,0.0,0.009453808,0.0,-0.07567712204417365,-0.07567712204417365,0.7245646,2.071620782,-0.021549402,0.0055,0.0,0.009453808,0.010754077,-0.0756771220441736
2019-07-31,0.506330196,0.0,-1.555785962,0.840701529,0.0,0.129226811,0.0,0.0,-0.001,0.0,0.0,0.088654112,0.0,0.0,-0.000342006,-0.07567712204417365,-0.07567712204417365,-1.555785962,0.840701529,0.129226811,-0.001,0.0,-0.000342006,0.088654112,-0.0756771220441736
2019-08-01,-0.836824967,0.732604009,0.0,0.0,-6.814898374,0.0,-0.129226811,0.0,-0.001,0.0,0.0,0.088654112,0.0,0.0,-0.000342006,-0.07567712204417365,-0.07567712204417365,0.732604009,-6.814898374,-0.129226811,-0.001,0.0,-0.000342006,0.088654112,-0.0756771220441736
2019-08-02,1.013436594,0.0,-0.575526629,3.714634378,0.0,0.06463428,0.0,0.0,-0.001,0.0,0.0,0.088654112,0.0,0.0,-0.000342006,-0.07567712204417365,-0.07567712204417365,-0.575526629,3.714634378,0.06463428,-0.001,0.0,-0.000342006,0.088654112,-0.0756771220441736
2019-08-05,0.251762469,0.106267247,0.0,0.0,-1.885821979,0.228040458,0.0,0.0,-0.001,0.0,0.0,0.088654112,0.0,0.0,-0.000342006,-0.07567712204417365,-0.07567712204417365,0.106267247,-1.885821979,0.228040458,-0.001,0.0,-0.000342006,0.088654112,-0.0756771220441736
2019-08-06,1.818911489,0.0,-2.90544787,0.0,-1.903411433,0.0,-0.077389402,0.0,-0.001,0.0,0.0,0.088654112,0.0,0.0,-0.000342006,-0.07567712204417365,-0.07567712204417365,-2.90544787,-1.903411433,-0.077389402,-0.001,0.0,-0.000342006,0.088654112,-0.0756771220441736
2019-08-07,0.73801073,0.714929866,0.0,0.0,-4.698209821,0.0,-0.150651056,0.0,-0.001,0.0,0.0,0.088654112,0.0,0.0,-0.000342006,-0.07567712204417365,-0.07567712204417365,0.714929866,-4.698209821,-0.150651056,-0.001,0.0,-0.000342006,0.088654112,-0.0756771220441736
2019-08-08,2.181904739,0.0,-0.129325302,2.814914988,0.0,0.02153548,0.0,0.0,-0.001,0.0,0.0,0.088654112,0.0,0.0,-0.000342006,-0.07567712204417365,-0.07567712204417365,-0.129325302,2.814914988,0.02153548,-0.001,0.0,-0.000342006,0.088654112,-0.0756771220441736
2019-08-09,0.597730411,1.079121235,0.0,3.383184075,0.0,0.0,-0.068929867,0.0,-0.001,0.0,0.0,0.088654112,0.0,0.0,-0.000342006,-0.07567712204417365,-0.07567712204417365,1.079121235,3.383184075,-0.068929867,-0.001,0.0,-0.000342006,0.088654112,-0.0756771220441736
2019-08-12,-1.561593295,0.0,-0.105544151,1.042152224,0.0,0.0,-0.030171764,0.0,-0.001,0.0,0.0,0.088654112,0.0,0.0,-0.000342006,-0.07567712204417365,-0.07567712204417365,-0.105544151,1.042152224,-0.030171764,-0.001,0.0,-0.000342006,0.088654112,-0.0756771220441736
2019-08-13,1.083695133,0.0,-0.275142878,3.695859357,0.0,0.034481273,0.0,0.0,-0.001,0.0,0.0,0.088654112,0.0,0.0,-0.000342006,-0.07567712204417365,-0.07567712204417365,-0.275142878,3.695859357,0.034481273,-0.001,0.0,-0.000342006,0.088654112,-0.0756771220441736
2019-08-14,-1.204833852,0.326391816,0.0,0.0,-3.369002338,0.0,-0.021549402,0.0,-0.001,0.0,0.0,0.088654112,0.0,0.0,-0.000342006,-0.07567712204417365,-0.07567712204417365,0.326391816,-3.369002338,-0.021549402,-0.001,0.0,-0.000342006,0.088654112,-0.0756771220441736
2019-08-15,1.204833852,0.0,-1.843965936,0.0,-1.185388185,0.034476815,0.0,0.0,-0.001,0.0,0.0,0.088654112,0.0,0.0,-0.000342006,-0.07567712204417365,-0.07567712204417365,-1.843965936,-1.185388185,0.034476815,-0.001,0.0,-0.000342006,0.088654112,-0.0756771220441736
2019-08-16,0.0,1.741441782,0.0,0.585331834,0.0,0.012925742,0.0,0.0,-0.001,0.0,0.0,0.088654112,0.0,0.0,-0.000342006,-0.07567712204417365,-0.07567712204417365,1.741441782,0.585331834,0.012925742,-0.001,0.0,-0.000342006,0.088654112,-0.0756771220441736
2019-08-19,-0.721156972,0.935216013,0.0,2.539075809,0.0,0.0,-0.025853154,0.0,-0.001,0.0,0.0,0.088654112,0.0,0.0,-0.000342006,-0.07567712204417365,-0.07567712204417365,0.935216013,2.539075809,-0.025853154,-0.001,0.0,-0.000342006,0.088654112,-0.0756771220441736
2019-08-20,-0.362538161,0.0,-0.010162705,0.0,-0.106742583,0.0,-0.008619204,0.0,-0.001,0.0,0.0,0.088654112,0.0,0.0,-0.000342006,-0.07567712204417365,-0.07567712204417365,-0.010162705,-0.106742583,-0.008619204,-0.001,0.0,-0.000342006,0.088654112,-0.0756771220441736
2019-08-21,0.483092727,0.042676422,0.0,0.0,-0.947874395,0.0,-0.012930198,0.0,-0.001,0.0,0.0,0.088654112,0.0,0.0,-0.000342006,-0.07567712204417365,-0.07567712204417365,0.042676422,-0.947874395,-0.012930198,-0.001,0.0,-0.000342006,0.088654112,-0.0756771220441736
2019-08-22,-0.241254641,1.216713567,0.0,0.0,-0.576682081,0.0,0.0,0.0,-0.001,0.0,0.0,0.088654112,0.0,0.0,-0.000342006,-0.07567712204417365,-0.07567712204417365,1.216713567,-0.576682081,0.0,-0.001,0.0,-0.000342006,0.088654112,-0.0756771220441736
2019-08-23,0.120700075,0.180485555,0.0,0.0,-2.285082518,0.0,-0.008621061,0.0,-0.001,0.0,0.0,0.088654112,0.0,0.0,-0.000342006,-0.07567712204417365,-0.07567712204417365,0.180485555,-2.285082518,-0.008621061,-0.001,0.0,-0.000342006,0.088654112,-0.0756771220441736
2019-08-26,2.573241397,0.0,-1.454105066,0.0,-1.003539364,0.0,0.0,0.0,-0.001,0.0,0.0,0.088654112,0.0,0.0,-0.000342006,-0.07567712204417365,-0.07567712204417365,-1.454105066,-1.003539364,0.0,-0.001,0.0,-0.000342006,0.088654112,-0.0756771220441736
2019-08-27,-0.470589104,0.256835985,0.0,2.672231243,0.0,0.0,-0.004310809,0.0,-0.001,0.0,0.0,0.088654112,0.0,0.0,-0.000342006,-0.07567712204417365,-0.07567712204417365,0.256835985,2.672231243,-0.004310809,-0.001,0.0,-0.000342006,0.088654112,-0.0756771220441736
2019-08-28,0.117855052,0.0,-0.940198326,1.390541593,0.0,0.038790596,0.0,0.0,-0.001,0.0,0.0,0.088654112,0.0,0.0,-0.000342006,-0.07567712204417365,-0.07567712204417365,-0.940198326,1.390541593,0.038790596,-0.001,0.0,-0.000342006,0.088654112,-0.0756771220441736
2019-08-29,-0.117855052,0.109447811,0.0,1.618820373,0.0,0.0,-0.047412772,0.0,-0.001,0.0,0.0,0.088654112,0.0,0.0,-0.000342006,-0.07567712204417365,-0.07567712204417365,0.109447811,1.618820373,-0.047412772,-0.001,0.0,-0.000342006,0.088654112,-0.0756771220441736
2019-08-30,-0.236127619,0.212416211,0.0,0.0,-2.863986691,0.0,-0.043122036,0.0,-0.001,0.0,0.0,0.088654112,0.0,0.0,-0.000342006,-0.07567712204417365,-0.07567712204417365,0.212416211,-2.863986691,-0.043122036,-0.001,0.0,-0.000342006,0.088654112,-0.0756771220441736
2019-09-02,-0.118273225,0.0,0.0,0.0,0.0,0.0,0.0,0.002,0.0,0.0,0.0,0.012323148,0.0,0.0,-0.016956998,-0.07567712204417365,-0.07567712204417365,0.0,0.0,0.0,0.002,0.0,-0.016956998,0.012323148,-0.0756771220441736
2019-09-03,0.047326078,0.46207793,0.0,0.0,-2.128911381,0.056055022,0.0,0.002,0.0,0.0,0.0,0.012323148,0.0,0.0,-0.016956998,-0.07567712204417365,-0.07567712204417365,0.46207793,-2.128911381,0.056055022,0.002,0.0,-0.016956998,0.012323148,-0.0756771220441736
2019-09-04,0.894965936,0.0,-0.694942575,4.195657601,0.0,0.004310624,0.0,0.002,0.0,0.0,0.0,0.012323148,0.0,0.0,-0.016956998,-0.07567712204417365,-0.07567712204417365,-0.694942575,4.195657601,0.004310624,0.002,0.0,-0.016956998,0.012323148,-0.0756771220441736
2019-09-05,-0.117302066,0.190009251,0.0,0.195468743,0.0,0.0,-0.004310624,0.002,0.0,0.0,0.0,0.012323148,0.0,0.0,-0.016956998,-0.07567712204417365,-0.07567712204417365,0.190009251,0.195468743,-0.004310624,0.002,0.0,-0.016956998,0.012323148,-0.0756771220441736
2019-09-06,-1.180651259,0.0,-0.204325643,0.212803769,0.0,0.0,0.0,0.002,0.0,0.0,0.0,0.012323148,0.0,0.0,-0.016956998,-0.07567712204417365,-0.07567712204417365,-0.204325643,0.212803769,0.0,0.002,0.0,-0.016956998,0.012323148,-0.0756771220441736
2019-09-09,0.0,0.0,-0.33805273,2.501661117,0.0,0.004310624,0.0,0.002,0.0,0.0,0.0,0.012323148,0.0,0.0,-0.016956998,-0.07567712204417365,-0.07567712204417365,-0.33805273,2.501661117,0.004310624,0.002,0.0,-0.016956998,0.012323148,-0.0756771220441736
2019-09-10,-1.435431345,0.009234795,0.0,0.0,-0.885038315,0.0,0.0,0.002,0.0,0.0,0.0,0.012323148,0.0,0.0,-0.016956998,-0.07567712204417365,-0.07567712204417365,0.009234795,-0.885038315,0.0,0.002,0.0,-0.016956998,0.012323148,-0.0756771220441736
2019-09-11,-0.362100577,0.0,-0.517434971,0.0,-3.025976252,0.0,0.0,0.002,0.0,0.0,0.0,0.012323148,0.0,0.0,-0.016956998,-0.07567712204417365,-0.07567712204417365,-0.517434971,-3.025976252,0.0,0.002,0.0,-0.016956998,0.012323148,-0.0756771220441736
2019-09-12,0.120845936,0.288365682,0.0,0.0,-0.95677235,0.02585984,0.0,0.002,0.0,0.0,0.0,0.012323148,0.0,0.0,-0.016956998,-0.07567712204417365,-0.07567712204417365,0.288365682,-0.95677235,0.02585984,0.002,0.0,-0.016956998,0.012323148,-0.0756771220441736
2019-09-13,0.0,0.37773466,0.0,0.0,-0.673403218,0.0,0.0,0.002,0.0,0.0,0.0,0.012323148,0.0,0.0,-0.016956998,-0.07567712204417365,-0.07567712204417365,0.37773466,-0.673403218,0.0,0.002,0.0,-0.016956998,0.012323148,-0.0756771220441736
2019-09-16,0.96154587,1.120665375,0.0,6.428831324,0.0,0.056006722,0.0,0.002,0.0,0.0,0.0,0.012323148,0.0,0.0,-0.016956998,-0.07567712204417365,-0.07567712204417365,1.120665375,6.428831324,0.056006722,0.002,0.0,-0.016956998,0.012323148,-0.0756771220441736
2019-09-17,-0.720291229,0.302458845,0.0,0.0,-6.27862274,0.030144478,0.0,0.002,0.0,0.0,0.0,0.012323148,0.0,0.0,-0.016956998,-0.07567712204417365,-0.07567712204417365,0.302458845,-6.27862274,0.030144478,0.002,0.0,-0.016956998,0.012323148,-0.0756771220441736
2019-09-18,0.240674003,0.573067471,0.0,0.0,-1.822102348,0.0,-0.068915022,0.002,0.0,0.0,0.0,0.012323148,0.0,0.0,-0.016956998,-0.07567712204417365,-0.07567712204417365,0.573067471,-1.822102348,-0.068915022,0.002,0.0,-0.016956998,0.012323148,-0.0756771220441736
2019-09-19,-0.120264597,0.0,-0.026114381,0.0,0.0,0.008616975,0.0,0.002,0.0,0.0,0.0,0.012323148,0.0,0.0,-0.016956998,-0.07567712204417365,-0.07567712204417365,-0.026114381,0.0,0.008616975,0.002,0.0,-0.016956998,0.012323148,-0.0756771220441736
2019-09-20,0.240384731,0.211731612,0.0,0.0,-0.465077059,0.0,-0.034472358,0.002,0.0,0.0,0.0,0.012323148,0.0,0.0,-0.016956998,-0.07567712204417365,-0.07567712204417365,0.211731612,-0.465077059,-0.034472358,0.002,0.0,-0.016956998,0.012323148,-0.0756771220441736
2019-09-23,0.598445832,0.0,-0.588133497,1.320660649,0.0,0.0,-0.00430988,0.002,0.0,0.0,0.0,0.012323148,0.0,0.0,-0.016956998,-0.07567712204417365,-0.07567712204417365,-0.588133497,1.320660649,-0.00430988,0.002,0.0,-0.016956998,0.012323148,-0.0756771220441736
2019-09-24,0.190748746,0.0,-0.548007519,0.0,-2.536586695,0.0,-0.008620318,0.002,0.0,0.0,0.0,0.012323148,0.0,0.0,-0.016956998,-0.07567712204417365,-0.07567712204417365,-0.548007519,-2.536586695,-0.008620318,0.002,0.0,-0.016956998,0.012323148,-0.0756771220441736
2019-09-25,0.641103941,0.0,-0.037519838,0.0,-1.478900194,0.0,0.0,0.002,0.0,0.0,0.0,0.012323148,0.0,0.0,-0.016956998,-0.07567712204417365,-0.07567712204417365,-0.037519838,-1.478900194,0.0,0.002,0.0,-0.016956998,0.012323148,-0.0756771220441736
2019-09-26,-0.593473552,0.277516307,0.0,0.0,-0.248623818,0.0,0.0,0.002,0.0,0.0,0.0,0.012323148,0.0,0.0,-0.016956998,-0.07567712204417365,-0.07567712204417365,0.277516307,-0.248623818,0.0,0.002,0.0,-0.016956998,0.012323148,-0.0756771220441736
2019-09-27,-0.238379136,0.359422081,0.0,0.0,-0.516981274,0.0,0.0,0.002,0.0,0.0,0.0,0.012323148,0.0,0.0,-0.016956998,-0.07567712204417365,-0.07567712204417365,0.359422081,-0.516981274,0.0,0.002,0.0,-0.016956998,0.012323148,-0.0756771220441736
2019-09-30,-0.598445832,0.769010606,0.0,0.0,-3.380910887,0.0,0.0,0.0031,0.0,0.0,0.0,0.063880268,0.0,0.009640405,0.0,-0.07567712204417365,-0.07567712204417365,0.769010606,-3.380910887,0.0,0.0031,0.0,0.009640405,0.063880268,-0.0756771220441736
2019-10-01,-0.965025583,0.0,-0.205226848,0.0,-0.910025781,0.004310252,0.0,0.0031,0.0,0.0,0.0,0.063880268,0.0,0.009640405,0.0,-0.0006664445431603383,-0.0006664445431603383,-0.205226848,-0.910025781,0.004310252,0.0031,0.0,0.009640405,0.063880268,-0.0006664445431603
2019-10-02,-0.242718566,0.131193529,0.0,0.0,-1.750303458,0.0,-0.004310252,0.0031,0.0,0.0,0.0,0.063880268,0.0,0.009640405,0.0,-0.0006664445431603383,-0.0006664445431603383,0.131193529,-1.750303458,-0.004310252,0.0031,0.0,0.009640405,0.063880268,-0.0006664445431603
2019-10-03,0.967359418,0.0,-1.363362059,0.0,-0.494862068,0.0,0.0,0.0031,0.0,0.0,0.0,0.063880268,0.0,0.009640405,0.0,-0.0006664445431603383,-0.0006664445431603383,-1.363362059,-0.494862068,0.0,0.0031,0.0,0.009640405,0.063880268,-0.0006664445431603
2019-10-04,0.480193,0.812396478,0.0,0.817106684,0.0,0.0,0.0,0.0031,0.0,0.0,0.0,0.063880268,0.0,0.009640405,0.0,-0.0006664445431603383,-0.0006664445431603383,0.812396478,0.817106684,0.0,0.0031,0.0,0.009640405,0.063880268,-0.0006664445431603
2019-10-07,0.0,0.0,-0.427605359,0.0,-0.151515181,0.0,0.0,0.0031,0.0,0.0,0.0,0.063880268,0.0,0.009640405,0.0,-0.0006664445431603383,-0.0006664445431603383,-0.427605359,-0.151515181,0.0,0.0031,0.0,0.009640405,0.063880268,-0.0006664445431603
2019-10-08,-0.480193,0.0,-0.590958959,0.0,-0.227704083,0.0,0.0,0.0031,0.0,0.0,0.0,0.063880268,0.0,0.009640405,0.0,-0.0006664445431603383,-0.0006664445431603383,-0.590958959,-0.227704083,0.0,0.0031,0.0,0.009640405,0.063880268,-0.0006664445431603
2019-10-09,0.36036075,0.426085131,0.0,0.0,-0.018998765,0.107700603,0.0,0.0031,0.0,0.0,0.0,0.063880268,0.0,0.009640405,0.0,-0.0006664445431603383,-0.0006664445431603383,0.426085131,-0.018998765,0.107700603,0.0031,0.0,0.009640405,0.063880268,-0.0006664445431603
2019-10-10,0.28735652,0.100170501,0.0,1.770291053,0.0,0.0,-0.107700603,0.0031,0.0,0.0,0.0,0.063880268,0.0,0.009640405,0.0,-0.0006664445431603383,-0.0006664445431603383,0.100170501,1.770291053,-0.107700603,0.0031,0.0,0.009640405,0.063880268,-0.0006664445431603
2019-10-11,-0.335329656,0.0,-0.024274545,2.197079053,0.0,0.0,0.0,0.0031,0.0,0.0,0.0,0.063880268,0.0,0.009640405,0.0,-0.0006664445431603383,-0.0006664445431603383,-0.024274545,2.197079053,0.0,0.0031,0.0,0.009640405,0.063880268,-0.0006664445431603
2019-10-14,-0.432797021,0.609124605,0.0,0.0,-2.197079053,0.0,0.0,0.0031,0.0,0.0,0.0,0.063880268,0.0,0.009640405,0.0,-0.0006664445431603383,-0.0006664445431603383,0.609124605,-2.197079053,0.0,0.0031,0.0,0.009640405,0.063880268,-0.0006664445431603
2019-10-15,0.0,0.0,-0.106631267,0.0,-1.428864317,0.004310252,0.0,0.0031,0.0,0.0,0.0,0.063880268,0.0,0.009640405,0.0,-0.0006664445431603383,-0.0006664445431603383,-0.106631267,-1.428864317,0.004310252,0.0031,0.0,0.009640405,0.063880268,-0.0006664445431603
2019-10-16,-0.120554566,0.221183421,0.0,1.148464096,0.0,0.004310066,0.0,0.0031,0.0,0.0,0.0,0.063880268,0.0,0.009640405,0.0,-0.0006664445431603383,-0.0006664445431603383,0.221183421,1.148464096,0.004310066,0.0031,0.0,0.009640405,0.063880268,-0.0006664445431603
2019-10-17,0.048239268,0.0,-0.071328471,0.875972426,0.0,0.017238407,0.0,0.0031,0.0,0.0,0.0,0.063880268,0.0,0.009640405,0.0,-0.0006664445431603383,-0.0006664445431603383,-0.071328471,0.875972426,0.017238407,0.0031,0.0,0.009640405,0.063880268,-0.0006664445431603
2019-10-18,0.02411091,0.0,-0.305983007,0.0,-0.260126494,0.0,-0.012928527,0.0031,0.0,0.0,0.0,0.063880268,0.0,0.009640405,0.0,-0.0006664445431603383,-0.0006664445431603383,-0.305983007,-0.260126494,-0.012928527,0.0031,0.0,0.009640405,0.063880268,-0.0006664445431603
2019-10-21,0.0,0.0,-0.38582399,0.0,-0.878264078,0.008619204,0.0,0.0031,0.0,0.0,0.0,0.063880268,0.0,0.009640405,0.0,-0.0006664445431603383,-0.0006664445431603383,-0.38582399,-0.878264078,0.008619204,0.0031,0.0,0.009640405,0.063880268,-0.0006664445431603
2019-10-22,0.0,0.0,-0.472689423,1.730436704,0.0,0.0,-0.01723915,0.0031,0.0,0.0,0.0,0.063880268,0.0,0.009640405,0.0,-0.0006664445431603383,-0.0006664445431603383,-0.472689423,1.730436704,-0.01723915,0.0031,0.0,0.009640405,0.063880268,-0.0006664445431603
2019-10-23,0.0,0.35725923,0.0,3.069898689,0.0,0.01723915,0.0,0.0031,0.0,0.0,0.0,0.063880268,0.0,0.009640405,0.0,-0.0006664445431603383,-0.0006664445431603383,0.35725923,3.069898689,0.01723915,0.0031,0.0,0.009640405,0.063880268,-0.0006664445431603
2019-10-24,0.09638555,0.183208631,0.0,0.37496696,0.0,0.0,-0.008619204,0.0031,0.0,0.0,0.0,0.063880268,0.0,0.009640405,0.0,-0.0006664445431603383,-0.0006664445431603383,0.183208631,0.37496696,-0.008619204,0.0031,0.0,0.009640405,0.063880268,-0.0006664445431603
2019-10-25,0.192492841,0.510400753,0.0,0.728050805,0.0,0.0,-0.012930198,0.0031,0.0,0.0,0.0,0.063880268,0.0,0.009640405,0.0,-0.0006664445431603383,-0.0006664445431603383,0.510400753,0.728050805,-0.012930198,0.0031,0.0,0.009640405,0.063880268,-0.0006664445431603
2019-10-28,0.288046287,0.437712151,0.0,0.0,-1.641135656,0.0,0.0,0.0031,0.0,0.0,0.0,0.063880268,0.0,0.009640405,0.0,-0.0006664445431603383,-0.0006664445431603383,0.437712151,-1.641135656,0.0,0.0031,0.0,0.009640405,0.063880268,-0.0006664445431603
2019-10-29,-0.239980917,0.0,-0.050099197,0.0,-0.46872269,0.008620318,0.0,0.0031,0.0,0.0,0.0,0.063880268,0.0,0.009640405,0.0,-0.0006664445431603383,-0.0006664445431603383,-0.050099197,-0.46872269,0.008620318,0.0031,0.0,0.009640405,0.063880268,-0.0006664445431603
2019-10-30,-0.04806537,0.0,-0.094254494,0.0,-0.889378764,0.0,-0.008620318,0.0031,0.0,0.0,0.0,0.063880268,0.0,0.009640405,0.0,-0.0006664445431603383,-0.0006664445431603383,-0.094254494,-0.889378764,-0.008620318,0.0031,0.0,0.009640405,0.063880268,-0.0006664445431603
2019-10-31,0.120120135,0.406463928,0.0,0.0,-1.524783836,0.008620318,0.0,0.0036,0.0,0.0,-0.0025,0.0,-0.019335089,0.004446888,0.0,-0.0006664445431603383,-0.0006664445431603383,0.406463928,-1.524783836,0.008620318,0.0036,-0.0025,0.004446888,-0.019335089,-0.0006664445431603
2019-11-01,0.455145114,0.0,-0.207030093,3.67113731,0.0,0.0,-0.008620318,0.0036,0.0,0.0,-0.0025,0.0,-0.019335089,0.004446888,0.0,-0.0006664445431603383,-0.0006664445431603383,-0.207030093,3.67113731,-0.008620318,0.0036,-0.0025,0.004446888,-0.019335089,-0.0006664445431603
2019-11-04,0.0,2.000245099,0.0,0.516153144,0.0,0.0,-0.004310438,0.0036,0.0,0.0,-0.0025,0.0,-0.019335089,0.004446888,0.0,-0.0006664445431603383,-0.0006664445431603383,2.000245099,0.516153144,-0.004310438,0.0036,-0.0025,0.004446888,-0.019335089,-0.0006664445431603
2019-11-05,-0.191387618,0.369287852,0.0,1.25255232,0.0,0.0,0.0,0.0036,0.0,0.0,-0.0025,0.0,-0.019335089,0.004446888,0.0,-0.0006664445431603383,-0.0006664445431603383,0.369287852,1.25255232,0.0,0.0036,-0.0025,0.004446888,-0.019335089,-0.0006664445431603
2019-11-06,-0.552288593,0.064509825,0.0,0.0,-1.572609492,0.0,0.0,0.0036,0.0,0.0,-0.0025,0.0,-0.019335089,0.004446888,0.0,-0.0006664445431603383,-0.0006664445431603383,0.064509825,-1.572609492,0.0,0.0036,-0.0025,0.004446888,-0.019335089,-0.0006664445431603
2019-11-07,0.192446535,0.005862467,0.0,1.344439143,0.0,0.0,0.0,0.0036,0.0,0.0,-0.0025,0.0,-0.019335089,0.004446888,0.0,-0.0006664445431603383,-0.0006664445431603383,0.005862467,1.344439143,0.0,0.0036,-0.0025,0.004446888,-0.019335089,-0.0006664445431603
2019-11-08,-0.868941021,0.340410088,0.0,0.193101087,0.0,0.0,-0.004310624,0.0036,0.0,0.0,-0.0025,0.0,-0.019335089,0.004446888,0.0,-0.0006664445431603383,-0.0006664445431603383,0.340410088,0.193101087,-0.004310624,0.0036,-0.0025,0.004446888,-0.019335089,-0.0006664445431603
2019-11-11,0.121138719,0.0,-0.357021303,0.0,0.0,0.008621061,0.0,0.0036,0.0,0.0,-0.0025,0.0,-0.019335089,0.004446888,0.0,-0.0006664445431603383,-0.0006664445431603383,-0.357021303,0.0,0.008621061,0.0036,-0.0025,0.004446888,-0.019335089,-0.0006664445431603
2019-11-12,-0.242424361,0.0,-0.622462542,0.0,-0.61571133,0.0,-0.004310438,0.0036,0.0,0.0,-0.0025,0.0,-0.019335089,0.004446888,0.0,-0.0006664445431603383,-0.0006664445431603383,-0.622462542,-0.61571133,-0.004310438,0.0036,-0.0025,0.004446888,-0.019335089,-0.0006664445431603
2019-11-13,-0.243013485,0.206282857,0.0,0.369881531,0.0,0.0,0.0,0.0036,0.0,0.0,-0.0025,0.0,-0.019335089,0.004446888,0.0,-0.0006664445431603383,-0.0006664445431603383,0.206282857,0.369881531,0.0,0.0036,-0.0025,0.004446888,-0.019335089,-0.0006664445431603
2019-11-14,0.145878946,0.0,-0.513548145,0.0,-0.546497614,0.004310438,0.0,0.0036,0.0,0.0,-0.0025,0.0,-0.019335089,0.004446888,0.0,-0.0006664445431603383,-0.0006664445431603383,-0.513548145,-0.546497614,0.004310438,0.0036,-0.0025,0.004446888,-0.019335089,-0.0006664445431603
2019-11-15,0.14566645,0.0,-0.090784403,1.700154877,0.0,0.017239893,0.0,0.0036,0.0,0.0,-0.0025,0.0,-0.019335089,0.004446888,0.0,-0.0006664445431603383,-0.0006664445431603383,-0.090784403,1.700154877,0.017239893,0.0036,-0.0025,0.004446888,-0.019335089,-0.0006664445431603
2019-11-18,0.072753732,0.0,-0.286708782,0.0,-1.25919817,0.004309509,0.0,0.0036,0.0,0.0,-0.0025,0.0,-0.019335089,0.004446888,0.0,-0.0006664445431603383,-0.0006664445431603383,-0.286708782,-1.25919817,0.004309509,0.0036,-0.0025,0.004446888,-0.019335089,-0.0006664445431603
2019-11-19,0.121138719,0.0,-0.70942014,0.0,-3.382872907,0.0,-0.021549402,0.0036,0.0,0.0,-0.0025,0.0,-0.019335089,0.004446888,0.0,-0.0006664445431603383,-0.0006664445431603383,-0.70942014,-3.382872907,-0.021549402,0.0036,-0.0025,0.004446888,-0.019335089,-0.0006664445431603
2019-11-20,0.0,0.62820146,0.0,3.189091467,0.0,0.0,-0.004310438,0.0036,0.0,0.0,-0.0025,0.0,-0.019335089,0.004446888,0.0,-0.0006664445431603383,-0.0006664445431603383,0.62820146,3.189091467,-0.004310438,0.0036,-0.0025,0.004446888,-0.019335089,-0.0006664445431603
2019-11-21,0.241838086,0.0,-0.979804511,2.868016163,0.0,0.0,-0.025866529,0.0036,0.0,0.0,-0.0025,0.0,-0.019335089,0.004446888,0.0,-0.0006664445431603383,-0.0006664445431603383,-0.979804511,2.868016163,-0.025866529,0.0036,-0.0025,0.004446888,-0.019335089,-0.0006664445431603
2019-11-22,-0.072490036,0.0,-0.66663567,0.0,-1.172023068,0.00862292,0.0,0.0036,0.0,0.0,-0.0025,0.0,-0.019335089,0.004446888,0.0,-0.0006664445431603383,-0.0006664445431603383,-0.66663567,-1.172023068,0.00862292,0.0036,-0.0025,0.004446888,-0.019335089,-0.0006664445431603
2019-11-25,-0.363240501,0.0,-1.510243971,0.190525735,0.0,0.008622176,0.0,0.0036,0.0,0.0,-0.0025,0.0,-0.019335089,0.004446888,0.0,-0.0006664445431603383,-0.0006664445431603383,-1.510243971,0.190525735,0.008622176,0.0036,-0.0025,0.004446888,-0.019335089,-0.0006664445431603
2019-11-26,-0.364564749,0.0,-0.153515535,0.792834212,0.0,0.0,-0.03018087,0.0036,0.0,0.0,-0.0025,0.0,-0.019335089,0.004446888,0.0,-0.0006664445431603383,-0.0006664445431603383,-0.153515535,0.792834212,-0.03018087,0.0036,-0.0025,0.004446888,-0.019335089,-0.0006664445431603
2019-11-27,0.316032839,0.269008463,0.0,0.0,-0.223425374,0.04311274,0.0,0.0036,0.0,0.0,-0.0025,0.0,-0.019335089,0.004446888,0.0,-0.0006664445431603383,-0.0006664445431603383,0.269008463,-0.223425374,0.04311274,0.0036,-0.0025,0.004446888,-0.019335089,-0.0006664445431603
2019-11-28,-0.145737213,0.0,-0.134925198,0.0,0.0,0.0,0.0,0.0036,0.0,0.0,-0.0025,0.0,-0.019335089,0.004446888,0.0,-0.0006664445431603383,-0.0006664445431603383,-0.134925198,0.0,0.0,0.0036,-0.0025,0.004446888,-0.019335089,-0.0006664445431603
2019-11-29,-0.097276272,0.0,-0.673251173,0.0,0.0,0.0,-0.090558233,0.0036,0.0,0.0,-0.0025,0.0,-0.019335089,0.004446888,0.0,-0.0006664445431603383,-0.0006664445431603383,-0.673251173,0.0,-0.090558233,0.0036,-0.0025,0.004446888,-0.019335089,-0.0006664445431603
2019-12-02,0.315802522,0.032946894,0.0,0.0,-3.76940058,0.0,-0.017258489,0.0066,0.0,0.0,0.0,0.00143752,0.0,0.0,-0.008008966,-0.0006664445431603383,-0.0006664445431603383,0.032946894,-3.76940058,-0.017258489,0.0066,0.0,-0.008008966,0.00143752,-0.0006664445431603
2019-12-03,-0.072789036,0.0,-1.453764158,0.321084828,0.0,0.0,-0.021577301,0.0066,0.0,0.0,0.0,0.00143752,0.0,0.0,-0.008008966,-0.0006664445431603383,-0.0006664445431603383,-1.453764158,0.321084828,-0.021577301,0.0066,0.0,-0.008008966,0.00143752,-0.0006664445431603
2019-12-04,0.242424361,0.0,-0.512067132,4.03160785,0.0,0.0,0.0,0.0066,0.0,0.0,0.0,0.00143752,0.0,0.0,-0.008008966,-0.0006664445431603383,-0.0006664445431603383,-0.512067132,4.03160785,0.0,0.0066,0.0,-0.008008966,0.00143752,-0.0006664445431603
2019-12-05,0.169348051,1.716400626,0.0,0.0,-0.068446272,0.0,-0.012948616,0.0066,0.0,0.0,0.0,0.00143752,0.0,0.0,-0.008008966,-0.0006664445431603383,-0.0006664445431603383,1.716400626,-0.068446272,-0.012948616,0.0066,0.0,-0.008008966,0.00143752,-0.0006664445431603
2019-12-06,0.0,0.0,-0.685522883,1.326324493,0.0,0.034525916,0.0,0.0066,0.0,0.0,0.0,0.00143752,0.0,0.0,-0.008008966,-0.0006664445431603383,-0.0006664445431603383,-0.685522883,1.326324493,0.034525916,0.0066,0.0,-0.008008966,0.00143752,-0.0006664445431603
2019-12-09,-0.314732132,0.158854619,0.0,0.0,-0.355360387,0.0,-0.021577301,0.0066,0.0,0.0,0.0,0.00143752,0.0,0.0,-0.008008966,-0.0006664445431603383,-0.0006664445431603383,0.158854619,-0.355360387,-0.021577301,0.0066,0.0,-0.008008966,0.00143752,-0.0006664445431603
2019-12-10,-0.097040279,0.208308579,0.0,0.389138466,0.0,0.0,0.0,0.0066,0.0,0.0,0.0,0.00143752,0.0,0.0,-0.008008966,-0.0006664445431603383,-0.0006664445431603383,0.208308579,0.389138466,0.0,0.0066,0.0,-0.008008966,0.00143752,-0.0006664445431603
2019-12-11,0.0,0.0,-0.553333603,0.0,-0.81383969,0.021577301,0.0,0.0066,0.0,0.0,0.0,0.00143752,0.0,0.0,-0.008008966,-0.0006664445431603383,-0.0006664445431603383,-0.553333603,-0.81383969,0.021577301,0.0066,0.0,-0.008008966,0.00143752,-0.0006664445431603
2019-12-12,0.169758741,0.291063522,0.0,0.74627212,0.0,0.0,-0.02589332,0.0066,0.0,0.0,0.0,0.00143752,0.0,0.0,-0.008008966,-0.0006664445431603383,-0.0006664445431603383,0.291063522,0.74627212,-0.02589332,0.0066,0.0,-0.008008966,0.00143752,-0.0006664445431603
2019-12-13,-0.096969705,0.624995567,0.0,1.559257008,0.0,0.017262958,0.0,0.0066,0.0,0.0,0.0,0.00143752,0.0,0.0,-0.008008966,-0.0006664445431603383,-0.0006664445431603383,0.624995567,1.559257008,0.017262958,0.0066,0.0,-0.008008966,0.00143752,-0.0006664445431603
2019-12-16,0.169635325,0.0,-0.35444357,0.166223443,0.0,0.012945263,0.0,0.0066,0.0,0.0,0.0,0.00143752,0.0,0.0,-0.008008966,-0.0006664445431603383,-0.0006664445431603383,-0.35444357,0.166223443,0.012945263,0.0066,0.0,-0.008008966,0.00143752,-0.0006664445431603
2019-12-17,0.169348051,0.0,-0.364015771,1.106626208,0.0,0.0,0.0,0.0066,0.0,0.0,0.0,0.00143752,0.0,0.0,-0.008008966,-0.0006664445431603383,-0.0006664445431603383,-0.364015771,1.106626208,0.0,0.0066,0.0,-0.008008966,0.00143752,-0.0006664445431603
2019-12-18,0.072490036,0.0,-1.146297054,0.082095071,0.0,0.0,-0.012945263,0.0066,0.0,0.0,0.0,0.00143752,0.0,0.0,-0.008008966,-0.0006664445431603383,-0.0006664445431603383,-1.146297054,0.082095071,-0.012945263,0.0066,0.0,-0.008008966,0.00143752,-0.0006664445431603
2019-12-19,0.120700075,0.0,-0.095682216,0.605417868,0.0,0.0,-0.017262958,0.0066,0.0,0.0,0.0,0.00143752,0.0,0.0,-0.008008966,-0.0006664445431603383,-0.0006664445431603383,-0.095682216,0.605417868,-0.017262958,0.0066,0.0,-0.008008966,0.00143752,-0.0006664445431603
2019-12-20,0.024122543,0.308797825,0.0,0.0,-1.429417257,0.02589332,0.0,0.0066,0.0,0.0,0.0,0.00143752,0.0,0.0,-0.008008966,-0.0006664445431603383,-0.0006664445431603383,0.308797825,-1.429417257,0.02589332,0.0066,0.0,-0.008008966,0.00143752,-0.0006664445431603
2019-12-23,-0.072385092,0.627256251,0.0,0.132297026,0.0,0.0,-0.008630362,0.0066,0.0,0.0,0.0,0.00143752,0.0,0.0,-0.008008966,-0.0006664445431603383,-0.0006664445431603383,0.627256251,0.132297026,-0.008630362,0.0066,0.0,-0.008008966,0.00143752,-0.0006664445431603
2019-12-24,0.0,0.0,-0.012506644,1.084823262,0.0,0.012945263,0.0,0.0066,0.0,0.0,0.0,0.00143752,0.0,0.0,-0.008008966,-0.0006664445431603383,-0.0006664445431603383,-0.012506644,1.084823262,0.012945263,0.0066,0.0,-0.008008966,0.00143752,-0.0006664445431603
2019-12-25,0.817312242,0.0,-0.130370636,0.0,0.0,0.0,-0.012945263,0.0066,0.0,0.0,0.0,0.00143752,0.0,0.0,-0.008008966,-0.0006664445431603383,-0.0006664445431603383,-0.130370636,0.0,-0.012945263,0.0066,0.0,-0.008008966,0.00143752,-0.0006664445431603
2019-12-26,0.143540695,0.259530594,0.0,0.895115424,0.0,0.004315274,0.0,0.0066,0.0,0.0,0.0,0.00143752,0.0,0.0,-0.008008966,-0.0006664445431603383,-0.0006664445431603383,0.259530594,0.895115424,0.004315274,0.0066,0.0,-0.008008966,0.00143752,-0.0006664445431603
2019-12-27,0.405583283,0.0,-0.309638117,0.064787822,0.0,0.0,-0.01294638,0.0066,0.0,0.0,0.0,0.00143752,0.0,0.0,-0.008008966,-0.0006664445431603383,-0.0006664445431603383,-0.309638117,0.064787822,-0.01294638,0.0066,0.0,-0.008008966,0.00143752,-0.0006664445431603
2019-12-30,0.23781224,0.540460237,0.0,0.0,-0.162048326,0.0,-0.004315833,0.0066,0.0,0.0,0.0,0.00143752,0.0,0.0,-0.008008966,-0.0006664445431603383,-0.0006664445431603383,0.540460237,-0.162048326,-0.004315833,0.0066,0.0,-0.008008966,0.00143752,-0.0006664445431603
2019-12-31,0.0,0.29244032,0.0,0.0,-0.8469106,0.004315833,0.0,0.011,0.0,0.0,0.0,0.0,-0.027672628,0.007927836,0.0,-0.0006664445431603383,-0.0006664445431603383,0.29244032,-0.8469106,0.004315833,0.011,0.0,0.007927836,-0.027672628,-0.0006664445431603
2020-01-01,0.0,0.0,0.0,0.0,0.0,0.0,0.0,0.011,0.0,0.0,0.0,0.0,-0.027672628,0.007927836,0.0,-0.03252319170556017,-0.03252319170556017,0.0,0.0,0.0,0.011,0.0,0.007927836,-0.027672628,-0.0325231917055601
2020-01-02,0.473934536,0.0,-0.565950098,0.049055679,0.0,0.0,-0.012948057,0.011,0.0,0.0,0.0,0.0,-0.027672628,0.007927836,0.0,-0.03252319170556017,-0.03252319170556017,-0.565950098,0.049055679,-0.012948057,0.011,0.0,0.007927836,-0.027672628,-0.0325231917055601
2020-01-03,0.542262321,0.877153132,0.0,2.947785314,0.0,0.012948057,0.0,0.011,0.0,0.0,0.0,0.0,-0.027672628,0.007927836,0.0,-0.03252319170556017,-0.03252319170556017,0.877153132,2.947785314,0.012948057,0.011,0.0,0.007927836,-0.027672628,-0.0325231917055601
2020-01-06,2.573241397,0.0,-0.614029296,0.427655677,0.0,0.02157637,0.0,0.011,0.0,0.0,0.0,0.0,-0.027672628,0.007927836,0.0,-0.03252319170556017,-0.03252319170556017,-0.614029296,0.427655677,0.02157637,0.011,0.0,0.007927836,-0.027672628,-0.0325231917055601
2020-01-07,-0.388883025,0.0,-0.729709583,0.0,-0.904983552,0.0,-0.004314902,0.011,0.0,0.0,0.0,0.0,-0.027672628,0.007927836,0.0,-0.03252319170556017,-0.03252319170556017,-0.729709583,-0.904983552,-0.004314902,0.011,0.0,0.007927836,-0.027672628,-0.0325231917055601
2020-01-08,1.297980195,0.0,-0.173829314,0.0,-4.986729909,0.0,0.0,0.011,0.0,0.0,0.0,0.0,-0.027672628,0.007927836,0.0,-0.03252319170556017,-0.03252319170556017,-0.173829314,-4.986729909,0.0,0.011,0.0,0.007927836,-0.027672628,-0.0325231917055601
2020-01-09,-1.711393737,0.614377057,0.0,0.0,-0.150994073,0.0,-0.008630362,0.011,0.0,0.0,0.0,0.0,-0.027672628,0.007927836,0.0,-0.03252319170556017,-0.03252319170556017,0.614377057,-0.150994073,-0.008630362,0.011,0.0,0.007927836,-0.027672628,-0.0325231917055601
2020-01-10,-1.157420328,0.120759131,0.0,0.0,-0.91078383,0.012945263,0.0,0.011,0.0,0.0,0.0,0.0,-0.027672628,0.007927836,0.0,-0.03252319170556017,-0.03252319170556017,0.120759131,-0.91078383,0.012945263,0.011,0.0,0.007927836,-0.027672628,-0.0325231917055601
2020-01-13,0.46457691,0.593344272,0.0,0.0,-1.450661159,0.0,-0.012945263,0.011,0.0,0.0,0.0,0.0,-0.027672628,0.007927836,0.0,-0.03252319170556017,-0.03252319170556017,0.593344272,-1.450661159,-0.012945263,0.011,0.0,0.007927836,-0.027672628,-0.0325231917055601
2020-01-14,-1.282816425,0.0,-0.065178597,0.291820652,0.0,0.008630362,0.0,0.011,0.0,0.0,0.0,0.0,-0.027672628,0.007927836,0.0,-0.03252319170556017,-0.03252319170556017,-0.065178597,0.291820652,0.008630362,0.011,0.0,0.007927836,-0.027672628,-0.0325231917055601
2020-01-15,0.818239515,0.147883892,0.0,0.0,-0.826166489,0.0,-0.021577301,0.011,0.0,0.0,0.0,0.0,-0.027672628,0.007927836,0.0,-0.03252319170556017,-0.03252319170556017,0.147883892,-0.826166489,-0.021577301,0.011,0.0,0.007927836,-0.027672628,-0.0325231917055601
2020-01-16,0.0,0.0,-0.050648875,1.13422766,0.0,0.004315833,0.0,0.011,0.0,0.0,0.0,0.0,-0.027672628,0.007927836,0.0,-0.03252319170556017,-0.03252319170556017,-0.050648875,1.13422766,0.004315833,0.011,0.0,0.007927836,-0.027672628,-0.0325231917055601
2020-01-17,0.0,0.934413121,0.0,0.051251389,0.0,0.0,-0.004315833,0.011,0.0,0.0,0.0,0.0,-0.027672628,0.007927836,0.0,-0.03252319170556017,-0.03252319170556017,0.934413121,0.051251389,-0.004315833,0.011,0.0,0.007927836,-0.027672628,-0.0325231917055601
2020-01-20,0.811598658,0.199538569,0.0,0.0,0.0,0.0,-0.004316019,0.011,0.0,0.0,0.0,0.0,-0.027672628,0.007927836,0.0,-0.03252319170556017,-0.03252319170556017,0.199538569,0.0,-0.004316019,0.011,0.0,0.007927836,-0.027672628,-0.0325231917055601
2020-01-21,0.575706829,0.060294833,0.0,0.0,-0.51369976,0.004316019,0.0,0.011,0.0,0.0,0.0,0.0,-0.027672628,0.007927836,0.0,-0.03252319170556017,-0.03252319170556017,0.060294833,-0.51369976,0.004316019,0.011,0.0,0.007927836,-0.027672628,-0.0325231917055601
2020-01-22,-0.691246992,0.783583441,0.0,0.0,-2.591224015,0.0,-0.004316019,0.011,0.0,0.0,0.0,0.0,-0.027672628,0.007927836,0.0,-0.03252319170556017,-0.03252319170556017,0.783583441,-2.591224015,-0.004316019,0.011,0.0,0.007927836,-0.027672628,-0.0325231917055601
2020-01-23,0.0,0.0,0.0,0.0,-2.226866759,0.0,0.0,0.011,0.0,0.0,0.0,0.0,-0.027672628,0.007927836,0.0,-0.03252319170556017,-0.03252319170556017,0.0,-2.226866759,0.0,0.011,0.0,0.007927836,-0.027672628,-0.0325231917055601
2020-01-24,0.0,0.0,0.0,0.0,-2.591385882,0.0,0.0,0.011,0.0,0.0,0.0,0.0,-0.027672628,0.007927836,0.0,-0.03252319170556017,-0.03252319170556017,0.0,-2.591385882,0.0,0.011,0.0,0.007927836,-0.027672628,-0.0325231917055601
2020-01-27,0.0,0.0,0.0,0.0,-1.866073929,0.0,0.0,0.011,0.0,0.0,0.0,0.0,-0.027672628,0.007927836,0.0,-0.03252319170556017,-0.03252319170556017,0.0,-1.866073929,0.0,0.011,0.0,0.007927836,-0.027672628,-0.0325231917055601
2020-01-28,0.0,0.0,0.0,0.451043802,0.0,0.0,0.0,0.011,0.0,0.0,0.0,0.0,-0.027672628,0.007927836,0.0,-0.03252319170556017,-0.03252319170556017,0.0,0.451043802,0.0,0.011,0.0,0.007927836,-0.027672628,-0.0325231917055601
2020-01-29,0.0,0.0,0.0,0.0,-0.07503283,0.0,0.0,0.011,0.0,0.0,0.0,0.0,-0.027672628,0.007927836,0.0,-0.03252319170556017,-0.03252319170556017,0.0,-0.07503283,0.0,0.011,0.0,0.007927836,-0.027672628,-0.0325231917055601
2020-01-30,0.115540163,0.0,-1.159229363,0.0,-2.085779065,0.056093721,0.0,0.011,0.0,0.0,0.0,0.0,-0.027672628,0.007927836,0.0,-0.03252319170556017,-0.03252319170556017,-1.159229363,-2.085779065,0.056093721,0.011,0.0,0.007927836,-0.027672628,-0.0325231917055601
2020-01-31,2.573241397,0.0,-1.609561659,0.0,-1.17569052,0.172398974,0.0,0.0161,0.0,0.0,0.0,0.002528446,0.0,0.015305296,0.0,-0.03252319170556017,-0.03252319170556017,-1.609561659,-1.17569052,0.172398974,0.0161,0.0,0.015305296,0.002528446,-0.0325231917055601
2020-02-03,-1.017532804,0.0,-4.195604674,0.0,-2.991171445,0.120502683,0.0,0.0161,0.0,0.0,0.0,0.002528446,0.0,0.015305296,0.0,-0.03252319170556017,-0.03252319170556017,-4.195604674,-2.991171445,0.120502683,0.0161,0.0,0.015305296,0.002528446,-0.0325231917055601
2020-02-04,-0.455581654,1.38895636,0.0,0.0,-0.94330855,0.0,-0.086058525,0.0161,0.0,0.0,0.0,0.002528446,0.0,0.015305296,0.0,-0.03252319170556017,-0.03252319170556017,1.38895636,-0.94330855,-0.086058525,0.0161,0.0,0.015305296,0.002528446,-0.0325231917055601
2020-02-05,-1.2636584,0.571837818,0.0,2.548415833,0.0,0.0,-0.043057051,0.0161,0.0,0.0,0.0,0.002528446,0.0,0.015305296,0.0,-0.03252319170556017,-0.03252319170556017,0.571837818,2.548415833,-0.043057051,0.0161,0.0,0.015305296,0.002528446,-0.0325231917055601
2020-02-06,0.346220773,0.0,-0.869239011,0.137511072,0.0,0.004306539,0.0,0.0161,0.0,0.0,0.0,0.002528446,0.0,0.015305296,0.0,-0.03252319170556017,-0.03252319170556017,-0.869239011,0.137511072,0.004306539,0.0161,0.0,0.015305296,0.002528446,-0.0325231917055601
2020-02-07,0.459770925,1.281333372,0.0,0.0,-1.184847984,0.038750512,0.0,0.0161,0.0,0.0,0.0,0.002528446,0.0,0.015305296,0.0,-0.03252319170556017,-0.03252319170556017,1.281333372,-1.184847984,0.038750512,0.0161,0.0,0.015305296,0.002528446,-0.0325231917055601
2020-02-10,0.457666703,0.0,-0.451684973,0.0,-1.501078921,0.120461209,0.0,0.0161,0.0,0.0,0.0,0.002528446,0.0,0.015305296,0.0,-0.03252319170556017,-0.03252319170556017,-0.451684973,-1.501078921,0.120461209,0.0161,0.0,0.015305296,0.002528446,-0.0325231917055601
2020-02-11,0.0,0.0,-0.391398326,0.823380493,0.0,0.0,-0.077422689,0.0161,0.0,0.0,0.0,0.002528446,0.0,0.015305296,0.0,-0.03252319170556017,-0.03252319170556017,-0.391398326,0.823380493,-0.077422689,0.0161,0.0,0.015305296,0.002528446,-0.0325231917055601
2020-02-12,0.0,1.067631504,0.0,2.234840366,0.0,0.043020005,0.0,0.0161,0.0,0.0,0.0,0.002528446,0.0,0.015305296,0.0,-0.03252319170556017,-0.03252319170556017,1.067631504,2.234840366,0.043020005,0.0161,0.0,0.015305296,0.002528446,-0.0325231917055601
2020-02-13,0.22805027,0.0,-0.375950302,0.546129698,0.0,0.0,-0.047323024,0.0161,0.0,0.0,0.0,0.002528446,0.0,0.015305296,0.0,-0.03252319170556017,-0.03252319170556017,-0.375950302,0.546129698,-0.047323024,0.0161,0.0,0.015305296,0.002528446,-0.0325231917055601
2020-02-14,0.363802129,0.222758783,0.0,1.198776923,0.0,0.025815334,0.0,0.0161,0.0,0.0,0.0,0.002528446,0.0,0.015305296,0.0,-0.03252319170556017,-0.03252319170556017,0.222758783,1.198776923,0.025815334,0.0161,0.0,0.015305296,0.002528446,-0.0325231917055601
2020-02-17,-0.022698899,0.0,-0.080945792,0.0,0.0,0.0,-0.073160763,0.0161,0.0,0.0,0.0,0.002528446,0.0,0.015305296,0.0,-0.03252319170556017,-0.03252319170556017,-0.080945792,0.0,-0.073160763,0.0161,0.0,0.015305296,0.002528446,-0.0325231917055601
2020-02-18,0.0,0.0,-0.432464275,0.134447346,0.0,0.047345429,0.0,0.0161,0.0,0.0,0.0,0.002528446,0.0,0.015305296,0.0,-0.03252319170556017,-0.03252319170556017,-0.432464275,0.134447346,0.047345429,0.0161,0.0,0.015305296,0.002528446,-0.0325231917055601
2020-02-19,1.464814924,0.0,-0.866262242,2.295898208,0.0,0.0,-0.06026171,0.0161,0.0,0.0,0.0,0.002528446,0.0,0.015305296,0.0,-0.03252319170556017,-0.03252319170556017,-0.866262242,2.295898208,-0.06026171,0.0161,0.0,0.015305296,0.002528446,-0.0325231917055601
2020-02-20,0.0,0.782757612,0.0,0.859175999,0.0,0.047351543,0.0,0.0161,0.0,0.0,0.0,0.002528446,0.0,0.015305296,0.0,-0.03252319170556017,-0.03252319170556017,0.782757612,0.859175999,0.047351543,0.0161,0.0,0.015305296,0.002528446,-0.0325231917055601
2020-02-21,0.446429313,0.47440548,0.0,0.0,-0.765428921,0.025818667,0.0,0.0161,0.0,0.0,0.0,0.002528446,0.0,0.015305296,0.0,-0.03252319170556017,-0.03252319170556017,0.47440548,-0.765428921,0.025818667,0.0161,0.0,0.015305296,0.002528446,-0.0325231917055601
2020-02-24,2.573241397,0.0,-2.224685147,0.0,-3.820174223,0.021510465,0.0,0.0161,0.0,0.0,0.0,0.002528446,0.0,0.015305296,0.0,-0.03252319170556017,-0.03252319170556017,-2.224685147,-3.820174223,0.021510465,0.0161,0.0,0.015305296,0.002528446,-0.0325231917055601
2020-02-25,-2.345690035,0.0,-2.599183549,0.0,-3.124636244,0.098888586,0.0,0.0161,0.0,0.0,0.0,0.002528446,0.0,0.015305296,0.0,-0.03252319170556017,-0.03252319170556017,-2.599183549,-3.124636244,0.098888586,0.0161,0.0,0.015305296,0.002528446,-0.0325231917055601
2020-02-26,0.0,0.842129001,0.0,0.0,-2.255047309,0.0,-0.129004533,0.0161,0.0,0.0,0.0,0.002528446,0.0,0.015305296,0.0,-0.03252319170556017,-0.03252319170556017,0.842129001,-2.255047309,-0.129004533,0.0161,0.0,0.015305296,0.002528446,-0.0325231917055601
2020-02-27,-0.755535164,0.0,-1.043685533,0.0,-3.130472655,0.0,0.0,0.0161,0.0,0.0,0.0,0.002528446,0.0,0.015305296,0.0,-0.03252319170556017,-0.03252319170556017,-1.043685533,-3.130472655,0.0,0.0161,0.0,0.015305296,0.002528446,-0.0325231917055601
2020-02-28,-0.325556446,0.0,-0.751570239,0.0,-5.088053913,0.0,0.0,0.0161,0.0,0.0,0.0,0.002528446,0.0,0.015305296,0.0,-0.03252319170556017,-0.03252319170556017,-0.751570239,-5.088053913,0.0,0.0161,0.0,0.015305296,0.002528446,-0.0325231917055601
2020-03-02,-1.092907053,0.0,-0.798235431,4.257820299,0.0,0.0,0.0,0.0144,0.0,0.0,0.0,0.073416295,0.0,0.0,-0.011382538,-0.03252319170556017,-0.03252319170556017,-0.798235431,4.257820299,0.0,0.0144,0.0,-0.011382538,0.073416295,-0.0325231917055601
2020-03-03,0.547946576,1.912315437,0.0,1.042008365,0.0,0.0,-0.094709207,0.0144,0.0,0.0,0.0,0.073416295,0.0,0.0,-0.011382538,-0.03252319170556017,-0.03252319170556017,1.912315437,1.042008365,-0.094709207,0.0144,0.0,-0.011382538,0.073416295,-0.0325231917055601
2020-03-04,2.162246401,0.0,-0.845656775,0.0,-1.042008365,0.0,-0.051697399,0.0144,0.0,0.0,0.0,0.073416295,0.0,0.0,-0.011382538,-0.03252319170556017,-0.03252319170556017,-0.845656775,-1.042008365,-0.051697399,0.0144,0.0,-0.011382538,0.073416295,-0.0325231917055601
2020-03-05,-0.643779047,0.545897029,0.0,0.0,-1.899064409,0.017235436,0.0,0.0144,0.0,0.0,0.0,0.073416295,0.0,0.0,-0.011382538,-0.03252319170556017,-0.03252319170556017,0.545897029,-1.899064409,0.017235436,0.0144,0.0,-0.011382538,0.073416295,-0.0325231917055601
2020-03-06,0.0,0.0,-0.420953997,0.0,-6.814898374,0.0,-0.021544759,0.0144,0.0,0.0,0.0,0.073416295,0.0,0.0,-0.011382538,-0.03252319170556017,-0.03252319170556017,-0.420953997,-6.814898374,-0.021544759,0.0144,0.0,-0.011382538,0.073416295,-0.0325231917055601
2020-03-09,1.919035437,0.0,-1.491448576,0.0,-6.814898374,0.0,-0.142311946,0.0144,0.0,0.0,0.0,0.073416295,0.0,0.0,-0.011382538,-0.03252319170556017,-0.03252319170556017,-1.491448576,-6.814898374,-0.142311946,0.0144,0.0,-0.011382538,0.073416295,-0.0325231917055601
2020-03-10,-0.529381861,0.0,-4.195604674,6.428831324,0.0,0.008630734,0.0,0.0144,0.0,0.0,0.0,0.073416295,0.0,0.0,-0.011382538,-0.03252319170556017,-0.03252319170556017,-4.195604674,6.428831324,0.008630734,0.0144,0.0,-0.011382538,0.073416295,-0.0325231917055601
2020-03-11,-0.532199234,3.540507138,0.0,0.0,-3.965016422,0.0,-0.008630734,0.0144,0.0,0.0,0.0,0.073416295,0.0,0.0,-0.011382538,-0.03252319170556017,-0.03252319170556017,3.540507138,-3.965016422,-0.008630734,0.0144,0.0,-0.011382538,0.073416295,-0.0325231917055601
2020-03-12,-0.427808139,0.0,-4.195604674,0.0,-4.854872033,0.099208497,0.0,0.0144,0.0,0.0,0.0,0.073416295,0.0,0.0,-0.011382538,-0.03252319170556017,-0.03252319170556017,-4.195604674,-4.854872033,0.099208497,0.0144,0.0,-0.011382538,0.073416295,-0.0325231917055601
2020-03-13,-2.276521077,0.0,-4.195604674,0.505690079,0.0,0.056030862,0.0,0.0144,0.0,0.0,0.0,0.073416295,0.0,0.0,-0.011382538,-0.03252319170556017,-0.03252319170556017,-4.195604674,0.505690079,0.056030862,0.0144,0.0,-0.011382538,0.073416295,-0.0325231917055601
2020-03-16,0.655740055,3.036621784,0.0,0.0,-6.814898374,0.073223788,0.0,0.0144,0.0,0.0,0.0,0.073416295,0.0,0.0,-0.011382538,-0.03252319170556017,-0.03252319170556017,3.036621784,-6.814898374,0.073223788,0.0144,0.0,-0.011382538,0.073416295,-0.0325231917055601
2020-03-17,-1.315808458,0.0,-4.195604674,0.0,-6.814898374,0.055958506,0.0,0.0144,0.0,0.0,0.0,0.073416295,0.0,0.0,-0.011382538,-0.03252319170556017,-0.03252319170556017,-4.195604674,-6.814898374,0.055958506,0.0144,0.0,-0.011382538,0.073416295,-0.0325231917055601
2020-03-18,0.660068403,3.171244426,0.0,0.0,-6.814898374,0.189166007,0.0,0.0144,0.0,0.0,0.0,0.073416295,0.0,0.0,-0.011382538,-0.03252319170556017,-0.03252319170556017,3.171244426,-6.814898374,0.189166007,0.0144,0.0,-0.011382538,0.073416295,-0.0325231917055601
2020-03-19,-0.32948959,0.0,-2.034197529,6.428831324,0.0,0.308774583,0.0,0.0144,0.0,0.0,0.0,0.073416295,0.0,0.0,-0.011382538,-0.03252319170556017,-0.03252319170556017,-2.034197529,6.428831324,0.308774583,0.0144,0.0,-0.011382538,0.073416295,-0.0325231917055601
2020-03-20,0.76712705,0.0,-0.52022843,0.0,-6.814898374,0.431541613,0.0,0.0144,0.0,0.0,0.0,0.073416295,0.0,0.0,-0.011382538,-0.03252319170556017,-0.03252319170556017,-0.52022843,-6.814898374,0.431541613,0.0144,0.0,-0.011382538,0.073416295,-0.0325231917055601
2020-03-23,-0.218579322,0.0,-4.195604674,6.428831324,0.0,0.361741005,0.0,0.0144,0.0,0.0,0.0,0.073416295,0.0,0.0,-0.011382538,-0.03252319170556017,-0.03252319170556017,-4.195604674,6.428831324,0.361741005,0.0144,0.0,-0.011382538,0.073416295,-0.0325231917055601
2020-03-24,0.0,0.0,-4.140569128,0.0,-6.814898374,0.169779328,0.0,0.0144,0.0,0.0,0.0,0.073416295,0.0,0.0,-0.011382538,-0.03252319170556017,-0.03252319170556017,-4.140569128,-6.814898374,0.169779328,0.0144,0.0,-0.011382538,0.073416295,-0.0325231917055601
2020-03-25,1.842870582,0.4744275,0.0,0.0,-1.340374304,0.084781692,0.0,0.0144,0.0,0.0,0.0,0.073416295,0.0,0.0,-0.011382538,-0.03252319170556017,-0.03252319170556017,0.4744275,-1.340374304,0.084781692,0.0144,0.0,-0.011382538,0.073416295,-0.0325231917055601
2020-03-26,0.428725201,2.832183176,0.0,0.0,-6.814898374,0.084709874,0.0,0.0144,0.0,0.0,0.0,0.073416295,0.0,0.0,-0.011382538,-0.03252319170556017,-0.03252319170556017,2.832183176,-6.814898374,0.084709874,0.0144,0.0,-0.011382538,0.073416295,-0.0325231917055601
2020-03-27,0.957963686,0.512472711,0.0,0.0,-6.814898374,0.0,0.0,0.0144,0.0,0.0,0.0,0.073416295,0.0,0.0,-0.011382538,-0.03252319170556017,-0.03252319170556017,0.512472711,-6.814898374,0.0,0.0144,0.0,-0.011382538,0.073416295,-0.0325231917055601
2020-03-30,0.0,0.0,-4.195604674,0.0,-6.814898374,0.084638177,0.0,0.0144,0.0,0.0,0.0,0.073416295,0.0,0.0,-0.011382538,-0.03252319170556017,-0.03252319170556017,-4.195604674,-6.814898374,0.084638177,0.0144,0.0,-0.011382538,0.073416295,-0.0325231917055601
2020-03-31,0.0,0.874297925,0.0,6.428831324,0.0,0.0,-0.101574412,0.0,-0.002,0.0,0.0,0.043618238,0.0,0.0,-0.025225695,-0.03252319170556017,-0.03252319170556017,0.874297925,6.428831324,-0.101574412,-0.002,0.0,-0.025225695,0.043618238,-0.0325231917055601
2020-04-01,-0.318302656,0.0,-1.646957907,0.0,-1.127739336,0.0,-0.1101555,0.0,-0.002,0.0,0.0,0.043618238,0.0,0.0,-0.025225695,0.26257615132070455,0.26257615132070455,-1.646957907,-1.127739336,-0.1101555,-0.002,0.0,-0.025225695,0.043618238,0.2625761513207045
2020-04-02,0.0,0.0,0.0,6.428831324,0.0,0.0,0.0,0.0,-0.002,0.0,0.0,0.043618238,0.0,0.0,-0.025225695,0.26257615132070455,0.26257615132070455,0.0,6.428831324,0.0,-0.002,0.0,-0.025225695,0.043618238,0.2625761513207045
2020-04-03,0.0,3.540507138,0.0,6.428831324,0.0,0.0,-0.169707296,0.0,-0.002,0.0,0.0,0.043618238,0.0,0.0,-0.025225695,0.26257615132070455,0.26257615132070455,3.540507138,6.428831324,-0.169707296,-0.002,0.0,-0.025225695,0.043618238,0.2625761513207045
2020-04-06,-0.106326432,3.540507138,0.0,0.0,-6.814898374,0.0,-0.436554171,0.0,-0.002,0.0,0.0,0.043618238,0.0,0.0,-0.025225695,0.26257615132070455,0.26257615132070455,3.540507138,-6.814898374,-0.436554171,-0.002,0.0,-0.025225695,0.043618238,0.2625761513207045
2020-04-07,0.212539931,3.540507138,0.0,0.0,-6.814898374,0.042653018,0.0,0.0,-0.002,0.0,0.0,0.043618238,0.0,0.0,-0.025225695,0.26257615132070455,0.26257615132070455,3.540507138,-6.814898374,0.042653018,-0.002,0.0,-0.025225695,0.043618238,0.2625761513207045
2020-04-08,-0.212539931,0.0,-0.66532232,5.897400246,0.0,0.425532557,0.0,0.0,-0.002,0.0,0.0,0.043618238,0.0,0.0,-0.025225695,0.26257615132070455,0.26257615132070455,-0.66532232,5.897400246,0.425532557,-0.002,0.0,-0.025225695,0.043618238,0.2625761513207045
2020-04-09,0.106326432,1.482144481,0.0,0.0,-6.814898374,0.0,-0.263616803,0.0,-0.002,0.0,0.0,0.043618238,0.0,0.0,-0.025225695,0.26257615132070455,0.26257615132070455,1.482144481,-6.814898374,-0.263616803,-0.002,0.0,-0.025225695,0.043618238,0.2625761513207045
2020-04-10,0.0,1.059500296,0.0,0.0,0.0,0.0,-0.225902106,0.0,-0.002,0.0,0.0,0.043618238,0.0,0.0,-0.025225695,0.26257615132070455,0.26257615132070455,1.059500296,0.0,-0.225902106,-0.002,0.0,-0.025225695,0.043618238,0.2625761513207045
2020-04-13,0.0,0.513775135,0.0,0.0,-2.386326227,0.0,-0.012802185,0.0,-0.002,0.0,0.0,0.043618238,0.0,0.0,-0.025225695,0.26257615132070455,0.26257615132070455,0.513775135,-2.386326227,-0.012802185,-0.002,0.0,-0.025225695,0.043618238,0.2625761513207045
2020-04-14,1.47682009,0.785904828,0.0,0.0,-6.814898374,0.166300701,0.0,0.0,-0.002,0.0,0.0,0.043618238,0.0,0.0,-0.025225695,0.26257615132070455,0.26257615132070455,0.785904828,-6.814898374,0.166300701,-0.002,0.0,-0.025225695,0.043618238,0.2625761513207045
2020-04-15,0.0,0.0,-0.124913813,0.0,-0.947401751,0.0,-0.132165183,0.0,-0.002,0.0,0.0,0.043618238,0.0,0.0,-0.025225695,0.26257615132070455,0.26257615132070455,-0.124913813,-0.947401751,-0.132165183,-0.002,0.0,-0.025225695,0.043618238,0.2625761513207045
2020-04-16,-0.419727794,0.656650598,0.0,0.0,-0.703874198,0.0,0.0,0.0,-0.002,0.0,0.0,0.043618238,0.0,0.0,-0.025225695,0.26257615132070455,0.26257615132070455,0.656650598,-0.703874198,0.0,-0.002,0.0,-0.025225695,0.043618238,0.2625761513207045
2020-04-17,-0.105207795,1.775608002,0.0,0.0,-6.814898374,0.0,-0.068282693,0.0,-0.002,0.0,0.0,0.043618238,0.0,0.0,-0.025225695,0.26257615132070455,0.26257615132070455,1.775608002,-6.814898374,-0.068282693,-0.002,0.0,-0.025225695,0.043618238,0.2625761513207045
2020-04-22,0.0,0.0,-4.195604674,6.428831324,0.0,0.080956139,0.0,0.0,-0.002,0.0,0.0,0.043618238,0.0,0.0,-0.025225695,0.26257615132070455,0.26257615132070455,-4.195604674,6.428831324,0.080956139,-0.002,0.0,-0.025225695,0.043618238,0.2625761513207045
2020-04-23,0.630254187,2.80693988,0.0,6.428831324,0.0,0.025551486,0.0,0.0,-0.002,0.0,0.0,0.043618238,0.0,0.0,-0.025225695,0.26257615132070455,0.26257615132070455,2.80693988,6.428831324,0.025551486,-0.002,0.0,-0.025225695,0.043618238,0.2625761513207045
2020-04-24,0.209205097,0.393165874,0.0,5.992130447,0.0,0.0851245,0.0,0.0,-0.002,0.0,0.0,0.043618238,0.0,0.0,-0.025225695,0.26257615132070455,0.26257615132070455,0.393165874,5.992130447,0.0851245,-0.002,0.0,-0.025225695,0.043618238,0.2625761513207045
2020-04-27,0.312989301,0.0,-0.341514982,0.0,-6.814898374,0.0,-0.21294727,0.0,-0.002,0.0,0.0,0.043618238,0.0,0.0,-0.025225695,0.26257615132070455,0.26257615132070455,-0.341514982,-6.814898374,-0.21294727,-0.002,0.0,-0.025225695,0.043618238,0.2625761513207045
2020-04-28,-0.208550649,0.0,-0.170549287,1.872256561,0.0,0.0,-0.055440648,0.0,-0.002,0.0,0.0,0.043618238,0.0,0.0,-0.025225695,0.26257615132070455,0.26257615132070455,-0.170549287,1.872256561,-0.055440648,-0.002,0.0,-0.025225695,0.043618238,0.2625761513207045
2020-04-29,0.208550649,0.0,-0.612233575,6.428831324,0.0,0.0,-0.059739707,0.0,-0.002,0.0,0.0,0.043618238,0.0,0.0,-0.025225695,0.26257615132070455,0.26257615132070455,-0.612233575,6.428831324,-0.059739707,-0.002,0.0,-0.025225695,0.043618238,0.2625761513207045
2020-04-30,0.0,0.0,0.0,6.428831324,0.0,0.0,0.0,0.0,-0.0084,0.0,-0.01,0.0,-0.01718158,0.015663952,0.0,0.26257615132070455,0.26257615132070455,0.0,6.428831324,0.0,-0.0084,-0.01,0.015663952,-0.01718158,0.2625761513207045
2020-05-01,0.0,0.0,0.0,2.516178957,0.0,0.0,0.0,0.0,-0.0084,0.0,-0.01,0.0,-0.01718158,0.015663952,0.0,0.26257615132070455,0.26257615132070455,0.0,2.516178957,0.0,-0.0084,-0.01,0.015663952,-0.01718158,0.2625761513207045
2020-05-04,-0.522194398,0.0,-0.319274671,3.73270505,0.0,0.072536431,0.0,0.0,-0.0084,0.0,-0.01,0.0,-0.01718158,0.015663952,0.0,0.26257615132070455,0.26257615132070455,-0.319274671,3.73270505,0.072536431,-0.0084,-0.01,0.015663952,-0.01718158,0.2625761513207045
2020-05-05,0.104657257,0.0,-0.381859542,6.428831324,0.0,0.0,-0.102419674,0.0,-0.0084,0.0,-0.01,0.0,-0.01718158,0.015663952,0.0,0.26257615132070455,0.26257615132070455,-0.381859542,6.428831324,-0.102419674,-0.0084,-0.01,0.015663952,-0.01718158,0.2625761513207045
2020-05-06,0.10454784,0.533153394,0.0,0.0,-2.807781475,0.00853898,0.0,0.0,-0.0084,0.0,-0.01,0.0,-0.01718158,0.015663952,0.0,0.26257615132070455,0.26257615132070455,0.533153394,-2.807781475,0.00853898,-0.0084,-0.01,0.015663952,-0.01718158,0.2625761513207045
2020-05-07,-0.209205097,2.290776423,0.0,0.0,-0.841047851,0.008538251,0.0,0.0,-0.0084,0.0,-0.01,0.0,-0.01718158,0.015663952,0.0,0.26257615132070455,0.26257615132070455,2.290776423,-0.841047851,0.008538251,-0.0084,-0.01,0.015663952,-0.01718158,0.2625761513207045
2020-05-08,0.0,1.922602427,0.0,4.338627152,0.0,0.0,-0.205119511,0.0,-0.0084,0.0,-0.01,0.0,-0.01718158,0.015663952,0.0,0.26257615132070455,0.26257615132070455,1.922602427,4.338627152,-0.205119511,-0.0084,-0.01,0.015663952,-0.01718158,0.2625761513207045
2020-05-11,0.209205097,2.216848682,0.0,0.0,-2.913026488,0.0,-0.235551191,0.0,-0.0084,0.0,-0.01,0.0,-0.01718158,0.015663952,0.0,0.26257615132070455,0.26257615132070455,2.216848682,-2.913026488,-0.235551191,-0.0084,-0.01,0.015663952,-0.01718158,0.2625761513207045
2020-05-12,-0.10454784,1.09751641,0.0,6.428831324,0.0,0.034296494,0.0,0.0,-0.0084,0.0,-0.01,0.0,-0.01718158,0.015663952,0.0,0.26257615132070455,0.26257615132070455,1.09751641,6.428831324,0.034296494,-0.0084,-0.01,0.015663952,-0.01718158,0.2625761513207045
2020-05-13,0.417537141,0.965958636,0.0,0.0,-1.525552762,0.072841017,0.0,0.0,-0.0084,0.0,-0.01,0.0,-0.01718158,0.015663952,0.0,0.26257615132070455,0.26257615132070455,0.965958636,-1.525552762,0.072841017,-0.0084,-0.01,0.015663952,-0.01718158,0.2625761513207045
2020-05-14,0.312012734,0.0,-0.522119185,6.428831324,0.0,0.012848791,0.0,0.0,-0.0084,0.0,-0.01,0.0,-0.01718158,0.015663952,0.0,0.26257615132070455,0.26257615132070455,-0.522119185,6.428831324,0.012848791,-0.0084,-0.01,0.015663952,-0.01718158,0.2625761513207045
2020-05-15,0.311042241,0.534089928,0.0,6.428831324,0.0,0.021410984,0.0,0.0,-0.0084,0.0,-0.01,0.0,-0.01718158,0.015663952,0.0,0.26257615132070455,0.26257615132070455,0.534089928,6.428831324,0.021410984,-0.0084,-0.01,0.015663952,-0.01718158,0.2625761513207045
2020-05-18,0.824746943,0.0,-0.953756982,6.428831324,0.0,0.0,-0.072816057,0.0,-0.0084,0.0,-0.01,0.0,-0.01718158,0.015663952,0.0,0.26257615132070455,0.26257615132070455,-0.953756982,6.428831324,-0.072816057,-0.0084,-0.01,0.015663952,-0.01718158,0.2625761513207045
2020-05-19,-0.308483535,2.935380999,0.0,1.465798893,0.0,0.0,-0.184418812,0.0,-0.0084,0.0,-0.01,0.0,-0.01718158,0.015663952,0.0,0.26257615132070455,0.26257615132070455,2.935380999,1.465798893,-0.184418812,-0.0084,-0.01,0.015663952,-0.01718158,0.2625761513207045
2020-05-20,0.102933617,0.0,-0.724329337,3.826765137,0.0,0.0,-0.107376795,0.0,-0.0084,0.0,-0.01,0.0,-0.01718158,0.015663952,0.0,0.26257615132070455,0.26257615132070455,-0.724329337,3.826765137,-0.107376795,-0.0084,-0.01,0.015663952,-0.01718158,0.2625761513207045
2020-05-21,-0.102933617,1.051205503,0.0,2.181047257,0.0,0.021484585,0.0,0.0,-0.0084,0.0,-0.01,0.0,-0.01718158,0.015663952,0.0,0.26257615132070455,0.26257615132070455,1.051205503,2.181047257,0.021484585,-0.0084,-0.01,0.015663952,-0.01718158,0.2625761513207045
2020-05-22,-0.103039679,0.508687263,0.0,0.0,-2.389846737,0.0,-0.034377552,0.0,-0.0084,0.0,-0.01,0.0,-0.01718158,0.015663952,0.0,0.26257615132070455,0.26257615132070455,0.508687263,-2.389846737,-0.034377552,-0.0084,-0.01,0.015663952,-0.01718158,0.2625761513207045
2020-05-25,-0.103145961,0.0,-0.746415955,0.0,0.0,0.193220181,0.0,0.0,-0.0084,0.0,-0.01,0.0,-0.01718158,0.015663952,0.0,0.26257615132070455,0.26257615132070455,-0.746415955,0.0,0.193220181,-0.0084,-0.01,0.015663952,-0.01718158,0.2625761513207045
2020-05-26,0.103145961,0.999792505,0.0,3.549280015,0.0,0.102898311,0.0,0.0,-0.0084,0.0,-0.01,0.0,-0.01718158,0.015663952,0.0,0.26257615132070455,0.26257615132070455,0.999792505,3.549280015,0.102898311,-0.0084,-0.01,0.015663952,-0.01718158,0.2625761513207045
2020-05-27,-0.206398422,0.885247894,0.0,0.0,-5.631117156,0.0,-0.047148583,0.0,-0.0084,0.0,-0.01,0.0,-0.01718158,0.015663952,0.0,0.26257615132070455,0.26257615132070455,0.885247894,-5.631117156,-0.047148583,-0.0084,-0.01,0.015663952,-0.01718158,0.2625761513207045
2020-05-28,0.0,0.0,-1.175871427,2.617871778,0.0,0.0,-0.107238616,0.0,-0.0084,0.0,-0.01,0.0,-0.01718158,0.015663952,0.0,0.26257615132070455,0.26257615132070455,-1.175871427,2.617871778,-0.107238616,-0.0084,-0.01,0.015663952,-0.01718158,0.2625761513207045
2020-05-29,0.103252461,0.304552242,0.0,5.489535279,0.0,0.0,-0.085873771,0.0,-0.0084,0.0,-0.01,0.0,-0.01718158,0.015663952,0.0,0.26257615132070455,0.26257615132070455,0.304552242,5.489535279,-0.085873771,-0.0084,-0.01,0.015663952,-0.01718158,0.2625761513207045
2020-06-01,0.41194703,0.852908277,0.0,0.0,-0.22516193,0.0,-0.085947577,0.0,-0.0181,0.0,0.0,0.057898739,0.0,0.0,-0.005463204,0.26257615132070455,0.26257615132070455,0.852908277,-0.22516193,-0.085947577,-0.0181,0.0,-0.005463204,0.057898739,0.2625761513207045
2020-06-02,0.0,1.173792221,0.0,3.841843203,0.0,0.0,-0.030099112,0.0,-0.0181,0.0,0.0,0.057898739,0.0,0.0,-0.005463204,0.26257615132070455,0.26257615132070455,1.173792221,3.841843203,-0.030099112,-0.0181,0.0,-0.005463204,0.057898739,0.2625761513207045
2020-06-03,-0.267572456,0.0,-0.28474472,1.212789424,0.0,0.030099112,0.0,0.0,-0.0181,0.0,0.0,0.057898739,0.0,0.0,-0.005463204,0.26257615132070455,0.26257615132070455,-0.28474472,1.212789424,0.030099112,-0.0181,0.0,-0.005463204,0.057898739,0.2625761513207045
2020-06-04,-0.206313257,0.953544964,0.0,0.240802792,0.0,0.012896847,0.0,0.0,-0.0181,0.0,0.0,0.057898739,0.0,0.0,-0.005463204,0.26257615132070455,0.26257615132070455,0.953544964,0.240802792,0.012896847,-0.0181,0.0,-0.005463204,0.057898739,0.2625761513207045
2020-06-05,0.123839025,0.0,-0.195642771,5.384215445,0.0,0.0,-0.034395288,0.0,-0.0181,0.0,0.0,0.057898739,0.0,0.0,-0.005463204,0.26257615132070455,0.26257615132070455,-0.195642771,5.384215445,-0.034395288,-0.0181,0.0,-0.005463204,0.057898739,0.2625761513207045
2020-06-08,-0.37197811,0.598162158,0.0,0.0,-3.399760854,0.0,0.0,0.0,-0.0181,0.0,0.0,0.057898739,0.0,0.0,-0.005463204,0.26257615132070455,0.26257615132070455,0.598162158,-3.399760854,0.0,-0.0181,0.0,-0.005463204,0.057898739,0.2625761513207045
2020-06-09,-2.2614029,1.514300612,0.0,2.099882732,0.0,0.0,-0.215238998,0.0,-0.0181,0.0,0.0,0.057898739,0.0,0.0,-0.005463204,0.26257615132070455,0.26257615132070455,1.514300612,2.099882732,-0.215238998,-0.0181,0.0,-0.005463204,0.057898739,0.2625761513207045
2020-06-10,2.509541985,0.0,-0.386443869,1.426412366,0.0,0.0,-0.064662143,0.0,-0.0181,0.0,0.0,0.057898739,0.0,0.0,-0.005463204,0.26257615132070455,0.26257615132070455,-0.386443869,1.426412366,-0.064662143,-0.0181,0.0,-0.005463204,0.057898739,0.2625761513207045
2020-06-11,0.165084643,0.188966631,0.0,0.0,-6.814898374,0.10774702,0.0,0.0,-0.0181,0.0,0.0,0.057898739,0.0,0.0,-0.005463204,0.26257615132070455,0.26257615132070455,0.188966631,-6.814898374,0.10774702,-0.0181,0.0,-0.005463204,0.057898739,0.2625761513207045
2020-06-12,-0.165084643,0.0,-4.195604674,0.0,-0.522912985,0.0,-0.038775555,0.0,-0.0181,0.0,0.0,0.057898739,0.0,0.0,-0.005463204,0.26257615132070455,0.26257615132070455,-4.195604674,-0.522912985,-0.038775555,-0.0181,0.0,-0.005463204,0.057898739,0.2625761513207045
2020-06-15,0.082576388,3.003671521,0.0,2.264453599,0.0,0.060311034,0.0,0.0,-0.0181,0.0,0.0,0.057898739,0.0,0.0,-0.005463204,0.26257615132070455,0.26257615132070455,3.003671521,2.264453599,0.060311034,-0.0181,0.0,-0.005463204,0.057898739,0.2625761513207045
2020-06-16,-0.123890167,0.0,-2.174429348,3.159694685,0.0,0.0,-0.043075598,0.0,-0.0181,0.0,0.0,0.057898739,0.0,0.0,-0.005463204,0.26257615132070455,0.26257615132070455,-2.174429348,3.159694685,-0.043075598,-0.0181,0.0,-0.005463204,0.057898739,0.2625761513207045
2020-06-17,-0.144732787,1.425830192,0.0,0.0,-0.919003448,0.0,-0.060337027,0.0,-0.0181,0.0,0.0,0.057898739,0.0,0.0,-0.005463204,0.26257615132070455,0.26257615132070455,1.425830192,-0.919003448,-0.060337027,-0.0181,0.0,-0.005463204,0.057898739,0.2625761513207045
2020-06-18,0.0,0.0,-1.183445765,2.294755192,0.0,0.060337027,0.0,0.0,-0.0181,0.0,0.0,0.057898739,0.0,0.0,-0.005463204,0.26257615132070455,0.26257615132070455,-1.183445765,2.294755192,0.060337027,-0.0181,0.0,-0.005463204,0.057898739,0.2625761513207045
2020-06-19,0.351131209,0.801788118,0.0,2.369235773,0.0,0.021540119,0.0,0.0,-0.0181,0.0,0.0,0.057898739,0.0,0.0,-0.005463204,0.26257615132070455,0.26257615132070455,0.801788118,2.369235773,0.021540119,-0.0181,0.0,-0.005463204,0.057898739,0.2625761513207045
2020-06-22,0.205973296,1.594871112,0.0,2.191322743,0.0,0.0,-0.021540119,0.0,-0.0181,0.0,0.0,0.057898739,0.0,0.0,-0.005463204,0.26257615132070455,0.26257615132070455,1.594871112,2.191322743,-0.021540119,-0.0181,0.0,-0.005463204,0.057898739,0.2625761513207045
2020-06-23,0.102827773,0.016061861,0.0,0.0,-0.493828164,0.012924628,0.0,0.0,-0.0181,0.0,0.0,0.057898739,0.0,0.0,-0.005463204,0.26257615132070455,0.26257615132070455,0.016061861,-0.493828164,0.012924628,-0.0181,0.0,-0.005463204,0.057898739,0.2625761513207045
2020-06-24,0.389784061,0.0,-0.402322515,0.0,-6.361485544,0.0,-0.077572836,0.0,-0.0181,0.0,0.0,0.057898739,0.0,0.0,-0.005463204,0.26257615132070455,0.26257615132070455,-0.402322515,-6.361485544,-0.077572836,-0.0181,0.0,-0.005463204,0.057898739,0.2625761513207045
2020-06-25,-0.040958428,0.0,-1.990422195,1.959054425,0.0,0.056030862,0.0,0.0,-0.0181,0.0,0.0,0.057898739,0.0,0.0,-0.005463204,0.26257615132070455,0.26257615132070455,-1.990422195,1.959054425,0.056030862,-0.0181,0.0,-0.005463204,0.057898739,0.2625761513207045
2020-06-26,0.020481311,0.725837018,0.0,0.0,-0.336831514,0.008617347,0.0,0.0,-0.0181,0.0,0.0,0.057898739,0.0,0.0,-0.005463204,0.26257615132070455,0.26257615132070455,0.725837018,-0.336831514,0.008617347,-0.0181,0.0,-0.005463204,0.057898739,0.2625761513207045
2020-06-29,0.327131758,0.0,-1.294961009,2.915807589,0.0,0.0,-0.051715223,0.0,-0.0181,0.0,0.0,0.057898739,0.0,0.0,-0.005463204,0.26257615132070455,0.26257615132070455,-1.294961009,2.915807589,-0.051715223,-0.0181,0.0,-0.005463204,0.057898739,0.2625761513207045
2020-06-30,-0.040832994,0.0,-1.133715455,0.0,-1.013436594,0.025860954,0.0,0.0,-0.0004,0.0,-0.005,0.006627879,0.0,0.011439142,0.0,0.26257615132070455,0.26257615132070455,-1.133715455,-1.013436594,0.025860954,-0.0004,-0.005,0.011439142,0.006627879,0.2625761513207045
2020-07-01,0.366898088,0.0,-1.087496223,1.54140765,0.0,0.0,-0.004309695,0.0,-0.0004,0.0,-0.005,0.006627879,0.0,0.011439142,0.0,-0.18126279544571222,-0.18126279544571222,-1.087496223,1.54140765,-0.004309695,-0.0004,-0.005,0.011439142,0.006627879,-0.1812627954457122
2020-07-02,0.142319837,2.150286336,0.0,1.715393212,0.0,0.0,-0.00430988,0.0,-0.0004,0.0,-0.005,0.006627879,0.0,0.011439142,0.0,-0.18126279544571222,-0.18126279544571222,2.150286336,1.715393212,-0.00430988,-0.0004,-0.005,0.011439142,0.006627879,-0.1812627954457122
2020-07-03,0.263772092,0.0,-0.047311524,0.0,0.0,0.0,-0.012930756,0.0,-0.0004,0.0,-0.005,0.006627879,0.0,0.011439142,0.0,-0.18126279544571222,-0.18126279544571222,-0.047311524,0.0,-0.012930756,-0.0004,-0.005,0.011439142,0.006627879,-0.1812627954457122
2020-07-06,0.384265818,0.73199952,0.0,0.0,-0.148002,0.00862069,0.0,0.0,-0.0004,0.0,-0.005,0.006627879,0.0,0.011439142,0.0,-0.18126279544571222,-0.18126279544571222,0.73199952,-0.148002,0.00862069,-0.0004,-0.005,0.011439142,0.006627879,-0.1812627954457122
2020-07-07,0.66391955,1.629688995,0.0,0.197287364,0.0,0.0,-0.090554328,0.0,-0.0004,0.0,-0.005,0.006627879,0.0,0.011439142,0.0,-0.18126279544571222,-0.18126279544571222,1.629688995,0.197287364,-0.090554328,-0.0004,-0.005,0.011439142,0.006627879,-0.1812627954457122
2020-07-08,-0.341468646,0.0,-0.429595209,0.785280109,0.0,0.034506557,0.0,0.0,-0.0004,0.0,-0.005,0.006627879,0.0,0.011439142,0.0,-0.18126279544571222,-0.18126279544571222,-0.429595209,0.785280109,0.034506557,-0.0004,-0.005,0.011439142,0.006627879,-0.1812627954457122
2020-07-09,0.501757199,0.683472746,0.0,0.0,-3.153582248,0.0,-0.01725179,0.0,-0.0004,0.0,-0.005,0.006627879,0.0,0.011439142,0.0,-0.18126279544571222,-0.18126279544571222,0.683472746,-3.153582248,-0.01725179,-0.0004,-0.005,0.011439142,0.006627879,-0.1812627954457122
2020-07-10,0.2998503,0.693713445,0.0,2.294364982,0.0,0.0,-0.030197796,0.0,-0.0004,0.0,-0.005,0.006627879,0.0,0.011439142,0.0,-0.18126279544571222,-0.18126279544571222,0.693713445,2.294364982,-0.030197796,-0.0004,-0.005,0.011439142,0.006627879,-0.1812627954457122
2020-07-13,0.298953885,0.131537579,0.0,0.0,-1.240402905,0.008628872,0.0,0.0,-0.0004,0.0,-0.005,0.006627879,0.0,0.011439142,0.0,-0.18126279544571222,-0.18126279544571222,0.131537579,-1.240402905,0.008628872,-0.0004,-0.005,0.011439142,0.006627879,-0.1812627954457122
2020-07-14,-0.159330844,0.0,-1.131137553,0.597313871,0.0,0.008628128,0.0,0.0,-0.0004,0.0,-0.005,0.006627879,0.0,0.011439142,0.0,-0.18126279544571222,-0.18126279544571222,-1.131137553,0.597313871,0.008628128,-0.0004,-0.005,0.011439142,0.006627879,-0.1812627954457122
2020-07-15,0.258783861,0.896536696,0.0,2.20867874,0.0,0.008627383,0.0,0.0,-0.0004,0.0,-0.005,0.006627879,0.0,0.011439142,0.0,-0.18126279544571222,-0.18126279544571222,0.896536696,2.20867874,0.008627383,-0.0004,-0.005,0.011439142,0.006627879,-0.1812627954457122
2020-07-16,0.0,0.0,-0.113492426,0.0,-1.122784556,0.004313413,0.0,0.0,-0.0004,0.0,-0.005,0.006627879,0.0,0.011439142,0.0,-0.18126279544571222,-0.18126279544571222,-0.113492426,-1.122784556,0.004313413,-0.0004,-0.005,0.011439142,0.006627879,-0.1812627954457122
2020-07-17,-0.119355495,0.191372266,0.0,0.0,-0.467463024,0.030188679,0.0,0.0,-0.0004,0.0,-0.005,0.006627879,0.0,0.011439142,0.0,-0.18126279544571222,-0.18126279544571222,0.191372266,-0.467463024,0.030188679,-0.0004,-0.005,0.011439142,0.006627879,-0.1812627954457122
2020-07-20,0.2187097,0.0,-0.323368819,0.688132477,0.0,0.0,-0.01293689,0.0,-0.0004,0.0,-0.005,0.006627879,0.0,0.011439142,0.0,-0.18126279544571222,-0.18126279544571222,-0.323368819,0.688132477,-0.01293689,-0.0004,-0.005,0.011439142,0.006627879,-0.1812627954457122
2020-07-21,0.594061153,0.0,-0.774822278,2.252183824,0.0,0.0,-0.034506557,0.0,-0.0004,0.0,-0.005,0.006627879,0.0,0.011439142,0.0,-0.18126279544571222,-0.18126279544571222,-0.774822278,2.252183824,-0.034506557,-0.0004,-0.005,0.011439142,0.006627879,-0.1812627954457122
2020-07-22,2.534248685,0.0,-0.132040743,0.286944243,0.0,0.017254767,0.0,0.0,-0.0004,0.0,-0.005,0.006627879,0.0,0.011439142,0.0,-0.18126279544571222,-0.18126279544571222,-0.132040743,0.286944243,0.017254767,-0.0004,-0.005,0.011439142,0.006627879,-0.1812627954457122
2020-07-23,0.70969896,0.0,-0.917501721,0.0,-2.148025149,0.0,-0.017254767,0.0,-0.0004,0.0,-0.005,0.006627879,0.0,0.011439142,0.0,-0.18126279544571222,-0.18126279544571222,-0.917501721,-2.148025149,-0.017254767,-0.0004,-0.005,0.011439142,0.006627879,-0.1812627954457122
2020-07-24,2.573241397,0.0,-0.080741894,0.58380122,0.0,0.0,-0.021572646,0.0,-0.0004,0.0,-0.005,0.006627879,0.0,0.011439142,0.0,-0.18126279544571222,-0.18126279544571222,-0.080741894,0.58380122,-0.021572646,-0.0004,-0.005,0.011439142,0.006627879,-0.1812627954457122
2020-07-27,2.573241397,0.0,-4.195604674,0.556296029,0.0,0.025886617,0.0,0.0,-0.0004,0.0,-0.005,0.006627879,0.0,0.011439142,0.0,-0.18126279544571222,-0.18126279544571222,-4.195604674,0.556296029,0.025886617,-0.0004,-0.005,0.011439142,0.006627879,-0.1812627954457122
2020-07-28,0.808266636,0.0,-0.938736446,0.0,-1.384357263,0.0,-0.047463918,0.0,-0.0004,0.0,-0.005,0.006627879,0.0,0.011439142,0.0,-0.18126279544571222,-0.18126279544571222,-0.938736446,-1.384357263,-0.047463918,-0.0004,-0.005,0.011439142,0.006627879,-0.1812627954457122
2020-07-29,0.713015498,1.050744613,0.0,0.585224787,0.0,0.021577301,0.0,0.0,-0.0004,0.0,-0.005,0.006627879,0.0,0.011439142,0.0,-0.18126279544571222,-0.18126279544571222,1.050744613,0.585224787,0.021577301,-0.0004,-0.005,0.011439142,0.006627879,-0.1812627954457122
2020-07-30,0.443066742,0.149567978,0.0,0.0,-3.161537701,0.0,0.0,0.0,-0.0004,0.0,-0.005,0.006627879,0.0,0.011439142,0.0,-0.18126279544571222,-0.18126279544571222,0.149567978,-3.161537701,0.0,-0.0004,-0.005,0.011439142,0.006627879,-0.1812627954457122
2020-07-31,0.0,0.0,-1.065666651,0.625392908,0.0,0.0,-0.021577301,0.0076,0.0,0.0,0.0,0.024514057,0.0,0.003536839,0.0,-0.18126279544571222,-0.18126279544571222,-1.065666651,0.625392908,-0.021577301,0.0076,0.0,0.003536839,0.024514057,-0.1812627954457122
2020-08-03,0.35304538,1.146014158,0.0,1.804077102,0.0,0.0,0.0,0.0076,0.0,0.0,0.0,0.024514057,0.0,0.003536839,0.0,-0.18126279544571222,-0.18126279544571222,1.146014158,1.804077102,0.0,0.0076,0.0,0.003536839,0.024514057,-0.1812627954457122
2020-08-04,1.312929144,3.210707221,0.0,2.03643401,0.0,0.021577301,0.0,0.0076,0.0,0.0,0.0,0.024514057,0.0,0.003536839,0.0,-0.18126279544571222,-0.18126279544571222,3.210707221,2.03643401,0.021577301,0.0076,0.0,0.003536839,0.024514057,-0.1812627954457122
2020-08-05,0.693243678,0.56713676,0.0,1.382290837,0.0,0.0,-0.004315088,0.0076,0.0,0.0,0.0,0.024514057,0.0,0.003536839,0.0,-0.18126279544571222,-0.18126279544571222,0.56713676,1.382290837,-0.004315088,0.0076,0.0,0.003536839,0.024514057,-0.1812627954457122
2020-08-06,2.573241397,1.257258913,0.0,0.0,-0.760279262,0.0,-0.004315274,0.0076,0.0,0.0,0.0,0.024514057,0.0,0.003536839,0.0,-0.18126279544571222,-0.18126279544571222,1.257258913,-0.760279262,-0.004315274,0.0076,0.0,0.003536839,0.024514057,-0.1812627954457122
2020-08-07,1.911150815,0.314536854,0.0,0.0,-1.853465022,0.0,0.0,0.0076,0.0,0.0,0.0,0.024514057,0.0,0.003536839,0.0,-0.18126279544571222,-0.18126279544571222,0.314536854,-1.853465022,0.0,0.0076,0.0,0.003536839,0.024514057,-0.1812627954457122
2020-08-10,-2.345690035,0.529139427,0.0,1.877311451,0.0,0.0,-0.012946939,0.0076,0.0,0.0,0.0,0.024514057,0.0,0.003536839,0.0,-0.18126279544571222,-0.18126279544571222,0.529139427,1.877311451,-0.012946939,0.0076,0.0,0.003536839,0.024514057,-0.1812627954457122
2020-08-11,-2.345690035,0.295382794,0.0,0.0,-0.982396783,0.017262213,0.0,0.0076,0.0,0.0,0.0,0.024514057,0.0,0.003536839,0.0,-0.18126279544571222,-0.18126279544571222,0.295382794,-0.982396783,0.017262213,0.0076,0.0,0.003536839,0.024514057,-0.1812627954457122
2020-08-12,-1.922048994,0.0,-0.40430366,2.543819563,0.0,0.004315088,0.0,0.0076,0.0,0.0,0.0,0.024514057,0.0,0.003536839,0.0,-0.18126279544571222,-0.18126279544571222,-0.40430366,2.543819563,0.004315088,0.0076,0.0,0.003536839,0.024514057,-0.1812627954457122
2020-08-13,1.172701164,0.681170181,0.0,0.0,-0.801324109,0.0,-0.004315088,0.0076,0.0,0.0,0.0,0.024514057,0.0,0.003536839,0.0,-0.18126279544571222,-0.18126279544571222,0.681170181,-0.801324109,-0.004315088,0.0076,0.0,0.003536839,0.024514057,-0.1812627954457122
2020-08-14,1.862945084,0.508142505,0.0,0.0,-0.498162577,0.0,0.0,0.0076,0.0,0.0,0.0,0.024514057,0.0,0.003536839,0.0,-0.18126279544571222,-0.18126279544571222,0.508142505,-0.498162577,0.0,0.0076,0.0,0.003536839,0.024514057,-0.1812627954457122
2020-08-17,1.68378795,0.0,-0.729574363,1.977931211,0.0,0.0,0.0,0.0076,0.0,0.0,0.0,0.024514057,0.0,0.003536839,0.0,-0.18126279544571222,-0.18126279544571222,-0.729574363,1.977931211,0.0,0.0076,0.0,0.003536839,0.024514057,-0.1812627954457122
2020-08-18,2.509092199,0.243783354,0.0,0.0,0.0,0.0,0.0,0.0076,0.0,0.0,0.0,0.024514057,0.0,0.003536839,0.0,-0.18126279544571222,-0.18126279544571222,0.243783354,0.0,0.0,0.0076,0.0,0.003536839,0.024514057,-0.1812627954457122
2020-08-19,-1.695712207,0.0,-0.348781387,0.046620047,0.0,0.0,0.0,0.0076,0.0,0.0,0.0,0.024514057,0.0,0.003536839,0.0,-0.18126279544571222,-0.18126279544571222,-0.348781387,0.046620047,0.0,0.0076,0.0,0.003536839,0.024514057,-0.1812627954457122
2020-08-20,-0.904165292,0.473387601,0.0,0.0,-0.678127233,0.0,0.0,0.0076,0.0,0.0,0.0,0.024514057,0.0,0.003536839,0.0,-0.18126279544571222,-0.18126279544571222,0.473387601,-0.678127233,0.0,0.0076,0.0,0.003536839,0.024514057,-0.1812627954457122
2020-08-21,0.543479599,0.0,-0.143428193,0.0,-0.706383912,0.004315088,0.0,0.0076,0.0,0.0,0.0,0.024514057,0.0,0.003536839,0.0,-0.18126279544571222,-0.18126279544571222,-0.143428193,-0.706383912,0.004315088,0.0076,0.0,0.003536839,0.024514057,-0.1812627954457122
2020-08-24,0.180505464,1.211469849,0.0,0.28315262,0.0,0.008629617,0.0,0.0076,0.0,0.0,0.0,0.024514057,0.0,0.003536839,0.0,-0.18126279544571222,-0.18126279544571222,1.211469849,0.28315262,0.008629617,0.0076,0.0,0.003536839,0.024514057,-0.1812627954457122
2020-08-25,0.0,1.221084098,0.0,1.705449582,0.0,0.0,-0.030206918,0.0076,0.0,0.0,0.0,0.024514057,0.0,0.003536839,0.0,-0.18126279544571222,-0.18126279544571222,1.221084098,1.705449582,-0.030206918,0.0076,0.0,0.003536839,0.024514057,-0.1812627954457122
2020-08-26,-0.633199764,0.309537432,0.0,0.092614038,0.0,0.017262213,0.0,0.0076,0.0,0.0,0.0,0.024514057,0.0,0.003536839,0.0,-0.18126279544571222,-0.18126279544571222,0.309537432,0.092614038,0.017262213,0.0076,0.0,0.003536839,0.024514057,-0.1812627954457122
2020-08-27,0.362319237,0.0,-0.14203897,0.0,-0.766643318,0.0,0.0,0.0076,0.0,0.0,0.0,0.024514057,0.0,0.003536839,0.0,-0.18126279544571222,-0.18126279544571222,-0.14203897,-0.766643318,0.0,0.0076,0.0,0.003536839,0.024514057,-0.1812627954457122
2020-08-28,0.900096086,1.044526921,0.0,0.186393344,0.0,0.0,0.0,0.0076,0.0,0.0,0.0,0.024514057,0.0,0.003536839,0.0,-0.18126279544571222,-0.18126279544571222,1.044526921,0.186393344,0.0,0.0076,0.0,0.003536839,0.024514057,-0.1812627954457122
2020-08-31,1.158142121,0.066905943,0.0,0.0,-0.818048269,0.0,0.0,0.0047,0.0,0.0,0.0,0.110415661,0.0,0.0,-0.013197165,-0.18126279544571222,-0.18126279544571222,0.066905943,-0.818048269,0.0,0.0047,0.0,-0.013197165,0.110415661,-0.1812627954457122
2020-09-01,0.530036577,0.002267214,0.0,0.351411865,0.0,0.0,0.0,0.0047,0.0,0.0,0.0,0.110415661,0.0,0.0,-0.013197165,-0.18126279544571222,-0.18126279544571222,0.002267214,0.351411865,0.0,0.0047,0.0,-0.013197165,0.110415661,-0.1812627954457122
2020-09-02,0.0,0.0,0.0,0.0,0.0,0.0,0.0,0.0047,0.0,0.0,0.0,0.110415661,0.0,0.0,-0.013197165,-0.18126279544571222,-0.18126279544571222,0.0,0.0,0.0,0.0047,0.0,-0.013197165,0.110415661,-0.1812627954457122
2020-09-03,-1.598613085,1.808631642,0.0,0.0,-3.25637804,0.0,0.0,0.0047,0.0,0.0,0.0,0.110415661,0.0,0.0,-0.013197165,-0.18126279544571222,-0.18126279544571222,1.808631642,-3.25637804,0.0,0.0047,0.0,-0.013197165,0.110415661,-0.1812627954457122
2020-09-04,-0.179211517,0.0,-0.248569184,0.0,-4.194003897,0.017259234,0.0,0.0047,0.0,0.0,0.0,0.110415661,0.0,0.0,-0.013197165,-0.18126279544571222,-0.18126279544571222,-0.248569184,-4.194003897,0.017259234,0.0047,0.0,-0.013197165,0.110415661,-0.1812627954457122
2020-09-07,-0.179533262,0.870068327,0.0,0.0,0.0,0.0,-0.017259234,0.0047,0.0,0.0,0.0,0.110415661,0.0,0.0,-0.013197165,-0.18126279544571222,-0.18126279544571222,0.870068327,0.0,-0.017259234,0.0047,0.0,-0.013197165,0.110415661,-0.1812627954457122
2020-09-08,-0.089887647,0.0,-1.363460018,0.0,-6.814898374,0.008629989,0.0,0.0047,0.0,0.0,0.0,0.110415661,0.0,0.0,-0.013197165,-0.18126279544571222,-0.18126279544571222,-1.363460018,-6.814898374,0.008629989,0.0047,0.0,-0.013197165,0.110415661,-0.1812627954457122
2020-09-09,0.179694568,0.0,-0.893381109,3.150287206,0.0,0.0,-0.004314902,0.0047,0.0,0.0,0.0,0.110415661,0.0,0.0,-0.013197165,-0.18126279544571222,-0.18126279544571222,-0.893381109,3.150287206,-0.004314902,0.0047,0.0,-0.013197165,0.110415661,-0.1812627954457122
2020-09-10,0.53715438,1.305268198,0.0,0.0,-2.124913948,0.0,-0.010788068,0.0047,0.0,0.0,0.0,0.110415661,0.0,0.0,-0.013197165,-0.18126279544571222,-0.18126279544571222,1.305268198,-2.124913948,-0.010788068,0.0047,0.0,-0.013197165,0.110415661,-0.1812627954457122
2020-09-11,-0.268216522,0.0,-0.725294781,0.21453481,0.0,0.006472981,0.0,0.0047,0.0,0.0,0.0,0.110415661,0.0,0.0,-0.013197165,-0.18126279544571222,-0.18126279544571222,-0.725294781,0.21453481,0.006472981,0.0047,0.0,-0.013197165,0.110415661,-0.1812627954457122
2020-09-14,0.178890924,0.344806627,0.0,0.0,-0.268240504,0.004315088,0.0,0.0047,0.0,0.0,0.0,0.110415661,0.0,0.0,-0.013197165,-0.18126279544571222,-0.18126279544571222,0.344806627,-0.268240504,0.004315088,0.0047,0.0,-0.013197165,0.110415661,-0.1812627954457122
2020-09-15,0.356824643,0.740615871,0.0,2.80738776,0.0,0.0,0.0,0.0047,0.0,0.0,0.0,0.110415661,0.0,0.0,-0.013197165,-0.18126279544571222,-0.18126279544571222,0.740615871,2.80738776,0.0,0.0047,0.0,-0.013197165,0.110415661,-0.1812627954457122
2020-09-16,0.17793599,0.0,-0.121384241,4.793168288,0.0,0.012944146,0.0,0.0047,0.0,0.0,0.0,0.110415661,0.0,0.0,-0.013197165,-0.18126279544571222,-0.18126279544571222,-0.121384241,4.793168288,0.012944146,0.0047,0.0,-0.013197165,0.110415661,-0.1812627954457122
2020-09-17,-0.356189157,0.004457073,0.0,2.020768615,0.0,0.0,-0.034521447,0.0047,0.0,0.0,0.0,0.110415661,0.0,0.0,-0.013197165,-0.18126279544571222,-0.18126279544571222,0.004457073,2.020768615,-0.034521447,0.0047,0.0,-0.013197165,0.110415661,-0.1812627954457122
2020-09-18,-0.089245878,0.0,-0.154999892,0.243664838,0.0,0.0,0.0,0.0047,0.0,0.0,0.0,0.110415661,0.0,0.0,-0.013197165,-0.18126279544571222,-0.18126279544571222,-0.154999892,0.243664838,0.0,0.0047,0.0,-0.013197165,0.110415661,-0.1812627954457122
2020-09-21,0.178412179,0.935261013,0.0,0.0,-4.555859405,0.034521447,0.0,0.0047,0.0,0.0,0.0,0.110415661,0.0,0.0,-0.013197165,-0.18126279544571222,-0.18126279544571222,0.935261013,-4.555859405,0.034521447,0.0047,0.0,-0.013197165,0.110415661,-0.1812627954457122
2020-09-22,-0.71556656,0.154661984,0.0,0.735950537,0.0,0.0,-0.004314529,0.0047,0.0,0.0,0.0,0.110415661,0.0,0.0,-0.013197165,-0.18126279544571222,-0.18126279544571222,0.154661984,0.735950537,-0.004314529,0.0047,0.0,-0.013197165,0.110415661,-0.1812627954457122
2020-09-23,-0.540055318,0.338316566,0.0,0.931175723,0.0,0.034511022,0.0,0.0047,0.0,0.0,0.0,0.110415661,0.0,0.0,-0.013197165,-0.18126279544571222,-0.18126279544571222,0.338316566,0.931175723,0.034511022,0.0047,0.0,-0.013197165,0.110415661,-0.1812627954457122
2020-09-24,-1.729674437,0.171475722,0.0,0.474822834,0.0,0.0,-0.004313227,0.0047,0.0,0.0,0.0,0.110415661,0.0,0.0,-0.013197165,-0.18126279544571222,-0.18126279544571222,0.171475722,0.474822834,-0.004313227,0.0047,0.0,-0.013197165,0.110415661,-0.1812627954457122
2020-09-25,1.186686678,0.027452768,0.0,0.0,-0.124734954,0.030188679,0.0,0.0047,0.0,0.0,0.0,0.110415661,0.0,0.0,-0.013197165,-0.18126279544571222,-0.18126279544571222,0.027452768,-0.124734954,0.030188679,0.0047,0.0,-0.013197165,0.110415661,-0.1812627954457122
2020-09-28,-0.820050154,0.04610369,0.0,1.018262865,0.0,0.0,-0.01293689,0.0047,0.0,0.0,0.0,0.110415661,0.0,0.0,-0.013197165,-0.18126279544571222,-0.18126279544571222,0.04610369,1.018262865,-0.01293689,0.0047,0.0,-0.013197165,0.110415661,-0.1812627954457122
2020-09-29,0.729264855,0.594148906,0.0,0.0,-3.62303777,0.008624779,0.0,0.0047,0.0,0.0,0.0,0.110415661,0.0,0.0,-0.013197165,-0.18126279544571222,-0.18126279544571222,0.594148906,-3.62303777,0.008624779,0.0047,0.0,-0.013197165,0.110415661,-0.1812627954457122
2020-09-30,0.090785299,0.0,-1.349850532,2.579809232,0.0,0.0,-0.038817365,0.0,-0.1354,0.0,0.0,0.0,-0.000468121,0.009546432,0.0,-0.18126279544571222,-0.18126279544571222,-1.349850532,2.579809232,-0.038817365,-0.1354,0.0,0.009546432,-0.000468121,-0.1812627954457122
2020-10-01,0.813379993,0.638205057,0.0,0.0,-3.921072569,0.030192586,0.0,0.0,-0.1354,0.0,0.0,0.0,-0.000468121,0.009546432,0.0,0.006329135051647228,0.006329135051647228,0.638205057,-3.921072569,0.030192586,-0.1354,0.0,0.009546432,-0.000468121,0.0063291350516472
2020-10-02,0.717491867,0.434158843,0.0,0.0,-4.270639678,0.01293689,0.0,0.0,-0.1354,0.0,0.0,0.0,-0.000468121,0.009546432,0.0,0.006329135051647228,0.006329135051647228,0.434158843,-4.270639678,0.01293689,-0.1354,0.0,0.009546432,-0.000468121,0.0063291350516472
2020-10-05,-0.178890924,0.0,-0.035013623,5.842229412,0.0,0.051730828,0.0,0.0,-0.1354,0.0,0.0,0.0,-0.000468121,0.009546432,0.0,0.006329135051647228,0.006329135051647228,-0.035013623,5.842229412,0.051730828,-0.1354,0.0,0.009546432,-0.000468121,0.0063291350516472
2020-10-06,0.0,0.47383105,0.0,3.516183421,0.0,0.008619204,0.0,0.0,-0.1354,0.0,0.0,0.0,-0.000468121,0.009546432,0.0,0.006329135051647228,0.006329135051647228,0.47383105,3.516183421,0.008619204,-0.1354,0.0,0.009546432,-0.000468121,0.0063291350516472
2020-10-07,-0.268937858,0.0,-0.490247907,0.0,-1.742638074,0.0,0.0,0.0,-0.1354,0.0,0.0,0.0,-0.000468121,0.009546432,0.0,0.006329135051647228,0.006329135051647228,-0.490247907,-1.742638074,0.0,-0.1354,0.0,0.009546432,-0.000468121,0.0063291350516472
2020-10-08,-0.089806921,0.921725761,0.0,3.017790223,0.0,0.0,-0.060350032,0.0,-0.1354,0.0,0.0,0.0,-0.000468121,0.009546432,0.0,0.006329135051647228,0.006329135051647228,0.921725761,3.017790223,-0.060350032,-0.1354,0.0,0.009546432,-0.000468121,0.0063291350516472
2020-10-09,0.537635704,0.0,-0.282369483,0.0,-1.472780671,0.0,-0.047443446,0.0,-0.1354,0.0,0.0,0.0,-0.000468121,0.009546432,0.0,0.006329135051647228,0.006329135051647228,-0.282369483,-1.472780671,-0.047443446,-0.1354,0.0,0.009546432,-0.000468121,0.0063291350516472
2020-10-12,-0.08940546,1.221465145,0.0,0.0,-3.063257338,0.0,-0.0086285,0.0,-0.1354,0.0,0.0,0.0,-0.000468121,0.009546432,0.0,0.006329135051647228,0.006329135051647228,1.221465145,-3.063257338,-0.0086285,-0.1354,0.0,0.009546432,-0.000468121,0.0063291350516472
2020-10-13,0.178731057,0.0,-0.432831194,2.044235224,0.0,0.0,-0.004314529,0.0,-0.1354,0.0,0.0,0.0,-0.000468121,0.009546432,0.0,0.006329135051647228,0.006329135051647228,-0.432831194,2.044235224,-0.004314529,-0.1354,0.0,0.009546432,-0.000468121,0.0063291350516472
2020-10-14,-0.357782135,0.55201496,0.0,2.052241638,0.0,0.0,-0.008629617,0.0,-0.1354,0.0,0.0,0.0,-0.000468121,0.009546432,0.0,0.006329135051647228,0.006329135051647228,0.55201496,2.052241638,-0.008629617,-0.1354,0.0,0.009546432,-0.000468121,0.0063291350516472
2020-10-15,-0.179372245,1.426639793,0.0,0.0,-0.048959609,0.0,-0.021577301,0.0,-0.1354,0.0,0.0,0.0,-0.000468121,0.009546432,0.0,0.006329135051647228,0.006329135051647228,1.426639793,-0.048959609,-0.021577301,-0.1354,0.0,0.009546432,-0.000468121,0.0063291350516472
2020-10-16,0.268937858,0.0,-0.13232346,0.0,-0.343390085,0.021577301,0.0,0.0,-0.1354,0.0,0.0,0.0,-0.000468121,0.009546432,0.0,0.006329135051647228,0.006329135051647228,-0.13232346,-0.343390085,0.021577301,-0.1354,0.0,0.009546432,-0.000468121,0.0063291350516472
2020-10-19,0.089485465,0.103756415,0.0,0.0,-0.024573043,0.0,0.0,0.0,-0.1354,0.0,0.0,0.0,-0.000468121,0.009546432,0.0,0.006329135051647228,0.006329135051647228,0.103756415,-0.024573043,0.0,-0.1354,0.0,0.009546432,-0.000468121,0.0063291350516472
2020-10-20,0.0,0.0,-0.425236986,1.657361846,0.0,0.017258489,0.0,0.0,-0.1354,0.0,0.0,0.0,-0.000468121,0.009546432,0.0,0.006329135051647228,0.006329135051647228,-0.425236986,1.657361846,0.017258489,-0.1354,0.0,0.009546432,-0.000468121,0.0063291350516472
2020-10-21,0.08940546,0.652489392,0.0,0.0,-3.668103538,0.0,-0.008628872,0.0,-0.1354,0.0,0.0,0.0,-0.000468121,0.009546432,0.0,0.006329135051647228,0.006329135051647228,0.652489392,-3.668103538,-0.008628872,-0.1354,0.0,0.009546432,-0.000468121,0.0063291350516472
2020-10-22,0.0,0.0,-0.965412066,1.443888665,0.0,0.0,-0.004314715,0.0,-0.1354,0.0,0.0,0.0,-0.000468121,0.009546432,0.0,0.006329135051647228,0.006329135051647228,-0.965412066,1.443888665,-0.004314715,-0.1354,0.0,0.009546432,-0.000468121,0.0063291350516472
2020-10-23,-0.178890924,1.627307244,0.0,0.0,-1.820726191,0.0,0.0,0.0,-0.1354,0.0,0.0,0.0,-0.000468121,0.009546432,0.0,0.006329135051647228,0.006329135051647228,1.627307244,-1.820726191,0.0,-0.1354,0.0,0.009546432,-0.000468121,0.0063291350516472
2020-10-26,0.0,1.464911124,0.0,0.0,-3.430956081,0.0,-0.004314902,0.0,-0.1354,0.0,0.0,0.0,-0.000468121,0.009546432,0.0,0.006329135051647228,0.006329135051647228,1.464911124,-3.430956081,-0.004314902,-0.1354,0.0,0.009546432,-0.000468121,0.0063291350516472
2020-10-27,0.089485465,0.0,-1.743236104,2.444480395,0.0,0.0,0.0,0.0,-0.1354,0.0,0.0,0.0,-0.000468121,0.009546432,0.0,0.006329135051647228,0.006329135051647228,-1.743236104,2.444480395,0.0,-0.1354,0.0,0.009546432,-0.000468121,0.0063291350516472
2020-10-28,0.08940546,0.0,-0.842835124,0.0,-5.405309947,0.004314902,0.0,0.0,-0.1354,0.0,0.0,0.0,-0.000468121,0.009546432,0.0,0.006329135051647228,0.006329135051647228,-0.842835124,-5.405309947,0.004314902,-0.1354,0.0,0.009546432,-0.000468121,0.0063291350516472
2020-10-29,-0.268456537,0.0,-2.606815782,0.0,-3.633783214,0.0,-0.025892202,0.0,-0.1354,0.0,0.0,0.0,-0.000468121,0.009546432,0.0,0.006329135051647228,0.006329135051647228,-2.606815782,-3.633783214,-0.025892202,-0.1354,0.0,0.009546432,-0.000468121,0.0063291350516472
2020-10-30,0.089565613,0.742965613,0.0,0.0,-0.838227875,0.043149947,0.0,0.0,-0.1354,0.0,0.0,0.0,-0.000468121,0.009546432,0.0,0.006329135051647228,0.006329135051647228,0.742965613,-0.838227875,0.043149947,-0.1354,0.0,0.009546432,-0.000468121,0.0063291350516472
2020-11-02,0.446628701,0.07345396,0.0,2.65796378,0.0,0.0,-0.012943029,0.0013,0.0,0.0,0.0,0.0,-0.03821047,0.001318238,0.0,0.006329135051647228,0.006329135051647228,0.07345396,2.65796378,-0.012943029,0.0013,0.0,0.001318238,-0.03821047,0.0063291350516472
2020-11-03,0.178094437,1.142366488,0.0,2.26914112,0.0,0.0,-0.004314715,0.0013,0.0,0.0,0.0,0.0,-0.03821047,0.001318238,0.0,0.006329135051647228,0.006329135051647228,1.142366488,2.26914112,-0.004314715,0.0013,0.0,0.001318238,-0.03821047,0.0063291350516472
2020-11-04,-0.624723138,0.0,-0.141015118,4.005246774,0.0,0.0,0.0,0.0013,0.0,0.0,0.0,0.0,-0.03821047,0.001318238,0.0,0.006329135051647228,0.006329135051647228,-0.141015118,4.005246774,0.0,0.0013,0.0,0.001318238,-0.03821047,0.0063291350516472
2020-11-05,0.3574624,0.523530702,0.0,0.0,-1.057664961,0.0,-0.004314902,0.0013,0.0,0.0,0.0,0.0,-0.03821047,0.001318238,0.0,0.006329135051647228,0.006329135051647228,0.523530702,-1.057664961,-0.004314902,0.0013,0.0,0.001318238,-0.03821047,0.0063291350516472
2020-11-06,0.356189157,0.0,-0.06276429,0.0,-4.210869679,0.004314902,0.0,0.0013,0.0,0.0,0.0,0.0,-0.03821047,0.001318238,0.0,0.006329135051647228,0.006329135051647228,-0.06276429,-4.210869679,0.004314902,0.0013,0.0,0.001318238,-0.03821047,0.0063291350516472
2020-11-09,0.443459707,0.257189761,0.0,6.428831324,0.0,0.0,-0.025892202,0.0013,0.0,0.0,0.0,0.0,-0.03821047,0.001318238,0.0,0.006329135051647228,0.006329135051647228,0.257189761,6.428831324,-0.025892202,0.0013,0.0,0.001318238,-0.03821047,0.0063291350516472
2020-11-10,-1.157111264,2.15565641,0.0,2.782402809,0.0,0.012946939,0.0,0.0013,0.0,0.0,0.0,0.0,-0.03821047,0.001318238,0.0,0.006329135051647228,0.006329135051647228,2.15565641,2.782402809,0.012946939,0.0013,0.0,0.001318238,-0.03821047,0.0063291350516472
2020-11-11,0.143138332,0.0,-0.857532613,0.121344512,0.0,0.008630362,0.0,0.0013,0.0,0.0,0.0,0.0,-0.03821047,0.001318238,0.0,0.006329135051647228,0.006329135051647228,-0.857532613,0.121344512,0.008630362,0.0013,0.0,0.001318238,-0.03821047,0.0063291350516472
2020-11-12,-0.143138332,0.0,-0.051351112,0.0,-0.803608367,0.0,0.0,0.0013,0.0,0.0,0.0,0.0,-0.03821047,0.001318238,0.0,0.006329135051647228,0.006329135051647228,-0.051351112,-0.803608367,0.0,0.0013,0.0,0.001318238,-0.03821047,0.0063291350516472
2020-11-13,0.0,0.584262165,0.0,0.0,-2.400214197,0.0,0.0,0.0013,0.0,0.0,0.0,0.0,-0.03821047,0.001318238,0.0,0.006329135051647228,0.006329135051647228,0.584262165,-2.400214197,0.0,0.0013,0.0,0.001318238,-0.03821047,0.0063291350516472
2020-11-16,0.089485465,1.093462107,0.0,2.985296315,0.0,0.0,0.0,0.0013,0.0,0.0,0.0,0.0,-0.03821047,0.001318238,0.0,0.006329135051647228,0.006329135051647228,1.093462107,2.985296315,0.0,0.0013,0.0,0.001318238,-0.03821047,0.0063291350516472
2020-11-17,-0.179051077,0.0,-1.515377222,0.242777492,0.0,0.0,-0.051793346,0.0013,0.0,0.0,0.0,0.0,-0.03821047,0.001318238,0.0,0.006329135051647228,0.006329135051647228,-1.515377222,0.242777492,-0.051793346,0.0013,0.0,0.001318238,-0.03821047,0.0063291350516472
2020-11-18,0.0,1.450415037,0.0,0.96525846,0.0,0.0,-0.012952529,0.0013,0.0,0.0,0.0,0.0,-0.03821047,0.001318238,0.0,0.006329135051647228,0.006329135051647228,1.450415037,0.96525846,-0.012952529,0.0013,0.0,0.001318238,-0.03821047,0.0063291350516472
2020-11-19,-0.269179167,0.6005777,0.0,0.0,-0.168249048,0.069060776,0.0,0.0013,0.0,0.0,0.0,0.0,-0.03821047,0.001318238,0.0,0.006329135051647228,0.006329135051647228,0.6005777,-0.168249048,0.069060776,0.0013,0.0,0.001318238,-0.03821047,0.0063291350516472
2020-11-20,0.089806921,0.95815593,0.0,1.005274143,0.0,0.0,0.0,0.0013,0.0,0.0,0.0,0.0,-0.03821047,0.001318238,0.0,0.006329135051647228,0.006329135051647228,0.95815593,1.005274143,0.0,0.0013,0.0,0.001318238,-0.03821047,0.0063291350516472
2020-11-23,-0.143729813,0.724486873,0.0,2.167340431,0.0,0.004314715,0.0,0.0013,0.0,0.0,0.0,0.0,-0.03821047,0.001318238,0.0,0.006329135051647228,0.006329135051647228,0.724486873,2.167340431,0.004314715,0.0013,0.0,0.001318238,-0.03821047,0.0063291350516472
2020-11-24,-1.120966357,0.47072637,0.0,4.109229124,0.0,0.0,-0.112243148,0.0013,0.0,0.0,0.0,0.0,-0.03821047,0.001318238,0.0,0.006329135051647228,0.006329135051647228,0.47072637,4.109229124,-0.112243148,0.0013,0.0,0.001318238,-0.03821047,0.0063291350516472
2020-11-25,-1.373019281,0.384588894,0.0,1.927183357,0.0,0.038867656,0.0,0.0013,0.0,0.0,0.0,0.0,-0.03821047,0.001318238,0.0,0.006329135051647228,0.006329135051647228,0.384588894,1.927183357,0.038867656,0.0013,0.0,0.001318238,-0.03821047,0.0063291350516472
2020-11-26,0.459770925,0.0,-0.115021292,0.0,0.0,0.017269666,0.0,0.0013,0.0,0.0,0.0,0.0,-0.03821047,0.001318238,0.0,0.006329135051647228,0.006329135051647228,-0.115021292,0.0,0.017269666,0.0013,0.0,0.001318238,-0.03821047,0.0063291350516472
2020-11-27,-0.183654781,0.741807661,0.0,0.0,0.0,0.0,-0.017269666,0.0013,0.0,0.0,0.0,0.0,-0.03821047,0.001318238,0.0,0.006329135051647228,0.006329135051647228,0.741807661,0.0,-0.017269666,0.0013,0.0,0.001318238,-0.03821047,0.0063291350516472
2020-11-30,-2.230575751,0.509290177,0.0,0.0,-0.837193698,0.0,-0.086393094,0.0009,0.0,0.0,-0.005,0.0,-0.014191585,0.0,-0.008770402,0.006329135051647228,0.006329135051647228,0.509290177,-0.837193698,-0.086393094,0.0009,-0.005,-0.008770402,-0.014191585,0.0063291350516472
2020-12-01,0.935460517,0.0,-2.310490527,0.0,-1.470942501,0.0,-0.047548035,0.0009,0.0,0.0,-0.005,0.0,-0.014191585,0.0,-0.008770402,0.006329135051647228,0.006329135051647228,-2.310490527,-1.470942501,-0.047548035,0.0009,-0.005,-0.008770402,-0.014191585,0.0063291350516472
2020-12-02,1.386984786,2.008598276,0.0,1.537292166,0.0,0.0,0.0,0.0009,0.0,0.0,-0.005,0.0,-0.014191585,0.0,-0.008770402,0.006329135051647228,0.006329135051647228,2.008598276,1.537292166,0.0,0.0009,-0.005,-0.008770402,-0.014191585,0.0063291350516472
2020-12-03,0.731933734,0.785982817,0.0,0.924302355,0.0,0.0,-0.017295801,0.0009,0.0,0.0,-0.005,0.0,-0.014191585,0.0,-0.008770402,0.006329135051647228,0.006329135051647228,0.785982817,0.924302355,-0.017295801,0.0009,-0.005,-0.008770402,-0.014191585,0.0063291350516472
2020-12-04,-0.273847729,0.301493455,0.0,1.262533096,0.0,0.021619284,0.0,0.0009,0.0,0.0,-0.005,0.0,-0.014191585,0.0,-0.008770402,0.006329135051647228,0.006329135051647228,0.301493455,1.262533096,0.021619284,0.0009,-0.005,-0.008770402,-0.014191585,0.0063291350516472
2020-12-07,-0.091449481,0.444197312,0.0,0.0,-1.109309907,0.0,-0.01297101,0.0009,0.0,0.0,-0.005,0.0,-0.014191585,0.0,-0.008770402,0.006329135051647228,0.006329135051647228,0.444197312,-1.109309907,-0.01297101,0.0009,-0.005,-0.008770402,-0.014191585,0.0063291350516472
2020-12-08,0.547446623,0.549088182,0.0,0.0,-0.175131393,0.004323857,0.0,0.0009,0.0,0.0,-0.005,0.0,-0.014191585,0.0,-0.008770402,0.006329135051647228,0.006329135051647228,0.549088182,-0.175131393,0.004323857,0.0009,-0.005,-0.008770402,-0.014191585,0.0063291350516472
2020-12-09,-0.364631215,0.0,-0.069928714,0.0,-0.351185611,0.0,0.0,0.0009,0.0,0.0,-0.005,0.0,-0.014191585,0.0,-0.008770402,0.006329135051647228,0.006329135051647228,-0.069928714,-0.351185611,0.0,0.0009,-0.005,-0.008770402,-0.014191585,0.0063291350516472
2020-12-10,-0.365965642,1.196589696,0.0,2.775546772,0.0,0.0,0.0,0.0009,0.0,0.0,-0.005,0.0,-0.014191585,0.0,-0.008770402,0.006329135051647228,0.006329135051647228,1.196589696,2.775546772,0.0,0.0009,-0.005,-0.008770402,-0.014191585,0.0063291350516472
2020-12-11,0.0,0.0,-0.815489087,0.0,-0.364221078,0.0,0.0,0.0009,0.0,0.0,-0.005,0.0,-0.014191585,0.0,-0.008770402,0.006329135051647228,0.006329135051647228,-0.815489087,-0.364221078,0.0,0.0009,-0.005,-0.008770402,-0.014191585,0.0063291350516472
2020-12-14,0.0,1.515762682,0.0,0.918711728,0.0,0.0,-0.008647901,0.0009,0.0,0.0,-0.005,0.0,-0.014191585,0.0,-0.008770402,0.006329135051647228,0.006329135051647228,1.515762682,0.918711728,-0.008647901,0.0009,-0.005,-0.008770402,-0.014191585,0.0063291350516472
2020-12-15,0.183150234,1.236402469,0.0,1.183946176,0.0,0.0,0.0,0.0009,0.0,0.0,-0.005,0.0,-0.014191585,0.0,-0.008770402,0.006329135051647228,0.006329135051647228,1.236402469,1.183946176,0.0,0.0009,-0.005,-0.008770402,-0.014191585,0.0063291350516472
2020-12-16,0.456413389,0.0,-0.347111216,0.586757761,0.0,0.0,0.0,0.0009,0.0,0.0,-0.005,0.0,-0.014191585,0.0,-0.008770402,0.006329135051647228,0.006329135051647228,-0.347111216,0.586757761,0.0,0.0009,-0.005,-0.008770402,-0.014191585,0.0063291350516472
2020-12-17,0.272851465,0.027397649,0.0,0.99792928,0.0,0.0,-0.02594819,0.0009,0.0,0.0,-0.005,0.0,-0.014191585,0.0,-0.008770402,0.006329135051647228,0.006329135051647228,0.027397649,0.99792928,-0.02594819,0.0009,-0.005,-0.008770402,-0.014191585,0.0063291350516472
2020-12-18,-0.090867794,0.0,-0.272420452,1.437691635,0.0,0.017299542,0.0,0.0009,0.0,0.0,-0.005,0.0,-0.014191585,0.0,-0.008770402,0.006329135051647228,0.006329135051647228,-0.272420452,1.437691635,0.017299542,0.0009,-0.005,-0.008770402,-0.014191585,0.0063291350516472
2020-12-21,0.453515517,1.492010736,0.0,0.0,-2.581987904,0.0,-0.017299542,0.0009,0.0,0.0,-0.005,0.0,-0.014191585,0.0,-0.008770402,0.006329135051647228,0.006329135051647228,1.492010736,-2.581987904,-0.017299542,0.0009,-0.005,-0.008770402,-0.014191585,0.0063291350516472
2020-12-22,-0.362647723,0.950101646,0.0,0.0,-1.624336948,0.030272234,0.0,0.0009,0.0,0.0,-0.005,0.0,-0.014191585,0.0,-0.008770402,0.006329135051647228,0.006329135051647228,0.950101646,-1.624336948,0.030272234,0.0009,-0.005,-0.008770402,-0.014191585,0.0063291350516472
2020-12-23,0.090785299,0.556750173,0.0,1.937718589,0.0,0.01297101,0.0,0.0009,0.0,0.0,-0.005,0.0,-0.014191585,0.0,-0.008770402,0.006329135051647228,0.006329135051647228,0.556750173,1.937718589,0.01297101,0.0009,-0.005,-0.008770402,-0.014191585,0.0063291350516472
2020-12-24,0.362319237,0.0,-0.373897623,0.499376818,0.0,0.0,-0.021619284,0.0009,0.0,0.0,-0.005,0.0,-0.014191585,0.0,-0.008770402,0.006329135051647228,0.006329135051647228,-0.373897623,0.499376818,-0.021619284,0.0009,-0.005,-0.008770402,-0.014191585,0.0063291350516472
2020-12-25,0.0,0.0,-1.393647188,0.0,0.0,0.021619284,0.0,0.0009,0.0,0.0,-0.005,0.0,-0.014191585,0.0,-0.008770402,0.006329135051647228,0.006329135051647228,-1.393647188,0.0,0.021619284,0.0009,-0.005,-0.008770402,-0.014191585,0.0063291350516472
2020-12-28,-0.090456813,2.361426296,0.0,0.0,-1.421428615,0.0,-0.021619284,0.0009,0.0,0.0,-0.005,0.0,-0.014191585,0.0,-0.008770402,0.006329135051647228,0.006329135051647228,2.361426296,-1.421428615,-0.021619284,0.0009,-0.005,-0.008770402,-0.014191585,0.0063291350516472
2020-12-29,0.271125336,0.0,-0.355171872,0.734140686,0.0,0.0,-0.021623959,0.0009,0.0,0.0,-0.005,0.0,-0.014191585,0.0,-0.008770402,0.006329135051647228,0.006329135051647228,-0.355171872,0.734140686,-0.021623959,0.0009,-0.005,-0.008770402,-0.014191585,0.0063291350516472
2020-12-30,0.0,0.848302329,0.0,0.811743452,0.0,0.0,-0.138504177,0.0009,0.0,0.0,-0.005,0.0,-0.014191585,0.0,-0.008770402,0.006329135051647228,0.006329135051647228,0.848302329,0.811743452,-0.138504177,0.0009,-0.005,-0.008770402,-0.014191585,0.0063291350516472
2020-12-31,0.270392233,0.0,-0.139215593,0.227766948,0.0,0.0,-0.077992985,0.0,-0.0001,0.0,0.0,0.0,-0.045768418,0.008790425,0.0,0.006329135051647228,0.006329135051647228,-0.139215593,0.227766948,-0.077992985,-0.0001,0.0,0.008790425,-0.045768418,0.0063291350516472
2021-01-01,0.0,0.0,0.0,0.0,0.0,0.0,0.0,0.0,-0.0001,0.0,0.0,0.0,-0.045768418,0.008790425,0.0,-0.03466329065369722,-0.03466329065369722,0.0,0.0,0.0,-0.0001,0.0,0.008790425,-0.045768418,-0.0346632906536972
2021-01-04,1.2522525,1.403265312,0.0,0.0,-1.836828934,0.0,0.0,0.0,-0.0001,0.0,0.0,0.0,-0.045768418,0.008790425,0.0,-0.03466329065369722,-0.03466329065369722,1.403265312,-1.836828934,0.0,-0.0001,0.0,0.008790425,-0.045768418,-0.0346632906536972
2021-01-05,0.620294412,0.286005225,0.0,4.751536438,0.0,0.043336945,0.0,0.0,-0.0001,0.0,0.0,0.0,-0.045768418,0.008790425,0.0,-0.03466329065369722,-0.03466329065369722,0.286005225,4.751536438,0.043336945,-0.0001,0.0,0.008790425,-0.045768418,-0.0346632906536972
2021-01-06,0.264667115,1.964532525,0.0,1.336944986,0.0,0.043318173,0.0,0.0,-0.0001,0.0,0.0,0.0,-0.045768418,0.008790425,0.0,-0.03466329065369722,-0.03466329065369722,1.964532525,1.336944986,0.043318173,-0.0001,0.0,0.008790425,-0.045768418,-0.0346632906536972
2021-01-07,-0.796112122,0.712045626,0.0,0.356153918,0.0,0.0,-0.051984059,0.0,-0.0001,0.0,0.0,0.0,-0.045768418,0.008790425,0.0,-0.03466329065369722,-0.03466329065369722,0.712045626,0.356153918,-0.051984059,-0.0001,0.0,0.008790425,-0.045768418,-0.0346632906536972
2021-01-08,-0.981712481,1.457176552,0.0,2.938812252,0.0,0.0,-0.052011097,0.0,-0.0001,0.0,0.0,0.0,-0.045768418,0.008790425,0.0,-0.03466329065369722,-0.03466329065369722,1.457176552,2.938812252,-0.052011097,-0.0001,0.0,0.008790425,-0.045768418,-0.0346632906536972
2021-01-11,0.179211517,1.057017323,0.0,0.019177294,0.0,0.0,-0.069390236,0.0,-0.0001,0.0,0.0,0.0,-0.045768418,0.008790425,0.0,-0.03466329065369722,-0.03466329065369722,1.057017323,0.019177294,-0.069390236,-0.0001,0.0,0.008790425,-0.045768418,-0.0346632906536972
2021-01-12,0.3574624,1.175415438,0.0,1.767602802,0.0,0.065054757,0.0,0.0,-0.0001,0.0,0.0,0.0,-0.045768418,0.008790425,0.0,-0.03466329065369722,-0.03466329065369722,1.175415438,1.767602802,0.065054757,-0.0001,0.0,0.008790425,-0.045768418,-0.0346632906536972
2021-01-13,-0.267976936,0.581314197,0.0,0.0,-0.509964275,0.0,-0.004335667,0.0,-0.0001,0.0,0.0,0.0,-0.045768418,0.008790425,0.0,-0.03466329065369722,-0.03466329065369722,0.581314197,-0.509964275,-0.004335667,-0.0001,0.0,0.008790425,-0.045768418,-0.0346632906536972
2021-01-14,-0.089485465,0.0,-0.656948902,1.242018224,0.0,0.0,0.0,0.0,-0.0001,0.0,0.0,0.0,-0.045768418,0.008790425,0.0,-0.03466329065369722,-0.03466329065369722,-0.656948902,1.242018224,0.0,-0.0001,0.0,0.008790425,-0.045768418,-0.0346632906536972
2021-01-15,0.3574624,0.0,-0.053819504,0.0,-2.308085812,0.004335667,0.0,0.0,-0.0001,0.0,0.0,0.0,-0.045768418,0.008790425,0.0,-0.03466329065369722,-0.03466329065369722,-0.053819504,-2.308085812,0.004335667,-0.0001,0.0,0.008790425,-0.045768418,-0.0346632906536972
2021-01-18,-0.267976936,0.833467296,0.0,0.0,0.0,0.01734079,0.0,0.0,-0.0001,0.0,0.0,0.0,-0.045768418,0.008790425,0.0,-0.03466329065369722,-0.03466329065369722,0.833467296,0.0,0.01734079,-0.0001,0.0,0.008790425,-0.045768418,-0.0346632906536972
2021-01-19,-0.089485465,0.0,-0.743504074,1.17961794,0.0,0.0,0.0,0.0,-0.0001,0.0,0.0,0.0,-0.045768418,0.008790425,0.0,-0.03466329065369722,-0.03466329065369722,-0.743504074,1.17961794,0.0,-0.0001,0.0,0.008790425,-0.045768418,-0.0346632906536972
2021-01-20,0.3574624,0.0,-4.195604674,0.54701636,0.0,0.013003619,0.0,0.0,-0.0001,0.0,0.0,0.0,-0.045768418,0.008790425,0.0,-0.03466329065369722,-0.03466329065369722,-4.195604674,0.54701636,0.013003619,-0.0001,0.0,0.008790425,-0.045768418,-0.0346632906536972
2021-01-21,-0.089245878,0.907440885,0.0,0.0,-0.301432029,0.0,-0.052024626,0.0,-0.0001,0.0,0.0,0.0,-0.045768418,0.008790425,0.0,-0.03466329065369722,-0.03466329065369722,0.907440885,-0.301432029,-0.052024626,-0.0001,0.0,0.008790425,-0.045768418,-0.0346632906536972
2021-01-22,-0.178731057,1.721147418,0.0,0.0,-1.36780248,0.043355734,0.0,0.0,-0.0001,0.0,0.0,0.0,-0.045768418,0.008790425,0.0,-0.03466329065369722,-0.03466329065369722,1.721147418,-1.36780248,0.043355734,-0.0001,0.0,0.008790425,-0.045768418,-0.0346632906536972
2021-01-25,0.178731057,0.0,-0.220509148,0.951844232,0.0,0.0,-0.043355734,0.0,-0.0001,0.0,0.0,0.0,-0.045768418,0.008790425,0.0,-0.03466329065369722,-0.03466329065369722,-0.220509148,0.951844232,-0.043355734,-0.0001,0.0,0.008790425,-0.045768418,-0.0346632906536972
2021-01-26,0.178412179,0.066117976,0.0,0.0,-0.322611533,0.039021007,0.0,0.0,-0.0001,0.0,0.0,0.0,-0.045768418,0.008790425,0.0,-0.03466329065369722,-0.03466329065369722,0.066117976,-0.322611533,0.039021007,-0.0001,0.0,0.008790425,-0.045768418,-0.0346632906536972
2021-01-27,0.089086866,0.0,-3.721717637,0.379435098,0.0,0.0,0.0,0.0,-0.0001,0.0,0.0,0.0,-0.045768418,0.008790425,0.0,-0.03466329065369722,-0.03466329065369722,-3.721717637,0.379435098,0.0,-0.0001,0.0,0.008790425,-0.045768418,-0.0346632906536972
2021-01-28,0.0,0.0,-4.195604674,0.0,-1.046930663,0.0,-0.043357614,0.0,-0.0001,0.0,0.0,0.0,-0.045768418,0.008790425,0.0,-0.03466329065369722,-0.03466329065369722,-4.195604674,-1.046930663,-0.043357614,-0.0001,0.0,0.008790425,-0.045768418,-0.0346632906536972
2021-01-29,0.17793599,0.0,-4.195604674,0.0,-0.191534247,0.0,-0.047715098,0.0,-0.0001,0.0,0.0,0.0,-0.045768418,0.008790425,0.0,-0.03466329065369722,-0.03466329065369722,-4.195604674,-0.191534247,-0.047715098,-0.0001,0.0,0.008790425,-0.045768418,-0.0346632906536972
2021-02-01,0.620294412,3.540507138,0.0,2.629987928,0.0,0.0,-0.013017161,0.0011,0.0,0.0,0.0,0.062098175,0.0,0.017001692,0.0,-0.03466329065369722,-0.03466329065369722,3.540507138,2.629987928,-0.013017161,0.0011,0.0,0.017001692,0.062098175,-0.0346632906536972
2021-02-02,-0.442674472,0.0,-1.878195795,2.25268019,0.0,0.0,-0.07813857,0.0011,0.0,0.0,0.0,0.062098175,0.0,0.017001692,0.0,-0.03466329065369722,-0.03466329065369722,-1.878195795,2.25268019,-0.07813857,0.0011,0.0,0.017001692,0.062098175,-0.0346632906536972
2021-02-03,0.0,3.540507138,0.0,1.62988034,0.0,0.0,-0.030403718,0.0011,0.0,0.0,0.0,0.062098175,0.0,0.017001692,0.0,-0.03466329065369722,-0.03466329065369722,3.540507138,1.62988034,-0.030403718,0.0011,0.0,0.017001692,0.062098175,-0.0346632906536972
2021-02-04,-0.17761994,2.557195361,0.0,0.929740293,0.0,0.0,-0.021722602,0.0011,0.0,0.0,0.0,0.062098175,0.0,0.017001692,0.0,-0.03466329065369722,-0.03466329065369722,2.557195361,0.929740293,-0.021722602,0.0011,0.0,0.017001692,0.062098175,-0.0346632906536972
2021-02-05,0.17761994,0.163392861,0.0,1.07975206,0.0,0.0,-0.065196134,0.0011,0.0,0.0,0.0,0.062098175,0.0,0.017001692,0.0,-0.03466329065369722,-0.03466329065369722,0.163392861,1.07975206,-0.065196134,0.0011,0.0,0.017001692,0.062098175,-0.0346632906536972
2021-02-08,0.265839767,1.094642596,0.0,2.004424406,0.0,0.0,-0.130519923,0.0011,0.0,0.0,0.0,0.062098175,0.0,0.017001692,0.0,-0.03466329065369722,-0.03466329065369722,1.094642596,2.004424406,-0.130519923,0.0011,0.0,0.017001692,0.062098175,-0.0346632906536972
2021-02-09,0.0,0.0,-3.262776236,0.670739465,0.0,0.173988735,0.0,0.0011,0.0,0.0,0.0,0.062098175,0.0,0.017001692,0.0,-0.03466329065369722,-0.03466329065369722,-3.262776236,0.670739465,0.173988735,0.0011,0.0,0.017001692,0.062098175,-0.0346632906536972
2021-02-10,0.0,0.0,0.0,0.598139013,0.0,0.0,0.0,0.0011,0.0,0.0,0.0,0.062098175,0.0,0.017001692,0.0,-0.03466329065369722,-0.03466329065369722,0.0,0.598139013,0.0,0.0011,0.0,0.017001692,0.062098175,-0.0346632906536972
2021-02-11,0.0,0.0,0.0,0.0,-0.804041625,0.0,0.0,0.0011,0.0,0.0,0.0,0.062098175,0.0,0.017001692,0.0,-0.03466329065369722,-0.03466329065369722,0.0,-0.804041625,0.0,0.0011,0.0,0.017001692,0.062098175,-0.0346632906536972
2021-02-12,0.0,0.0,0.0,2.174737423,0.0,0.0,0.0,0.0011,0.0,0.0,0.0,0.062098175,0.0,0.017001692,0.0,-0.03466329065369722,-0.03466329065369722,0.0,2.174737423,0.0,0.0011,0.0,0.017001692,0.062098175,-0.0346632906536972
2021-02-15,0.0,0.0,0.0,0.0,0.0,0.0,0.0,0.0011,0.0,0.0,0.0,0.062098175,0.0,0.017001692,0.0,-0.03466329065369722,-0.03466329065369722,0.0,0.0,0.0,0.0011,0.0,0.017001692,0.062098175,-0.0346632906536972
2021-02-16,0.441501821,0.0,0.0,0.953423631,0.0,0.0,0.0,0.0011,0.0,0.0,0.0,0.062098175,0.0,0.017001692,0.0,-0.03466329065369722,-0.03466329065369722,0.0,0.953423631,0.0,0.0011,0.0,0.017001692,0.062098175,-0.0346632906536972
2021-02-17,-0.707341588,3.298260508,0.0,1.68376378,0.0,0.0,0.0,0.0011,0.0,0.0,0.0,0.062098175,0.0,0.017001692,0.0,-0.03466329065369722,-0.03466329065369722,3.298260508,1.68376378,0.0,0.0011,0.0,0.017001692,0.062098175,-0.0346632906536972
2021-02-18,-0.533809097,2.594955985,0.0,0.0,-1.135908172,0.021727322,0.0,0.0011,0.0,0.0,0.0,0.062098175,0.0,0.017001692,0.0,-0.03466329065369722,-0.03466329065369722,2.594955985,-1.135908172,0.021727322,0.0011,0.0,0.017001692,0.062098175,-0.0346632906536972
2021-02-19,-0.536673918,0.306331811,0.0,0.0,-2.14198283,0.013034128,0.0,0.0011,0.0,0.0,0.0,0.062098175,0.0,0.017001692,0.0,-0.03466329065369722,-0.03466329065369722,0.306331811,-2.14198283,0.013034128,0.0011,0.0,0.017001692,0.062098175,-0.0346632906536972
2021-02-22,0.089645905,1.107019214,0.0,4.222831236,0.0,0.008688475,0.0,0.0011,0.0,0.0,0.0,0.062098175,0.0,0.017001692,0.0,-0.03466329065369722,-0.03466329065369722,1.107019214,4.222831236,0.008688475,0.0011,0.0,0.017001692,0.062098175,-0.0346632906536972
2021-02-23,0.536194314,0.085173802,0.0,0.0,-0.016216655,0.021717885,0.0,0.0011,0.0,0.0,0.0,0.062098175,0.0,0.017001692,0.0,-0.03466329065369722,-0.03466329065369722,0.085173802,-0.016216655,0.021717885,0.0011,0.0,0.017001692,0.062098175,-0.0346632906536972
2021-02-24,-0.089166301,0.826664705,0.0,2.482709403,0.0,0.0,-0.021717885,0.0011,0.0,0.0,0.0,0.062098175,0.0,0.017001692,0.0,-0.03466329065369722,-0.03466329065369722,0.826664705,2.482709403,-0.021717885,0.0011,0.0,0.017001692,0.062098175,-0.0346632906536972
2021-02-25,0.0,0.0,-1.219066276,0.347441916,0.0,0.021717885,0.0,0.0011,0.0,0.0,0.0,0.062098175,0.0,0.017001692,0.0,-0.03466329065369722,-0.03466329065369722,-1.219066276,0.347441916,0.021717885,0.0011,0.0,0.017001692,0.062098175,-0.0346632906536972
2021-02-26,-0.178571476,0.0,-1.819055269,0.0,-3.008708302,0.0,-0.043440487,0.0011,0.0,0.0,0.0,0.062098175,0.0,0.017001692,0.0,-0.03466329065369722,-0.03466329065369722,-1.819055269,-3.008708302,-0.043440487,0.0011,0.0,0.017001692,0.062098175,-0.0346632906536972
2021-03-01,-0.178890924,2.41217985,0.0,0.0,-1.654554904,0.021722602,0.0,0.0006,0.0,0.0,0.0,0.0,-0.030241872,0.0,-0.024383941,-0.03466329065369722,-0.03466329065369722,2.41217985,-1.654554904,0.021722602,0.0006,0.0,-0.024383941,-0.030241872,-0.0346632906536972
2021-03-02,-0.268937858,1.620707257,0.0,0.0,-1.39722832,0.00868772,0.0,0.0006,0.0,0.0,0.0,0.0,-0.030241872,0.0,-0.024383941,-0.03466329065369722,-0.03466329065369722,1.620707257,-1.39722832,0.00868772,0.0006,0.0,-0.024383941,-0.030241872,-0.0346632906536972
2021-03-03,-0.179694568,0.0,-0.960152532,2.693709924,0.0,0.0,-0.00868772,0.0006,0.0,0.0,0.0,0.0,-0.030241872,0.0,-0.024383941,-0.03466329065369722,-0.03466329065369722,-0.960152532,2.693709924,-0.00868772,0.0006,0.0,-0.024383941,-0.030241872,-0.0346632906536972
2021-03-04,0.0,0.593308733,0.0,3.964079824,0.0,0.0,-0.004344143,0.0006,0.0,0.0,0.0,0.0,-0.030241872,0.0,-0.024383941,-0.03466329065369722,-0.03466329065369722,0.593308733,3.964079824,-0.004344143,0.0006,0.0,-0.024383941,-0.030241872,-0.0346632906536972
2021-03-05,-0.90334851,0.0,-2.342242162,3.495621133,0.0,0.060800836,0.0,0.0006,0.0,0.0,0.0,0.0,-0.030241872,0.0,-0.024383941,-0.03466329065369722,-0.03466329065369722,-2.342242162,3.495621133,0.060800836,0.0006,0.0,-0.024383941,-0.030241872,-0.0346632906536972
2021-03-08,0.0,1.376849417,0.0,0.0,-1.601742733,0.0,-0.034738808,0.0006,0.0,0.0,0.0,0.0,-0.030241872,0.0,-0.024383941,-0.03466329065369722,-0.03466329065369722,1.376849417,-1.601742733,-0.034738808,0.0006,0.0,-0.024383941,-0.030241872,-0.0346632906536972
2021-03-09,-0.728600673,0.0,-1.654681133,0.0,-1.565316734,0.15189327,0.0,0.0006,0.0,0.0,0.0,0.0,-0.030241872,0.0,-0.024383941,-0.03466329065369722,-0.03466329065369722,-1.654681133,-1.565316734,0.15189327,0.0006,0.0,-0.024383941,-0.030241872,-0.0346632906536972
2021-03-10,0.510577331,0.24948181,0.0,0.669419484,0.0,0.0,-0.034698127,0.0006,0.0,0.0,0.0,0.0,-0.030241872,0.0,-0.024383941,-0.03466329065369722,-0.03466329065369722,0.24948181,0.669419484,-0.034698127,0.0006,0.0,-0.024383941,-0.030241872,-0.0346632906536972
2021-03-11,0.941353802,0.533005538,0.0,2.406799704,0.0,0.0,-0.004338112,0.0006,0.0,0.0,0.0,0.0,-0.030241872,0.0,-0.024383941,-0.03466329065369722,-0.03466329065369722,0.533005538,2.406799704,-0.004338112,0.0006,0.0,-0.024383941,-0.030241872,-0.0346632906536972
2021-03-12,-0.542006747,1.284785154,0.0,0.0,-0.653448112,0.017351321,0.0,0.0006,0.0,0.0,0.0,0.0,-0.030241872,0.0,-0.024383941,-0.03466329065369722,-0.03466329065369722,1.284785154,-0.653448112,0.017351321,0.0006,0.0,-0.024383941,-0.030241872,-0.0346632906536972
2021-03-15,0.180995525,0.0,-0.111434734,0.0,-0.351279475,0.11271026,0.0,0.0006,0.0,0.0,0.0,0.0,-0.030241872,0.0,-0.024383941,-0.03466329065369722,-0.03466329065369722,-0.111434734,-0.351279475,0.11271026,0.0006,0.0,-0.024383941,-0.030241872,-0.0346632906536972
2021-03-16,-0.090456813,0.08611956,0.0,0.0,-0.829625284,0.004332474,0.0,0.0006,0.0,0.0,0.0,0.0,-0.030241872,0.0,-0.024383941,-0.03466329065369722,-0.03466329065369722,0.08611956,-0.829625284,0.004332474,0.0006,0.0,-0.024383941,-0.030241872,-0.0346632906536972
2021-03-17,0.0,0.0,-0.530559092,0.0,-0.417408042,0.0,-0.160426683,0.0006,0.0,0.0,0.0,0.0,-0.030241872,0.0,-0.024383941,-0.03466329065369722,-0.03466329065369722,-0.530559092,-0.417408042,-0.160426683,0.0006,0.0,-0.024383941,-0.030241872,-0.0346632906536972
2021-03-18,-0.271862424,1.512297056,0.0,0.0,-6.814898374,0.086749084,0.0,0.0006,0.0,0.0,0.0,0.0,-0.030241872,0.0,-0.024383941,-0.03466329065369722,-0.03466329065369722,1.512297056,-6.814898374,0.086749084,0.0006,0.0,-0.024383941,-0.030241872,-0.0346632906536972
2021-03-19,0.0,0.0,-0.094478848,2.43874337,0.0,0.034678573,0.0,0.0006,0.0,0.0,0.0,0.0,-0.030241872,0.0,-0.024383941,-0.03466329065369722,-0.03466329065369722,-0.094478848,2.43874337,0.034678573,0.0006,0.0,-0.024383941,-0.030241872,-0.0346632906536972
2021-03-22,-0.090785299,0.382380909,0.0,0.081360349,0.0,0.013001365,0.0,0.0006,0.0,0.0,0.0,0.0,-0.030241872,0.0,-0.024383941,-0.03466329065369722,-0.03466329065369722,0.382380909,0.081360349,0.013001365,0.0006,0.0,-0.024383941,-0.030241872,-0.0346632906536972
2021-03-23,0.272109011,0.0,-0.817464903,0.0,-6.258856927,0.0,-0.026004421,0.0006,0.0,0.0,0.0,0.0,-0.030241872,0.0,-0.024383941,-0.03466329065369722,-0.03466329065369722,-0.817464903,-6.258856927,-0.026004421,0.0006,0.0,-0.024383941,-0.030241872,-0.0346632906536972
2021-03-24,-0.181323712,0.0,-1.768067416,5.671579546,0.0,0.043336945,0.0,0.0006,0.0,0.0,0.0,0.0,-0.030241872,0.0,-0.024383941,-0.03466329065369722,-0.03466329065369722,-1.768067416,5.671579546,0.043336945,0.0006,0.0,-0.024383941,-0.030241872,-0.0346632906536972
2021-03-25,-0.03630423,0.0,-0.429337843,0.0,-4.432534267,0.017329521,0.0,0.0006,0.0,0.0,0.0,0.0,-0.030241872,0.0,-0.024383941,-0.03466329065369722,-0.03466329065369722,-0.429337843,-4.432534267,0.017329521,0.0006,0.0,-0.024383941,-0.030241872,-0.0346632906536972
2021-03-26,-0.327332534,0.0,-0.146103364,4.121186207,0.0,0.0,0.0,0.0006,0.0,0.0,0.0,0.0,-0.030241872,0.0,-0.024383941,-0.03466329065369722,-0.03466329065369722,-0.146103364,4.121186207,0.0,0.0006,0.0,-0.024383941,-0.030241872,-0.0346632906536972
2021-03-29,-0.237074972,0.595107143,0.0,0.91488957,0.0,0.0,-0.060666466,0.0006,0.0,0.0,0.0,0.0,-0.030241872,0.0,-0.024383941,-0.03466329065369722,-0.03466329065369722,0.595107143,0.91488957,-0.060666466,0.0006,0.0,-0.024383941,-0.030241872,-0.0346632906536972
2021-03-30,-0.585974942,0.850474843,0.0,0.0,-1.540508997,0.0,0.0,0.0006,0.0,0.0,0.0,0.0,-0.030241872,0.0,-0.024383941,-0.03466329065369722,-0.03466329065369722,0.850474843,-1.540508997,0.0,0.0006,0.0,-0.024383941,-0.030241872,-0.0346632906536972
2021-03-31,-0.644866353,0.568048865,0.0,0.0,-2.27168613,0.017337032,0.0,0.0157,0.0,0.0,0.0,0.0,-0.039582353,0.0,-0.005408056,-0.03466329065369722,-0.03466329065369722,0.568048865,-2.27168613,0.017337032,0.0157,0.0,-0.005408056,-0.039582353,-0.0346632906536972
2021-04-01,0.736651582,0.691323445,0.0,3.682007964,0.0,0.0,-0.03901255,0.0157,0.0,0.0,0.0,0.0,-0.039582353,0.0,-0.005408056,0.25414082433574325,0.25414082433574325,0.691323445,3.682007964,-0.03901255,0.0157,0.0,-0.005408056,-0.039582353,0.2541408243357432
2021-04-02,0.822297918,2.575802951,0.0,0.0,0.0,0.034678573,0.0,0.0157,0.0,0.0,0.0,0.0,-0.039582353,0.0,-0.005408056,0.25414082433574325,0.25414082433574325,2.575802951,0.0,0.034678573,0.0157,0.0,-0.005408056,-0.039582353,0.2541408243357432
2021-04-05,-0.455997142,1.579934444,0.0,0.0,-4.462201881,0.02600104,0.0,0.0157,0.0,0.0,0.0,0.0,-0.039582353,0.0,-0.005408056,0.25414082433574325,0.25414082433574325,1.579934444,-4.462201881,0.02600104,0.0157,0.0,-0.005408056,-0.039582353,0.2541408243357432
2021-04-06,0.273847729,0.0,-0.961014396,1.033294533,0.0,0.047651022,0.0,0.0157,0.0,0.0,0.0,0.0,-0.039582353,0.0,-0.005408056,0.25414082433574325,0.25414082433574325,-0.961014396,1.033294533,0.047651022,0.0157,0.0,-0.005408056,-0.039582353,0.2541408243357432
2021-04-07,0.0,0.325406235,0.0,0.722024797,0.0,0.0,0.0,0.0157,0.0,0.0,0.0,0.0,-0.039582353,0.0,-0.005408056,0.25414082433574325,0.25414082433574325,0.325406235,0.722024797,0.0,0.0157,0.0,-0.005408056,-0.039582353,0.2541408243357432
2021-04-08,0.0,0.402457223,0.0,0.0,-0.26805176,0.0,-0.021656741,0.0157,0.0,0.0,0.0,0.0,-0.039582353,0.0,-0.005408056,0.25414082433574325,0.25414082433574325,0.402457223,-0.26805176,-0.021656741,0.0157,0.0,-0.005408056,-0.039582353,0.2541408243357432
2021-04-09,0.0,0.0,-0.878783612,0.0,-0.538268751,0.0,-0.086673895,0.0157,0.0,0.0,0.0,0.0,-0.039582353,0.0,-0.005408056,0.25414082433574325,0.25414082433574325,-0.878783612,-0.538268751,-0.086673895,0.0157,0.0,-0.005408056,-0.039582353,0.2541408243357432
2021-04-12,0.0,0.427825471,0.0,0.689136268,0.0,0.008670771,0.0,0.0157,0.0,0.0,0.0,0.0,-0.039582353,0.0,-0.005408056,0.25414082433574325,0.25414082433574325,0.427825471,0.689136268,0.008670771,0.0157,0.0,-0.005408056,-0.039582353,0.2541408243357432
2021-04-13,-0.091199277,2.052704285,0.0,0.834033192,0.0,0.008670019,0.0,0.0157,0.0,0.0,0.0,0.0,-0.039582353,0.0,-0.005408056,0.25414082433574325,0.25414082433574325,2.052704285,0.834033192,0.008670019,0.0157,0.0,-0.005408056,-0.039582353,0.2541408243357432
2021-04-14,0.182315456,0.0,-1.720943349,4.784049648,0.0,0.039005786,0.0,0.0157,0.0,0.0,0.0,0.0,-0.039582353,0.0,-0.005408056,0.25414082433574325,0.25414082433574325,-1.720943349,4.784049648,0.039005786,0.0157,0.0,-0.005408056,-0.039582353,0.2541408243357432
2021-04-15,0.054629884,1.705891996,0.0,0.426642031,0.0,0.0,-0.021668003,0.0157,0.0,0.0,0.0,0.0,-0.039582353,0.0,-0.005408056,0.25414082433574325,0.25414082433574325,1.705891996,0.426642031,-0.021668003,0.0157,0.0,-0.005408056,-0.039582353,0.2541408243357432
2021-04-16,0.272702651,0.0,-1.371212123,0.0,-0.410807972,0.0,-0.026007802,0.0157,0.0,0.0,0.0,0.0,-0.039582353,0.0,-0.005408056,0.25414082433574325,0.25414082433574325,-1.371212123,-0.410807972,-0.026007802,0.0157,0.0,-0.005408056,-0.039582353,0.2541408243357432
2021-04-19,0.993595023,0.0,-0.118940479,0.268796114,0.0,0.026007802,0.0,0.0157,0.0,0.0,0.0,0.0,-0.039582353,0.0,-0.005408056,0.25414082433574325,0.25414082433574325,-0.118940479,0.268796114,0.026007802,0.0157,0.0,-0.005408056,-0.039582353,0.2541408243357432
2021-04-20,-0.360166066,1.924147094,0.0,0.0,-1.143414077,0.004333976,0.0,0.0157,0.0,0.0,0.0,0.0,-0.039582353,0.0,-0.005408056,0.25414082433574325,0.25414082433574325,1.924147094,-1.143414077,0.004333976,0.0157,0.0,-0.005408056,-0.039582353,0.2541408243357432
2021-04-21,0.0,0.0,0.0,0.0,-2.049285107,0.0,0.0,0.0157,0.0,0.0,0.0,0.0,-0.039582353,0.0,-0.005408056,0.25414082433574325,0.25414082433574325,0.0,-2.049285107,0.0,0.0157,0.0,-0.005408056,-0.039582353,0.2541408243357432
2021-04-22,0.090163201,0.0,-0.270926885,0.179167733,0.0,0.0,-0.017337032,0.0157,0.0,0.0,0.0,0.0,-0.039582353,0.0,-0.005408056,0.25414082433574325,0.25414082433574325,-0.270926885,0.179167733,-0.017337032,0.0157,0.0,-0.005408056,-0.039582353,0.2541408243357432
2021-04-23,-0.144300169,0.0,-2.980766458,1.180956862,0.0,0.0,0.0,0.0157,0.0,0.0,0.0,0.0,-0.039582353,0.0,-0.005408056,0.25414082433574325,0.25414082433574325,-2.980766458,1.180956862,0.0,0.0157,0.0,-0.005408056,-0.039582353,0.2541408243357432
2021-04-26,-0.452284805,1.942419741,0.0,0.0,-0.257649096,0.0,-0.130123636,0.0157,0.0,0.0,0.0,0.0,-0.039582353,0.0,-0.005408056,0.25414082433574325,0.25414082433574325,1.942419741,-0.257649096,-0.130123636,0.0157,0.0,-0.005408056,-0.039582353,0.2541408243357432
2021-04-27,0.271616283,0.0,-3.035416341,1.615388985,0.0,0.008680179,0.0,0.0157,0.0,0.0,0.0,0.0,-0.039582353,0.0,-0.005408056,0.25414082433574325,0.25414082433574325,-3.035416341,1.615388985,0.008680179,0.0157,0.0,-0.005408056,-0.039582353,0.2541408243357432
2021-04-28,0.0,0.527506256,0.0,1.229911436,0.0,0.021697151,0.0,0.0157,0.0,0.0,0.0,0.0,-0.039582353,0.0,-0.005408056,0.25414082433574325,0.25414082433574325,0.527506256,1.229911436,0.021697151,0.0157,0.0,-0.005408056,-0.039582353,0.2541408243357432
2021-04-29,0.0,1.193414214,0.0,1.847735202,0.0,0.030368105,0.0,0.0157,0.0,0.0,0.0,0.0,-0.039582353,0.0,-0.005408056,0.25414082433574325,0.25414082433574325,1.193414214,1.847735202,0.030368105,0.0157,0.0,-0.005408056,-0.039582353,0.2541408243357432
2021-04-30,0.0,0.0,0.0,0.0,-2.3347364,0.0,0.0,0.0,-0.0028,0.0,0.0,0.0,-0.050113198,0.007762158,0.0,0.25414082433574325,0.25414082433574325,0.0,-2.3347364,0.0,-0.0028,0.0,0.007762158,-0.050113198,0.2541408243357432
2021-05-03,0.126502231,0.0,0.0,1.500497049,0.0,0.0,0.0,0.0,-0.0028,0.0,0.0,0.0,-0.050113198,0.007762158,0.0,0.25414082433574325,0.25414082433574325,0.0,1.500497049,0.0,-0.0028,0.0,0.007762158,-0.050113198,0.2541408243357432
2021-05-04,-0.126502231,0.0,-1.044376788,1.935841678,0.0,0.0,-0.017352074,0.0,-0.0028,0.0,0.0,0.0,-0.050113198,0.007762158,0.0,0.25414082433574325,0.25414082433574325,-1.044376788,1.935841678,-0.017352074,-0.0028,0.0,0.007762158,-0.050113198,0.2541408243357432
2021-05-05,0.018081548,1.833217787,0.0,0.0,-0.137038468,0.04337454,0.0,0.0,-0.0028,0.0,0.0,0.0,-0.050113198,0.007762158,0.0,0.25414082433574325,0.25414082433574325,1.833217787,-0.137038468,0.04337454,-0.0028,0.0,0.007762158,-0.050113198,0.2541408243357432
2021-05-06,0.072293515,0.858367502,0.0,0.0,-1.380813593,0.030350988,0.0,0.0,-0.0028,0.0,0.0,0.0,-0.050113198,0.007762158,0.0,0.25414082433574325,0.25414082433574325,0.858367502,-1.380813593,0.030350988,-0.0028,0.0,0.007762158,-0.050113198,0.2541408243357432
2021-05-07,0.486618965,0.0,-0.794918017,0.35469233,0.0,0.0,-0.030350988,0.0,-0.0028,0.0,0.0,0.0,-0.050113198,0.007762158,0.0,0.25414082433574325,0.25414082433574325,-0.794918017,0.35469233,-0.030350988,-0.0028,0.0,0.007762158,-0.050113198,0.2541408243357432
2021-05-10,0.502153136,0.0,-0.444187675,0.0,-0.061595321,0.0,0.0,0.0,-0.0028,0.0,0.0,0.0,-0.050113198,0.007762158,0.0,0.25414082433574325,0.25414082433574325,-0.444187675,-0.061595321,0.0,-0.0028,0.0,0.007762158,-0.050113198,0.2541408243357432
2021-05-11,-0.035784577,2.007995389,0.0,0.598942127,0.0,0.0,-0.021684918,0.0,-0.0028,0.0,0.0,0.0,-0.050113198,0.007762158,0.0,0.25414082433574325,0.25414082433574325,2.007995389,0.598942127,-0.021684918,-0.0028,0.0,0.007762158,-0.050113198,0.2541408243357432
2021-05-12,-0.179115219,0.0,-1.044076419,0.990333378,0.0,0.0,-0.008675284,0.0,-0.0028,0.0,0.0,0.0,-0.050113198,0.007762158,0.0,0.25414082433574325,0.25414082433574325,-1.044076419,0.990333378,-0.008675284,-0.0028,0.0,0.007762158,-0.050113198,0.2541408243357432
2021-05-13,-0.107623329,0.87556972,0.0,0.0,-3.298187684,0.0,-0.056407699,0.0,-0.0028,0.0,0.0,0.0,-0.050113198,0.007762158,0.0,0.25414082433574325,0.25414082433574325,0.87556972,-3.298187684,-0.056407699,-0.0028,0.0,0.007762158,-0.050113198,0.2541408243357432
2021-05-14,0.322523125,0.272791057,0.0,2.323164725,0.0,0.034716195,0.0,0.0,-0.0028,0.0,0.0,0.0,-0.050113198,0.007762158,0.0,0.25414082433574325,0.25414082433574325,0.272791057,2.323164725,0.034716195,-0.0028,0.0,0.007762158,-0.050113198,0.2541408243357432
2021-05-17,0.214438967,0.48208429,0.0,1.398624197,0.0,0.0,-0.008677919,0.0,-0.0028,0.0,0.0,0.0,-0.050113198,0.007762158,0.0,0.25414082433574325,0.25414082433574325,0.48208429,1.398624197,-0.008677919,-0.0028,0.0,0.007762158,-0.050113198,0.2541408243357432
2021-05-18,0.107047289,0.0,-1.025236853,0.0,-1.138705085,0.0,-0.026038276,0.0,-0.0028,0.0,0.0,0.0,-0.050113198,0.007762158,0.0,0.25414082433574325,0.25414082433574325,-1.025236853,-1.138705085,-0.026038276,-0.0028,0.0,0.007762158,-0.050113198,0.2541408243357432
2021-05-19,-0.321486257,0.0,-0.381013446,0.0,-3.432813577,0.021699034,0.0,0.0,-0.0028,0.0,0.0,0.0,-0.050113198,0.007762158,0.0,0.25414082433574325,0.25414082433574325,-0.381013446,-3.432813577,0.021699034,-0.0028,0.0,0.007762158,-0.050113198,0.2541408243357432
2021-05-20,0.143010393,0.781142338,0.0,0.0,-2.124171538,0.0,0.0,0.0,-0.0028,0.0,0.0,0.0,-0.050113198,0.007762158,0.0,0.25414082433574325,0.25414082433574325,0.781142338,-2.124171538,0.0,-0.0028,0.0,0.007762158,-0.050113198,0.2541408243357432
2021-05-21,0.178475864,0.647894253,0.0,2.644308262,0.0,0.039046401,0.0,0.0,-0.0028,0.0,0.0,0.0,-0.050113198,0.007762158,0.0,0.25414082433574325,0.25414082433574325,0.647894253,2.644308262,0.039046401,-0.0028,0.0,0.007762158,-0.050113198,0.2541408243357432
2021-05-24,-0.053509321,1.145172923,0.0,3.8851811,0.0,0.008674908,0.0,0.0,-0.0028,0.0,0.0,0.0,-0.050113198,0.007762158,0.0,0.25414082433574325,0.25414082433574325,1.145172923,3.8851811,0.008674908,-0.0028,0.0,0.007762158,-0.050113198,0.2541408243357432
2021-05-25,0.035676062,0.90386398,0.0,0.211480441,0.0,0.017347558,0.0,0.0,-0.0028,0.0,0.0,0.0,-0.050113198,0.007762158,0.0,0.25414082433574325,0.25414082433574325,0.90386398,0.211480441,0.017347558,-0.0028,0.0,0.007762158,-0.050113198,0.2541408243357432
2021-05-26,0.142577105,0.678884026,0.0,0.211034145,0.0,0.0,-0.021684918,0.0,-0.0028,0.0,0.0,0.0,-0.050113198,0.007762158,0.0,0.25414082433574325,0.25414082433574325,0.678884026,0.211034145,-0.021684918,-0.0028,0.0,0.007762158,-0.050113198,0.2541408243357432
2021-05-27,-0.017811025,0.790421635,0.0,0.690278851,0.0,0.0,-0.043383949,0.0,-0.0028,0.0,0.0,0.0,-0.050113198,0.007762158,0.0,0.25414082433574325,0.25414082433574325,0.790421635,0.690278851,-0.043383949,-0.0028,0.0,0.007762158,-0.050113198,0.2541408243357432
2021-05-28,0.284596421,0.0,-0.809536027,0.0,-0.840972069,0.0,0.0,0.0,-0.0028,0.0,0.0,0.0,-0.050113198,0.007762158,0.0,0.25414082433574325,0.25414082433574325,-0.809536027,-0.840972069,0.0,-0.0028,0.0,0.007762158,-0.050113198,0.2541408243357432
2021-05-31,0.531445006,1.431827805,0.0,0.0,0.0,0.0,-0.021699034,0.0,-0.0004,0.0,0.0,0.058355644,0.0,0.0,-0.000600301,0.25414082433574325,0.25414082433574325,1.431827805,0.0,-0.021699034,-0.0004,0.0,-0.000600301,0.058355644,0.2541408243357432
2021-06-01,0.616470468,0.212339884,0.0,2.222147957,0.0,0.017359604,0.0,0.0,-0.0004,0.0,0.0,0.058355644,0.0,0.0,-0.000600301,0.25414082433574325,0.25414082433574325,0.212339884,2.222147957,0.017359604,-0.0004,0.0,-0.000600301,0.058355644,0.2541408243357432
2021-06-02,0.0,0.62311571,0.0,1.449619059,0.0,0.0,-0.017359604,0.0,-0.0004,0.0,0.0,0.058355644,0.0,0.0,-0.000600301,0.25414082433574325,0.25414082433574325,0.62311571,1.449619059,-0.017359604,-0.0004,0.0,-0.000600301,0.058355644,0.2541408243357432
2021-06-03,-0.351803353,0.553861102,0.0,0.029069768,0.0,0.004340184,0.0,0.0,-0.0004,0.0,0.0,0.058355644,0.0,0.0,-0.000600301,0.25414082433574325,0.25414082433574325,0.553861102,0.029069768,0.004340184,-0.0004,0.0,-0.000600301,0.058355644,0.2541408243357432
2021-06-04,-0.264667115,1.611231382,0.0,1.098435672,0.0,0.013019421,0.0,0.0,-0.0004,0.0,0.0,0.058355644,0.0,0.0,-0.000600301,0.25414082433574325,0.25414082433574325,1.611231382,1.098435672,0.013019421,-0.0004,0.0,-0.000600301,0.058355644,0.2541408243357432
2021-06-07,0.0,0.549305632,0.0,0.0,-0.518807908,0.0,-0.191121594,0.0,-0.0004,0.0,0.0,0.058355644,0.0,0.0,-0.000600301,0.25414082433574325,0.25414082433574325,0.549305632,-0.518807908,-0.191121594,-0.0004,0.0,-0.000600301,0.058355644,0.2541408243357432
2021-06-08,0.264667115,0.0,-1.408840313,1.292007637,0.0,0.0,-0.208913725,0.0,-0.0004,0.0,0.0,0.058355644,0.0,0.0,-0.000600301,0.25414082433574325,0.25414082433574325,-1.408840313,1.292007637,-0.208913725,-0.0004,0.0,-0.000600301,0.058355644,0.2541408243357432
2021-06-09,-0.176366889,0.0,-2.377224768,0.0,-0.299978798,0.013069902,0.0,0.0,-0.0004,0.0,0.0,0.058355644,0.0,0.0,-0.000600301,0.25414082433574325,0.25414082433574325,-2.377224768,-0.299978798,0.013069902,-0.0004,0.0,-0.000600301,0.058355644,0.2541408243357432
2021-06-10,0.088222326,0.706216561,0.0,0.627497781,0.0,0.0,-0.034856869,0.0,-0.0004,0.0,0.0,0.058355644,0.0,0.0,-0.000600301,0.25414082433574325,0.25414082433574325,0.706216561,0.627497781,-0.034856869,-0.0004,0.0,-0.000600301,0.058355644,0.2541408243357432
2021-06-11,0.35211304,0.0,-0.45945285,0.933925,0.0,0.0,-0.008716116,0.0,-0.0004,0.0,0.0,0.058355644,0.0,0.0,-0.000600301,0.25414082433574325,0.25414082433574325,-0.45945285,0.933925,-0.008716116,-0.0004,0.0,-0.000600301,0.058355644,0.2541408243357432
2021-06-14,-0.617013857,1.93622816,0.0,0.0,-0.08454277,0.0,-0.004358343,0.0,-0.0004,0.0,0.0,0.058355644,0.0,0.0,-0.000600301,0.25414082433574325,0.25414082433574325,1.93622816,-0.08454277,-0.004358343,-0.0004,0.0,-0.000600301,0.058355644,0.2541408243357432
2021-06-15,0.088378265,0.652101739,0.0,1.566465597,0.0,0.013074459,0.0,0.0,-0.0004,0.0,0.0,0.058355644,0.0,0.0,-0.000600301,0.25414082433574325,0.25414082433574325,0.652101739,1.566465597,0.013074459,-0.0004,0.0,-0.000600301,0.058355644,0.2541408243357432
2021-06-16,0.088300226,0.166579257,0.0,0.0,-0.041640642,0.0,-0.004357963,0.0,-0.0004,0.0,0.0,0.058355644,0.0,0.0,-0.000600301,0.25414082433574325,0.25414082433574325,0.166579257,-0.041640642,-0.004357963,-0.0004,0.0,-0.000600301,0.058355644,0.2541408243357432
2021-06-17,-0.708594639,0.0,-1.685123667,0.0,-1.355810831,0.060994207,0.0,0.0,-0.0004,0.0,0.0,0.058355644,0.0,0.0,-0.000600301,0.25414082433574325,0.25414082433574325,-1.685123667,-1.355810831,0.060994207,-0.0004,0.0,-0.000600301,0.058355644,0.2541408243357432
2021-06-18,-0.088928418,1.856549769,0.0,0.81289866,0.0,0.152322954,0.0,0.0,-0.0004,0.0,0.0,0.058355644,0.0,0.0,-0.000600301,0.25414082433574325,0.25414082433574325,1.856549769,0.81289866,0.152322954,-0.0004,0.0,-0.000600301,0.058355644,0.2541408243357432
2021-06-21,0.266548359,0.540190672,0.0,2.753477917,0.0,0.082592541,0.0,0.0,-0.0004,0.0,0.0,0.058355644,0.0,0.0,-0.000600301,0.25414082433574325,0.25414082433574325,0.540190672,2.753477917,0.082592541,-0.0004,0.0,-0.000600301,0.058355644,0.2541408243357432
2021-06-22,0.177305011,0.526425921,0.0,0.0,-0.66762289,0.047785574,0.0,0.0,-0.0004,0.0,0.0,0.058355644,0.0,0.0,-0.000600301,0.25414082433574325,0.25414082433574325,0.526425921,-0.66762289,0.047785574,-0.0004,0.0,-0.000600301,0.058355644,0.2541408243357432
2021-06-23,0.353669688,0.167149703,0.0,0.0,-0.054697116,0.0,-0.021717885,0.0,-0.0004,0.0,0.0,0.058355644,0.0,0.0,-0.000600301,0.25414082433574325,0.25414082433574325,0.167149703,-0.054697116,-0.021717885,-0.0004,0.0,-0.000600301,0.058355644,0.2541408243357432
2021-06-24,-0.265134932,0.0,-0.455069951,0.273186893,0.0,0.0,-0.073876109,0.0,-0.0004,0.0,0.0,0.058355644,0.0,0.0,-0.000600301,0.25414082433574325,0.25414082433574325,-0.455069951,0.273186893,-0.073876109,-0.0004,0.0,-0.000600301,0.058355644,0.2541408243357432
2021-06-25,0.0,0.379850981,0.0,1.220188675,0.0,0.073876109,0.0,0.0,-0.0004,0.0,0.0,0.058355644,0.0,0.0,-0.000600301,0.25414082433574325,0.25414082433574325,0.379850981,1.220188675,0.073876109,-0.0004,0.0,-0.000600301,0.058355644,0.2541408243357432
2021-06-28,0.0,1.140271413,0.0,0.0,-1.671348097,0.0,0.0,0.0,-0.0004,0.0,0.0,0.058355644,0.0,0.0,-0.000600301,0.25414082433574325,0.25414082433574325,1.140271413,-1.671348097,0.0,-0.0004,0.0,-0.000600301,0.058355644,0.2541408243357432
2021-06-29,-0.177147965,0.739767476,0.0,0.218998171,0.0,0.0,0.0,0.0,-0.0004,0.0,0.0,0.058355644,0.0,0.0,-0.000600301,0.25414082433574325,0.25414082433574325,0.739767476,0.218998171,0.0,-0.0004,0.0,-0.000600301,0.058355644,0.2541408243357432
2021-06-30,-0.266311742,0.176647783,0.0,0.518206533,0.0,0.0,-0.026067689,0.0016,0.0,0.0,0.0,0.064473986,0.0,0.0,-0.001811999,0.25414082433574325,0.25414082433574325,0.176647783,0.518206533,-0.026067689,0.0016,0.0,-0.001811999,0.064473986,0.2541408243357432
2021-07-01,0.088849406,0.093518204,0.0,2.432098379,0.0,0.0,-0.017382235,0.0016,0.0,0.0,0.0,0.064473986,0.0,0.0,-0.001811999,0.12328403184673098,0.12328403184673098,0.093518204,2.432098379,-0.017382235,0.0016,0.0,-0.001811999,0.064473986,0.1232840318467309
2021-07-02,0.531445006,0.757664892,0.0,0.053085602,0.0,0.0,-0.052164842,0.0016,0.0,0.0,0.0,0.064473986,0.0,0.0,-0.001811999,0.12328403184673098,0.12328403184673098,0.757664892,0.053085602,-0.052164842,0.0016,0.0,-0.001811999,0.064473986,0.1232840318467309
2021-07-05,0.264667115,0.0,-0.829921278,0.0,0.0,0.0,-0.008696787,0.0016,0.0,0.0,0.0,0.064473986,0.0,0.0,-0.001811999,0.12328403184673098,0.12328403184673098,-0.829921278,0.0,-0.008696787,0.0016,0.0,-0.001811999,0.064473986,0.1232840318467309
2021-07-06,0.088066937,0.0,0.0,0.0,-2.34925899,0.047822969,0.0,0.0016,0.0,0.0,0.0,0.064473986,0.0,0.0,-0.001811999,0.12328403184673098,0.12328403184673098,0.0,-2.34925899,0.047822969,0.0016,0.0,-0.001811999,0.064473986,0.1232840318467309
2021-07-07,0.087989447,0.0,-4.074434109,0.0,-1.91997121,0.034765982,0.0,0.0016,0.0,0.0,0.0,0.064473986,0.0,0.0,-0.001811999,0.12328403184673098,0.12328403184673098,-4.074434109,-1.91997121,0.034765982,0.0016,0.0,-0.001811999,0.064473986,0.1232840318467309
2021-07-08,0.087912094,2.461357643,0.0,1.046841516,0.0,0.0,-0.034765982,0.0016,0.0,0.0,0.0,0.064473986,0.0,0.0,-0.001811999,0.12328403184673098,0.12328403184673098,2.461357643,1.046841516,-0.034765982,0.0016,0.0,-0.001811999,0.064473986,0.1232840318467309
2021-07-09,-0.175901541,0.0,-1.003906044,2.141873937,0.0,0.0,-0.030430152,0.0016,0.0,0.0,0.0,0.064473986,0.0,0.0,-0.001811999,0.12328403184673098,0.12328403184673098,-1.003906044,2.141873937,-0.030430152,0.0016,0.0,-0.001811999,0.064473986,0.1232840318467309
2021-07-12,-0.352734052,0.0,-2.023715006,0.0,-0.47052584,0.086918736,0.0,0.0016,0.0,0.0,0.0,0.064473986,0.0,0.0,-0.001811999,0.12328403184673098,0.12328403184673098,-2.023715006,-0.47052584,0.086918736,0.0016,0.0,-0.001811999,0.064473986,0.1232840318467309
2021-07-13,0.0,0.0,-3.846977407,1.378409245,0.0,0.0,-0.043449925,0.0016,0.0,0.0,0.0,0.064473986,0.0,0.0,-0.001811999,0.12328403184673098,0.12328403184673098,-3.846977407,1.378409245,-0.043449925,0.0016,0.0,-0.001811999,0.064473986,0.1232840318467309
2021-07-14,0.088300226,0.095611148,0.0,0.0,-2.940198307,0.004345842,0.0,0.0016,0.0,0.0,0.0,0.064473986,0.0,0.0,-0.001811999,0.12328403184673098,0.12328403184673098,0.095611148,-2.940198307,0.004345842,0.0016,0.0,-0.001811999,0.064473986,0.1232840318467309
2021-07-15,0.352423272,0.0,-1.368040114,0.0,-1.920877136,0.0,-0.008691873,0.0016,0.0,0.0,0.0,0.064473986,0.0,0.0,-0.001811999,0.12328403184673098,0.12328403184673098,-1.368040114,-1.920877136,-0.008691873,0.0016,0.0,-0.001811999,0.064473986,0.1232840318467309
2021-07-16,-0.176056384,1.088660741,0.0,0.125496774,0.0,0.008691873,0.0,0.0016,0.0,0.0,0.0,0.064473986,0.0,0.0,-0.001811999,0.12328403184673098,0.12328403184673098,1.088660741,0.125496774,0.008691873,0.0016,0.0,-0.001811999,0.064473986,0.1232840318467309
2021-07-19,0.263968477,0.415698396,0.0,0.0,-6.814898374,0.039104083,0.0,0.0016,0.0,0.0,0.0,0.064473986,0.0,0.0,-0.001811999,0.12328403184673098,0.12328403184673098,0.415698396,-6.814898374,0.039104083,0.0016,0.0,-0.001811999,0.064473986,0.1232840318467309
2021-07-20,0.0,0.0,-4.195604674,1.300758416,0.0,0.026060896,0.0,0.0016,0.0,0.0,0.0,0.064473986,0.0,0.0,-0.001811999,0.12328403184673098,0.12328403184673098,-4.195604674,1.300758416,0.026060896,0.0016,0.0,-0.001811999,0.064473986,0.1232840318467309
2021-07-21,-0.175901541,2.366607591,0.0,4.274527752,0.0,0.0,-0.017373176,0.0016,0.0,0.0,0.0,0.064473986,0.0,0.0,-0.001811999,0.12328403184673098,0.12328403184673098,2.366607591,4.274527752,-0.017373176,0.0016,0.0,-0.001811999,0.064473986,0.1232840318467309
2021-07-22,0.0,0.0,-0.196534763,2.654463838,0.0,0.0,-0.052137645,0.0016,0.0,0.0,0.0,0.064473986,0.0,0.0,-0.001811999,0.12328403184673098,0.12328403184673098,-0.196534763,2.654463838,-0.052137645,0.0016,0.0,-0.001811999,0.064473986,0.1232840318467309
2021-07-23,0.087989447,1.784438605,0.0,0.124662389,0.0,0.0,-0.021732044,0.0016,0.0,0.0,0.0,0.064473986,0.0,0.0,-0.001811999,0.12328403184673098,0.12328403184673098,1.784438605,0.124662389,-0.021732044,0.0016,0.0,-0.001811999,0.064473986,0.1232840318467309
2021-07-26,-0.087989447,0.0,-1.938792436,0.0,-0.124662389,0.013039793,0.0,0.0016,0.0,0.0,0.0,0.064473986,0.0,0.0,-0.001811999,0.12328403184673098,0.12328403184673098,-1.938792436,-0.124662389,0.013039793,0.0016,0.0,-0.001811999,0.064473986,0.1232840318467309
2021-07-27,-0.352734052,0.305326929,0.0,0.0,-0.653551655,0.0,-0.013039793,0.0016,0.0,0.0,0.0,0.064473986,0.0,0.0,-0.001811999,0.12328403184673098,0.12328403184673098,0.305326929,-0.653551655,-0.013039793,0.0016,0.0,-0.001811999,0.064473986,0.1232840318467309
2021-07-28,-0.176834706,0.331027428,0.0,0.958008021,0.0,0.0,-0.026084688,0.0016,0.0,0.0,0.0,0.064473986,0.0,0.0,-0.001811999,0.12328403184673098,0.12328403184673098,0.331027428,0.958008021,-0.026084688,0.0016,0.0,-0.001811999,0.064473986,0.1232840318467309
2021-07-29,0.265134932,0.010963195,0.0,1.712487907,0.0,0.0,-0.147941895,0.0016,0.0,0.0,0.0,0.064473986,0.0,0.0,-0.001811999,0.12328403184673098,0.12328403184673098,0.010963195,1.712487907,-0.147941895,0.0016,0.0,-0.001811999,0.064473986,0.1232840318467309
2021-07-30,0.088222326,1.286063776,0.0,0.420197162,0.0,0.0,-0.065338127,0.0016,0.0,0.0,0.0,0.064473986,0.0,0.0,-0.001811999,0.12328403184673098,0.12328403184673098,1.286063776,0.420197162,-0.065338127,0.0016,0.0,-0.001811999,0.064473986,0.1232840318467309
2021-08-02,-0.353357258,1.263627514,0.0,0.0,-3.608212953,0.0,0.0,0.002,0.0,0.0,0.0,0.0,-0.078109813,0.0,-0.000405783,0.12328403184673098,0.12328403184673098,1.263627514,-3.608212953,0.0,0.002,0.0,-0.000405783,-0.078109813,0.1232840318467309
2021-08-03,0.176834706,0.317802933,0.0,0.0,-0.944001374,0.0,0.0,0.002,0.0,0.0,0.0,0.0,-0.078109813,0.0,-0.000405783,0.12328403184673098,0.12328403184673098,0.317802933,-0.944001374,0.0,0.002,0.0,-0.000405783,-0.078109813,0.1232840318467309
2021-08-04,0.088300226,1.376851415,0.0,0.0,-3.529862976,0.0,-0.021788866,0.002,0.0,0.0,0.0,0.0,-0.078109813,0.0,-0.000405783,0.12328403184673098,0.12328403184673098,1.376851415,-3.529862976,-0.021788866,0.002,0.0,-0.000405783,-0.078109813,0.1232840318467309
2021-08-05,-0.176678491,0.172466843,0.0,1.325680424,0.0,0.0,-0.039231927,0.002,0.0,0.0,0.0,0.0,-0.078109813,0.0,-0.000405783,0.12328403184673098,0.12328403184673098,0.172466843,1.325680424,-0.039231927,0.002,0.0,-0.000405783,-0.078109813,0.1232840318467309
2021-08-06,0.0,0.806633507,0.0,0.0,-1.22307873,0.0,-0.039247324,0.002,0.0,0.0,0.0,0.0,-0.078109813,0.0,-0.000405783,0.12328403184673098,0.12328403184673098,0.806633507,-1.22307873,-0.039247324,0.002,0.0,-0.000405783,-0.078109813,0.1232840318467309
2021-08-09,-0.620844566,0.0,-0.305173292,0.0,-2.522014697,0.0,-0.00872372,0.002,0.0,0.0,0.0,0.0,-0.078109813,0.0,-0.000405783,0.12328403184673098,0.12328403184673098,-0.305173292,-2.522014697,-0.00872372,0.002,0.0,-0.000405783,-0.078109813,0.1232840318467309
2021-08-10,0.088928418,1.363063479,0.0,2.624511228,0.0,0.0,-0.165895437,0.002,0.0,0.0,0.0,0.0,-0.078109813,0.0,-0.000405783,0.12328403184673098,0.12328403184673098,1.363063479,2.624511228,-0.165895437,0.002,0.0,-0.000405783,-0.078109813,0.1232840318467309
2021-08-11,-0.088928418,0.188811682,0.0,1.40959974,0.0,0.0,-0.341386886,0.002,0.0,0.0,0.0,0.0,-0.078109813,0.0,-0.000405783,0.12328403184673098,0.12328403184673098,0.188811682,1.40959974,-0.341386886,0.002,0.0,-0.000405783,-0.078109813,0.1232840318467309
2021-08-12,0.35524016,0.0,-0.341149209,0.0,-0.26007817,0.0,-0.017538475,0.002,0.0,0.0,0.0,0.0,-0.078109813,0.0,-0.000405783,0.12328403184673098,0.12328403184673098,-0.341149209,-0.26007817,-0.017538475,0.002,0.0,-0.000405783,-0.078109813,0.1232840318467309
2021-08-13,0.0,0.0,-0.349707458,0.0,-1.105626625,0.109565038,0.0,0.002,0.0,0.0,0.0,0.0,-0.078109813,0.0,-0.000405783,0.12328403184673098,0.12328403184673098,-0.349707458,-1.105626625,0.109565038,0.002,0.0,-0.000405783,-0.078109813,0.1232840318467309
2021-08-16,0.265604406,0.295192274,0.0,0.0,-1.354954455,0.0,0.0,0.002,0.0,0.0,0.0,0.0,-0.078109813,0.0,-0.000405783,0.12328403184673098,0.12328403184673098,0.295192274,-1.354954455,0.0,0.002,0.0,-0.000405783,-0.078109813,0.1232840318467309
2021-08-17,0.176678491,1.019799821,0.0,0.0,-1.403636603,0.0,0.0,0.002,0.0,0.0,0.0,0.0,-0.078109813,0.0,-0.000405783,0.12328403184673098,0.12328403184673098,1.019799821,-1.403636603,0.0,0.002,0.0,-0.000405783,-0.078109813,0.1232840318467309
2021-08-18,0.0,0.0,-0.575704302,0.0,-1.729149711,0.0,-0.100795416,0.002,0.0,0.0,0.0,0.0,-0.078109813,0.0,-0.000405783,0.12328403184673098,0.12328403184673098,-0.575704302,-1.729149711,-0.100795416,0.002,0.0,-0.000405783,-0.078109813,0.1232840318467309
2021-08-19,-0.176678491,0.0,-0.157854388,0.0,-2.588288617,0.021920691,0.0,0.002,0.0,0.0,0.0,0.0,-0.078109813,0.0,-0.000405783,0.12328403184673098,0.12328403184673098,-0.157854388,-2.588288617,0.021920691,0.002,0.0,-0.000405783,-0.078109813,0.1232840318467309
2021-08-20,-0.176991197,1.016899679,0.0,0.0,-2.286902904,0.035063114,0.0,0.002,0.0,0.0,0.0,0.0,-0.078109813,0.0,-0.000405783,0.12328403184673098,0.12328403184673098,1.016899679,-2.286902904,0.035063114,0.002,0.0,-0.000405783,-0.078109813,0.1232840318467309
2021-08-23,-0.088613209,0.0,-3.359435532,5.31790654,0.0,0.021908205,0.0,0.002,0.0,0.0,0.0,0.0,-0.078109813,0.0,-0.000405783,0.12328403184673098,0.12328403184673098,-3.359435532,5.31790654,0.021908205,0.002,0.0,-0.000405783,-0.078109813,0.1232840318467309
2021-08-24,0.177147965,0.0,-2.326332227,2.778999713,0.0,0.0,-0.021908205,0.002,0.0,0.0,0.0,0.0,-0.078109813,0.0,-0.000405783,0.12328403184673098,0.12328403184673098,-2.326332227,2.778999713,-0.021908205,0.002,0.0,-0.000405783,-0.078109813,0.1232840318467309
2021-08-25,-0.088534756,0.0,-0.009239298,1.528991857,0.0,0.0,-0.131550118,0.002,0.0,0.0,0.0,0.0,-0.078109813,0.0,-0.000405783,0.12328403184673098,0.12328403184673098,-0.009239298,1.528991857,-0.131550118,0.002,0.0,-0.000405783,-0.078109813,0.1232840318467309
2021-08-26,-0.266075545,0.828900306,0.0,0.0,-1.647580664,0.0,-0.021941854,0.002,0.0,0.0,0.0,0.0,-0.078109813,0.0,-0.000405783,0.12328403184673098,0.12328403184673098,0.828900306,-1.647580664,-0.021941854,0.002,0.0,-0.000405783,-0.078109813,0.1232840318467309
2021-08-27,0.177462336,0.0,-0.645813473,2.084326154,0.0,0.017553868,0.0,0.002,0.0,0.0,0.0,0.0,-0.078109813,0.0,-0.000405783,0.12328403184673098,0.12328403184673098,-0.645813473,2.084326154,0.017553868,0.002,0.0,-0.000405783,-0.078109813,0.1232840318467309
2021-08-30,0.353982671,0.924147463,0.0,0.637129291,0.0,0.0,-0.061452025,0.002,0.0,0.0,0.0,0.0,-0.078109813,0.0,-0.000405783,0.12328403184673098,0.12328403184673098,0.924147463,0.637129291,-0.061452025,0.002,0.0,-0.000405783,-0.078109813,0.1232840318467309
2021-08-31,0.176522552,1.131256054,0.0,0.0,-1.234493929,0.0,0.0,0.0065,0.0,0.0,0.0,0.037106292,0.0,0.0,-0.003555652,0.12328403184673098,0.12328403184673098,1.131256054,-1.234493929,0.0,0.0065,0.0,-0.003555652,0.037106292,0.1232840318467309
2021-09-01,0.0,0.250412785,0.0,0.291843196,0.0,0.0,-0.065883389,0.0065,0.0,0.0,0.0,0.037106292,0.0,0.0,-0.003555652,0.12328403184673098,0.12328403184673098,0.250412785,0.291843196,-0.065883389,0.0065,0.0,-0.003555652,0.037106292,0.1232840318467309
2021-09-02,0.0,0.0,0.0,2.076498546,0.0,0.0,0.0,0.0065,0.0,0.0,0.0,0.037106292,0.0,0.0,-0.003555652,0.12328403184673098,0.12328403184673098,0.0,2.076498546,0.0,0.0065,0.0,-0.003555652,0.037106292,0.1232840318467309
2021-09-03,0.0,0.0,0.0,0.0,-1.047280213,0.0,0.0,0.0065,0.0,0.0,0.0,0.037106292,0.0,0.0,-0.003555652,0.12328403184673098,0.12328403184673098,0.0,-1.047280213,0.0,0.0065,0.0,-0.003555652,0.037106292,0.1232840318467309
2021-09-06,0.088144563,0.238549016,0.0,0.0,0.0,0.0,0.0,0.0065,0.0,0.0,0.0,0.037106292,0.0,0.0,-0.003555652,0.12328403184673098,0.12328403184673098,0.238549016,0.0,0.0,0.0065,0.0,-0.003555652,0.037106292,0.1232840318467309
2021-09-07,0.0,0.875785146,0.0,0.0,-1.233419105,0.0,-0.008787732,0.0065,0.0,0.0,0.0,0.037106292,0.0,0.0,-0.003555652,0.12328403184673098,0.12328403184673098,0.875785146,-1.233419105,-0.008787732,0.0065,0.0,-0.003555652,0.037106292,0.1232840318467309
2021-09-08,-0.441501821,0.0,-0.334041653,1.262258326,0.0,0.0,-0.004394156,0.0065,0.0,0.0,0.0,0.037106292,0.0,0.0,-0.003555652,0.12328403184673098,0.12328403184673098,-0.334041653,1.262258326,-0.004394156,0.0065,0.0,-0.003555652,0.037106292,0.1232840318467309
2021-09-09,0.088456441,0.0,-0.61969692,0.0,-1.598638899,0.035147841,0.0,0.0065,0.0,0.0,0.0,0.037106292,0.0,0.0,-0.003555652,0.12328403184673098,0.12328403184673098,-0.61969692,-1.598638899,0.035147841,0.0065,0.0,-0.003555652,0.037106292,0.1232840318467309
2021-09-10,0.088378265,0.774581011,0.0,2.25965582,0.0,0.0,-0.035147841,0.0065,0.0,0.0,0.0,0.037106292,0.0,0.0,-0.003555652,0.12328403184673098,0.12328403184673098,0.774581011,2.25965582,-0.035147841,0.0065,0.0,-0.003555652,0.037106292,0.1232840318467309
2021-09-13,0.0,0.098910873,0.0,1.025942313,0.0,0.008788118,0.0,0.0065,0.0,0.0,0.0,0.037106292,0.0,0.0,-0.003555652,0.12328403184673098,0.12328403184673098,0.098910873,1.025942313,0.008788118,0.0065,0.0,-0.003555652,0.037106292,0.1232840318467309
2021-09-14,-0.088378265,0.0,-0.288826064,0.0,-0.014177359,0.0,0.0,0.0065,0.0,0.0,0.0,0.037106292,0.0,0.0,-0.003555652,0.12328403184673098,0.12328403184673098,-0.288826064,-0.014177359,0.0,0.0065,0.0,-0.003555652,0.037106292,0.1232840318467309
2021-09-15,0.176678491,0.0,-0.129050083,2.878902008,0.0,0.0,-0.004393963,0.0065,0.0,0.0,0.0,0.037106292,0.0,0.0,-0.003555652,0.12328403184673098,0.12328403184673098,-0.129050083,2.878902008,-0.004393963,0.0065,0.0,-0.003555652,0.037106292,0.1232840318467309
2021-09-16,-0.265134932,0.45652148,0.0,0.13766522,0.0,0.0,-0.02197271,0.0065,0.0,0.0,0.0,0.037106292,0.0,0.0,-0.003555652,0.12328403184673098,0.12328403184673098,0.45652148,0.13766522,-0.02197271,0.0065,0.0,-0.003555652,0.037106292,0.1232840318467309
2021-09-17,-0.888894742,0.002972099,0.0,0.0,-0.828848508,0.074687524,0.0,0.0065,0.0,0.0,0.0,0.037106292,0.0,0.0,-0.003555652,0.12328403184673098,0.12328403184673098,0.002972099,-0.828848508,0.074687524,0.0065,0.0,-0.003555652,0.037106292,0.1232840318467309
2021-09-20,0.267499045,0.50175943,0.0,0.0,-2.358003989,0.0,-0.00439184,0.0065,0.0,0.0,0.0,0.037106292,0.0,0.0,-0.003555652,0.12328403184673098,0.12328403184673098,0.50175943,-2.358003989,-0.00439184,0.0065,0.0,-0.003555652,0.037106292,0.1232840318467309
2021-09-21,0.532860941,0.0,-0.159815359,0.14192452,0.0,0.0,-0.061506021,0.0065,0.0,0.0,0.0,0.037106292,0.0,0.0,-0.003555652,0.12328403184673098,0.12328403184673098,-0.159815359,0.14192452,-0.061506021,0.0065,0.0,-0.003555652,0.037106292,0.1232840318467309
2021-09-22,0.088534756,0.0,-0.790988096,2.603730515,0.0,0.021970779,0.0,0.0065,0.0,0.0,0.0,0.037106292,0.0,0.0,-0.003555652,0.12328403184673098,0.12328403184673098,-0.790988096,2.603730515,0.021970779,0.0065,0.0,-0.003555652,0.037106292,0.1232840318467309
2021-09-23,0.353357258,0.805796549,0.0,1.454072259,0.0,0.00878696,0.0,0.0065,0.0,0.0,0.0,0.037106292,0.0,0.0,-0.003555652,0.12328403184673098,0.12328403184673098,0.805796549,1.454072259,0.00878696,0.0065,0.0,-0.003555652,0.037106292,0.1232840318467309
2021-09-24,-0.530505223,0.153878052,0.0,1.01620006,0.0,0.0,-0.00878696,0.0065,0.0,0.0,0.0,0.037106292,0.0,0.0,-0.003555652,0.12328403184673098,0.12328403184673098,0.153878052,1.01620006,-0.00878696,0.0065,0.0,-0.003555652,0.037106292,0.1232840318467309
2021-09-27,-0.088691802,0.0,-0.117606608,1.816774522,0.0,0.026358564,0.0,0.0065,0.0,0.0,0.0,0.037106292,0.0,0.0,-0.003555652,0.12328403184673098,0.12328403184673098,-0.117606608,1.816774522,0.026358564,0.0065,0.0,-0.003555652,0.037106292,0.1232840318467309
2021-09-28,0.177305011,0.0,-1.956597154,0.0,-0.132467896,0.0,-0.021964988,0.0065,0.0,0.0,0.0,0.037106292,0.0,0.0,-0.003555652,0.12328403184673098,0.12328403184673098,-1.956597154,-0.132467896,-0.021964988,0.0065,0.0,-0.003555652,0.037106292,0.1232840318467309
2021-09-29,-0.177305011,1.074964373,0.0,0.0,-0.504984462,0.0,-0.035154019,0.0065,0.0,0.0,0.0,0.037106292,0.0,0.0,-0.003555652,0.12328403184673098,0.12328403184673098,1.074964373,-0.504984462,-0.035154019,0.0065,0.0,-0.003555652,0.037106292,0.1232840318467309
2021-09-30,-0.17761994,0.0,-0.00746681,0.212935934,0.0,0.0,-0.013185944,0.0026,0.0,0.0,0.0,0.0,-0.009118604,0.001622465,0.0,0.12328403184673098,0.12328403184673098,-0.00746681,0.212935934,-0.013185944,0.0026,0.0,0.001622465,-0.009118604,0.1232840318467309
2021-10-01,0.620294412,0.212585907,0.0,1.044775754,0.0,0.030764498,0.0,0.0026,0.0,0.0,0.0,0.0,-0.009118604,0.001622465,0.0,0.10046723750502151,0.10046723750502151,0.212585907,1.044775754,0.030764498,0.0026,0.0,0.001622465,-0.009118604,0.1004672375050215
2021-10-04,0.176522552,0.0,-0.535685549,2.173291341,0.0,0.0,0.0,0.0026,0.0,0.0,0.0,0.0,-0.009118604,0.001622465,0.0,0.10046723750502151,0.10046723750502151,-0.535685549,2.173291341,0.0,0.0026,0.0,0.001622465,-0.009118604,0.1004672375050215
2021-10-05,0.088144563,0.347737999,0.0,1.89996152,0.0,0.0,-0.013183626,0.0026,0.0,0.0,0.0,0.0,-0.009118604,0.001622465,0.0,0.10046723750502151,0.10046723750502151,0.347737999,1.89996152,-0.013183626,0.0026,0.0,0.001622465,-0.009118604,0.1004672375050215
2021-10-06,0.0,1.120208287,0.0,0.0,-1.925711488,0.0,-0.017580872,0.0026,0.0,0.0,0.0,0.0,-0.009118604,0.001622465,0.0,0.10046723750502151,0.10046723750502151,1.120208287,-1.925711488,-0.017580872,0.0026,0.0,0.001622465,-0.009118604,0.1004672375050215
2021-10-07,0.702373388,0.602772805,0.0,1.024861648,0.0,0.0,0.0,0.0026,0.0,0.0,0.0,0.0,-0.009118604,0.001622465,0.0,0.10046723750502151,0.10046723750502151,0.602772805,1.024861648,0.0,0.0026,0.0,0.001622465,-0.009118604,0.1004672375050215
2021-10-08,0.0,0.232335811,0.0,1.3796814,0.0,0.030764498,0.0,0.0026,0.0,0.0,0.0,0.0,-0.009118604,0.001622465,0.0,0.10046723750502151,0.10046723750502151,0.232335811,1.3796814,0.030764498,0.0026,0.0,0.001622465,-0.009118604,0.1004672375050215
2021-10-11,0.174825219,0.49220173,0.0,1.360904954,0.0,0.0,-0.030764498,0.0026,0.0,0.0,0.0,0.0,-0.009118604,0.001622465,0.0,0.10046723750502151,0.10046723750502151,0.49220173,1.360904954,-0.030764498,0.0026,0.0,0.001622465,-0.009118604,0.1004672375050215
2021-10-12,0.174520114,1.544041489,0.0,0.136315778,0.0,0.030764498,0.0,0.0026,0.0,0.0,0.0,0.0,-0.009118604,0.001622465,0.0,0.10046723750502151,0.10046723750502151,1.544041489,0.136315778,0.030764498,0.0026,0.0,0.001622465,-0.009118604,0.1004672375050215
2021-10-13,0.0,0.050916315,0.0,0.0,-0.099120315,0.0,0.0,0.0026,0.0,0.0,0.0,0.0,-0.009118604,0.001622465,0.0,0.10046723750502151,0.10046723750502151,0.050916315,-0.099120315,0.0,0.0026,0.0,0.001622465,-0.009118604,0.1004672375050215
2021-10-14,-0.087221985,0.0,-0.207413117,0.937699653,0.0,0.0,0.0,0.0026,0.0,0.0,0.0,0.0,-0.009118604,0.001622465,0.0,0.10046723750502151,0.10046723750502151,-0.207413117,0.937699653,0.0,0.0026,0.0,0.001622465,-0.009118604,0.1004672375050215
2021-10-15,-0.087298129,0.0,-0.004310716,1.172031485,0.0,0.004394156,0.0,0.0026,0.0,0.0,0.0,0.0,-0.009118604,0.001622465,0.0,0.10046723750502151,0.10046723750502151,-0.004310716,1.172031485,0.004394156,0.0026,0.0,0.001622465,-0.009118604,0.1004672375050215
2021-10-18,0.0,0.061051159,0.0,0.278771164,0.0,0.0,0.0,0.0026,0.0,0.0,0.0,0.0,-0.009118604,0.001622465,0.0,0.10046723750502151,0.10046723750502151,0.061051159,0.278771164,0.0,0.0026,0.0,0.001622465,-0.009118604,0.1004672375050215
2021-10-19,0.0,0.202996236,0.0,0.687536633,0.0,0.0,-0.013183047,0.0026,0.0,0.0,0.0,0.0,-0.009118604,0.001622465,0.0,0.10046723750502151,0.10046723750502151,0.202996236,0.687536633,-0.013183047,0.0026,0.0,0.001622465,-0.009118604,0.1004672375050215
2021-10-20,0.0,0.0,-0.0143325,1.444025331,0.0,0.0,0.0,0.0026,0.0,0.0,0.0,0.0,-0.009118604,0.001622465,0.0,0.10046723750502151,0.10046723750502151,-0.0143325,1.444025331,0.0,0.0026,0.0,0.001622465,-0.009118604,0.1004672375050215
2021-10-21,0.261666089,0.0,-0.109711642,0.0,-2.107357679,0.0,-0.021975607,0.0026,0.0,0.0,0.0,0.0,-0.009118604,0.001622465,0.0,0.10046723750502151,0.10046723750502151,-0.109711642,-2.107357679,-0.021975607,0.0026,0.0,0.001622465,-0.009118604,0.1004672375050215
2021-10-22,0.174064448,0.0,-0.649976916,2.261267613,0.0,0.017580872,0.0,0.0026,0.0,0.0,0.0,0.0,-0.009118604,0.001622465,0.0,0.10046723750502151,0.10046723750502151,-0.649976916,2.261267613,0.017580872,0.0026,0.0,0.001622465,-0.009118604,0.1004672375050215
2021-10-25,0.086918736,0.322277416,0.0,0.130046717,0.0,0.0,-0.03956131,0.0026,0.0,0.0,0.0,0.0,-0.009118604,0.001622465,0.0,0.10046723750502151,0.10046723750502151,0.322277416,0.130046717,-0.03956131,0.0026,0.0,0.001622465,-0.009118604,0.1004672375050215
2021-10-26,0.606324941,0.0,-0.276792842,1.174549561,0.0,0.052744936,0.0,0.0026,0.0,0.0,0.0,0.0,-0.009118604,0.001622465,0.0,0.10046723750502151,0.10046723750502151,-0.276792842,1.174549561,0.052744936,0.0026,0.0,0.001622465,-0.009118604,0.1004672375050215
2021-10-27,0.172562597,0.448681538,0.0,0.0,-3.541665464,0.0,-0.008788891,0.0026,0.0,0.0,0.0,0.0,-0.009118604,0.001622465,0.0,0.10046723750502151,0.10046723750502151,0.448681538,-3.541665464,-0.008788891,0.0026,0.0,0.001622465,-0.009118604,0.1004672375050215
2021-10-28,-0.345423487,2.230565184,0.0,0.145067724,0.0,0.0,-0.021975607,0.0026,0.0,0.0,0.0,0.0,-0.009118604,0.001622465,0.0,0.10046723750502151,0.10046723750502151,2.230565184,0.145067724,-0.021975607,0.0026,0.0,0.001622465,-0.009118604,0.1004672375050215
2021-10-29,0.0,1.047883955,0.0,0.866014554,0.0,0.0,0.0,0.0026,0.0,0.0,0.0,0.0,-0.009118604,0.001622465,0.0,0.10046723750502151,0.10046723750502151,1.047883955,0.866014554,0.0,0.0026,0.0,0.001622465,-0.009118604,0.1004672375050215
2021-11-01,-0.346620798,0.434379022,0.0,0.692209471,0.0,0.0,0.0,0.0,-0.0065,0.0,0.0,0.0,-0.045870766,0.00433524,0.0,0.10046723750502151,0.10046723750502151,0.434379022,0.692209471,0.0,-0.0065,0.0,0.00433524,-0.045870766,0.1004672375050215
2021-11-02,0.433088594,0.0,-0.367642372,0.0,-0.202393069,0.0,-0.008791595,0.0,-0.0065,0.0,0.0,0.0,-0.045870766,0.00433524,0.0,0.10046723750502151,0.10046723750502151,-0.367642372,-0.202393069,-0.008791595,-0.0065,0.0,0.00433524,-0.045870766,0.1004672375050215
2021-11-03,0.086393094,0.933109076,0.0,0.0,-3.752033623,0.0,-0.004396087,0.0,-0.0065,0.0,0.0,0.0,-0.045870766,0.00433524,0.0,0.10046723750502151,0.10046723750502151,0.933109076,-3.752033623,-0.004396087,-0.0065,0.0,0.00433524,-0.045870766,0.1004672375050215
2021-11-04,-0.17286089,0.0,-0.563389551,0.0,-2.429674936,0.0,-0.294978971,0.0,-0.0065,0.0,0.0,0.0,-0.045870766,0.00433524,0.0,0.10046723750502151,0.10046723750502151,-0.563389551,-2.429674936,-0.294978971,-0.0065,0.0,0.00433524,-0.045870766,0.1004672375050215
2021-11-05,0.431593247,0.279329791,0.0,2.960311092,0.0,0.0,0.0,0.0,-0.0065,0.0,0.0,0.0,-0.045870766,0.00433524,0.0,0.10046723750502151,0.10046723750502151,0.279329791,2.960311092,0.0,-0.0065,0.0,0.00433524,-0.045870766,0.1004672375050215
2021-11-08,0.429738521,0.562509014,0.0,0.870050216,0.0,0.0,-0.088222326,0.0,-0.0065,0.0,0.0,0.0,-0.045870766,0.00433524,0.0,0.10046723750502151,0.10046723750502151,0.562509014,0.870050216,-0.088222326,-0.0065,0.0,0.00433524,-0.045870766,0.1004672375050215
2021-11-09,0.513260323,0.756480858,0.0,2.601302746,0.0,0.008825736,0.0,0.0,-0.0065,0.0,0.0,0.0,-0.045870766,0.00433524,0.0,0.10046723750502151,0.10046723750502151,0.756480858,2.601302746,0.008825736,-0.0065,0.0,0.00433524,-0.045870766,0.1004672375050215
2021-11-10,0.170503025,0.0,-0.414466618,0.0,-3.495971377,0.0,-0.008825736,0.0,-0.0065,0.0,0.0,0.0,-0.045870766,0.00433524,0.0,0.10046723750502151,0.10046723750502151,-0.414466618,-3.495971377,-0.008825736,-0.0065,0.0,0.00433524,-0.045870766,0.1004672375050215
2021-11-11,1.016957917,0.240558868,0.0,0.295021726,0.0,0.0,-0.066217859,0.0,-0.0065,0.0,0.0,0.0,-0.045870766,0.00433524,0.0,0.10046723750502151,0.10046723750502151,0.240558868,0.295021726,-0.066217859,-0.0065,0.0,0.00433524,-0.045870766,0.1004672375050215
2021-11-12,1.173525622,0.0,-0.182416349,0.0,-0.739192721,0.0,-0.022082367,0.0,-0.0065,0.0,0.0,0.0,-0.045870766,0.00433524,0.0,0.10046723750502151,0.10046723750502151,-0.182416349,-0.739192721,-0.022082367,-0.0065,0.0,0.00433524,-0.045870766,0.1004672375050215
2021-11-15,0.166527932,0.750756323,0.0,0.0,-0.024734108,0.022082367,0.0,0.0,-0.0065,0.0,0.0,0.0,-0.045870766,0.00433524,0.0,0.10046723750502151,0.10046723750502151,0.750756323,-0.024734108,0.022082367,-0.0065,0.0,0.00433524,-0.045870766,0.1004672375050215
2021-11-16,1.650202464,0.21695365,0.0,0.0,-0.111379258,0.022077492,0.0,0.0,-0.0065,0.0,0.0,0.0,-0.045870766,0.00433524,0.0,0.10046723750502151,0.10046723750502151,0.21695365,-0.111379258,0.022077492,-0.0065,0.0,0.00433524,-0.045870766,0.1004672375050215
2021-11-17,0.0,0.0,-0.687731642,0.0,-3.067879522,0.0,-0.008830412,0.0,-0.0065,0.0,0.0,0.0,-0.045870766,0.00433524,0.0,0.10046723750502151,0.10046723750502151,-0.687731642,-3.067879522,-0.008830412,-0.0065,0.0,0.00433524,-0.045870766,0.1004672375050215
2021-11-18,-0.1638002,0.638958093,0.0,0.763168293,0.0,0.008830412,0.0,0.0,-0.0065,0.0,0.0,0.0,-0.045870766,0.00433524,0.0,0.10046723750502151,0.10046723750502151,0.638958093,0.763168293,0.008830412,-0.0065,0.0,0.00433524,-0.045870766,0.1004672375050215
2021-11-19,-1.486402263,0.0,-0.408734715,0.0,-3.625501888,0.030900303,0.0,0.0,-0.0065,0.0,0.0,0.0,-0.045870766,0.00433524,0.0,0.10046723750502151,0.10046723750502151,-0.408734715,-3.625501888,0.030900303,-0.0065,0.0,0.00433524,-0.045870766,0.1004672375050215
2021-11-22,-1.340053554,0.0,-1.196381366,0.824342254,0.0,0.057360956,0.0,0.0,-0.0065,0.0,0.0,0.0,-0.045870766,0.00433524,0.0,0.10046723750502151,0.10046723750502151,-1.196381366,0.824342254,0.057360956,-0.0065,0.0,0.00433524,-0.045870766,0.1004672375050215
2021-11-23,-0.084352599,0.0,-0.351773021,2.03799134,0.0,0.022053148,0.0,0.0,-0.0065,0.0,0.0,0.0,-0.045870766,0.00433524,0.0,0.10046723750502151,0.10046723750502151,-0.351773021,2.03799134,0.022053148,-0.0065,0.0,0.00433524,-0.045870766,0.1004672375050215
2021-11-24,0.252844635,1.125444738,0.0,0.0,0.0,0.022048286,0.0,0.0,-0.0065,0.0,0.0,0.0,-0.045870766,0.00433524,0.0,0.10046723750502151,0.10046723750502151,1.125444738,0.0,0.022048286,-0.0065,0.0,0.00433524,-0.045870766,0.1004672375050215
2021-11-25,0.084139677,1.709779162,0.0,0.0,0.0,0.0,-0.044101434,0.0,-0.0065,0.0,0.0,0.0,-0.045870766,0.00433524,0.0,0.10046723750502151,0.10046723750502151,1.709779162,0.0,-0.044101434,-0.0065,0.0,0.00433524,-0.045870766,0.1004672375050215
2021-11-26,1.336694923,0.798751939,0.0,0.0,0.0,0.035282703,0.0,0.0,-0.0065,0.0,0.0,0.0,-0.045870766,0.00433524,0.0,0.10046723750502151,0.10046723750502151,0.798751939,0.0,0.035282703,-0.0065,0.0,0.00433524,-0.045870766,0.1004672375050215
2021-11-29,-0.49916909,0.0,-0.519735023,0.0,-6.814898374,0.052900724,0.0,0.0,-0.0065,0.0,0.0,0.0,-0.045870766,0.00433524,0.0,0.10046723750502151,0.10046723750502151,-0.519735023,-6.814898374,0.052900724,-0.0065,0.0,0.00433524,-0.045870766,0.1004672375050215
2021-11-30,0.083368075,0.0,-0.550058978,0.0,-5.500577771,0.0,-0.008814844,0.0,-0.0021,0.0,0.0,0.039318387,0.0,0.0,-0.007265469,0.10046723750502151,0.10046723750502151,-0.550058978,-5.500577771,-0.008814844,-0.0021,0.0,-0.007265469,0.039318387,0.1004672375050215
2021-12-01,-0.083368075,0.0,-0.431954453,0.0,-1.064001526,0.096920577,0.0,0.0,-0.0021,0.0,0.0,0.039318387,0.0,0.0,-0.007265469,0.10046723750502151,0.10046723750502151,-0.431954453,-1.064001526,0.096920577,-0.0021,0.0,-0.007265469,0.039318387,0.1004672375050215
2021-12-02,0.083368075,0.455523238,0.0,1.757088525,0.0,0.088028175,0.0,0.0,-0.0021,0.0,0.0,0.039318387,0.0,0.0,-0.007265469,0.10046723750502151,0.10046723750502151,0.455523238,1.757088525,0.088028175,-0.0021,0.0,-0.007265469,0.039318387,0.1004672375050215
2021-12-03,0.24968802,0.0,-0.21164457,0.0,-0.315813482,0.438982268,0.0,0.0,-0.0021,0.0,0.0,0.039318387,0.0,0.0,-0.007265469,0.10046723750502151,0.10046723750502151,-0.21164457,-0.315813482,0.438982268,-0.0021,0.0,-0.007265469,0.039318387,0.1004672375050215
2021-12-06,1.074834655,0.0,-2.648024907,4.750543965,0.0,0.507615303,0.0,0.0,-0.0021,0.0,0.0,0.039318387,0.0,0.0,-0.007265469,0.10046723750502151,0.10046723750502151,-2.648024907,4.750543965,0.507615303,-0.0021,0.0,-0.007265469,0.039318387,0.1004672375050215
2021-12-07,-0.247015358,0.0,-2.082052178,3.278055588,0.0,0.216966889,0.0,0.0,-0.0021,0.0,0.0,0.039318387,0.0,0.0,-0.007265469,0.10046723750502151,0.10046723750502151,-2.082052178,3.278055588,0.216966889,-0.0021,0.0,-0.007265469,0.039318387,0.1004672375050215
2021-12-08,-0.413053045,2.320799182,0.0,0.678813994,0.0,0.0,-0.436554171,0.0,-0.0021,0.0,0.0,0.039318387,0.0,0.0,-0.007265469,0.10046723750502151,0.10046723750502151,2.320799182,0.678813994,-0.436554171,-0.0021,0.0,-0.007265469,0.039318387,0.1004672375050215
2021-12-09,0.248036506,0.420742506,0.0,0.0,-2.177336539,0.261438057,0.0,0.0,-0.0021,0.0,0.0,0.039318387,0.0,0.0,-0.007265469,0.10046723750502151,0.10046723750502151,0.420742506,-2.177336539,0.261438057,-0.0021,0.0,-0.007265469,0.039318387,0.1004672375050215
2021-12-10,0.0,1.03463956,0.0,1.178299507,0.0,0.195630972,0.0,0.0,-0.0021,0.0,0.0,0.039318387,0.0,0.0,-0.007265469,0.10046723750502151,0.10046723750502151,1.03463956,1.178299507,0.195630972,-0.0021,0.0,-0.007265469,0.039318387,0.1004672375050215
2021-12-13,0.494234943,0.0,-0.302914761,0.0,-0.727784878,0.0,-0.21739139,0.0,-0.0021,0.0,0.0,0.039318387,0.0,0.0,-0.007265469,0.10046723750502151,0.10046723750502151,-0.302914761,-0.727784878,-0.21739139,-0.0021,0.0,-0.007265469,0.039318387,0.1004672375050215
2021-12-14,0.082135528,0.861983397,0.0,0.0,-0.87472341,0.108754769,0.0,0.0,-0.0021,0.0,0.0,0.039318387,0.0,0.0,-0.007265469,0.10046723750502151,0.10046723750502151,0.861983397,-0.87472341,0.108754769,-0.0021,0.0,-0.007265469,0.039318387,0.1004672375050215
2021-12-15,-0.328947665,0.0,-0.012871626,0.452425485,0.0,0.13034979,0.0,0.0,-0.0021,0.0,0.0,0.039318387,0.0,0.0,-0.007265469,0.10046723750502151,0.10046723750502151,-0.012871626,0.452425485,0.13034979,-0.0021,0.0,-0.007265469,0.039318387,0.1004672375050215
2021-12-16,0.246812137,0.0,-0.035236082,2.024784666,0.0,0.0,-0.173837506,0.0,-0.0021,0.0,0.0,0.039318387,0.0,0.0,-0.007265469,0.10046723750502151,0.10046723750502151,-0.035236082,2.024784666,-0.173837506,-0.0021,0.0,-0.007265469,0.039318387,0.1004672375050215
2021-12-17,0.328138112,0.075200453,0.0,0.0,-1.968375131,0.0,-0.043506635,0.0,-0.0021,0.0,0.0,0.039318387,0.0,0.0,-0.007265469,0.10046723750502151,0.10046723750502151,0.075200453,-1.968375131,-0.043506635,-0.0021,0.0,-0.007265469,0.039318387,0.1004672375050215
2021-12-20,-0.081933638,0.215126588,0.0,0.0,-3.208984699,0.0,-0.226540133,0.0,-0.0021,0.0,0.0,0.039318387,0.0,0.0,-0.007265469,0.10046723750502151,0.10046723750502151,0.215126588,-3.208984699,-0.226540133,-0.0021,0.0,-0.007265469,0.039318387,0.1004672375050215
2021-12-21,-0.246204474,0.0,-0.166378136,3.448370858,0.0,0.02180502,0.0,0.0,-0.0021,0.0,0.0,0.039318387,0.0,0.0,-0.007265469,0.10046723750502151,0.10046723750502151,-0.166378136,3.448370858,0.02180502,-0.0021,0.0,-0.007265469,0.039318387,0.1004672375050215
2021-12-22,0.0,0.095396936,0.0,2.390330594,0.0,0.095885642,0.0,0.0,-0.0021,0.0,0.0,0.039318387,0.0,0.0,-0.007265469,0.10046723750502151,0.10046723750502151,0.095396936,2.390330594,0.095885642,-0.0021,0.0,-0.007265469,0.039318387,0.1004672375050215
2021-12-23,0.082135528,0.0,-0.072385092,1.458685805,0.0,0.0,-0.021784119,0.0,-0.0021,0.0,0.0,0.039318387,0.0,0.0,-0.007265469,0.10046723750502151,0.10046723750502151,-0.072385092,1.458685805,-0.021784119,-0.0021,0.0,-0.007265469,0.039318387,0.1004672375050215
2021-12-24,-0.082135528,0.0,-1.411444974,0.0,0.0,0.0,-0.436554171,0.0,-0.0021,0.0,0.0,0.039318387,0.0,0.0,-0.007265469,0.10046723750502151,0.10046723750502151,-1.411444974,0.0,-0.436554171,-0.0021,0.0,-0.007265469,0.039318387,0.1004672375050215
2021-12-27,0.0,1.368124162,0.0,2.142269635,0.0,0.0,-0.131434849,0.0,-0.0021,0.0,0.0,0.039318387,0.0,0.0,-0.007265469,0.10046723750502151,0.10046723750502151,1.368124162,2.142269635,-0.131434849,-0.0021,0.0,-0.007265469,0.039318387,0.1004672375050215
2021-12-28,-0.082203046,0.799084467,0.0,0.686471343,0.0,0.109541034,0.0,0.0,-0.0021,0.0,0.0,0.039318387,0.0,0.0,-0.007265469,0.10046723750502151,0.10046723750502151,0.799084467,0.686471343,0.109541034,-0.0021,0.0,-0.007265469,0.039318387,0.1004672375050215
2021-12-29,-0.32948959,0.369393737,0.0,0.747103547,0.0,0.0,-0.06571022,0.0,-0.0021,0.0,0.0,0.039318387,0.0,0.0,-0.007265469,0.10046723750502151,0.10046723750502151,0.369393737,0.747103547,-0.06571022,-0.0021,0.0,-0.007265469,0.039318387,0.1004672375050215
2021-12-30,0.0,0.0,-0.229788903,0.325924283,0.0,0.0,-0.241307565,0.0,-0.0021,0.0,0.0,0.039318387,0.0,0.0,-0.007265469,0.10046723750502151,0.10046723750502151,-0.229788903,0.325924283,-0.241307565,-0.0021,0.0,-0.007265469,0.039318387,0.1004672375050215
2021-12-31,0.575896285,0.0,-0.335245012,0.0,-1.971672704,0.263215769,0.0,0.0034,0.0,0.0,0.0,0.0,-0.00807486,0.008063734,0.0,0.10046723750502151,0.10046723750502151,-0.335245012,-1.971672704,0.263215769,0.0034,0.0,0.008063734,-0.00807486,0.1004672375050215
2022-01-03,-0.164203649,0.0,0.0,0.872329084,0.0,0.0,0.0,0.0034,0.0,0.0,0.0,0.0,-0.00807486,0.008063734,0.0,0.18911629516956907,0.18911629516956907,0.0,0.872329084,0.0,0.0034,0.0,0.008063734,-0.00807486,0.189116295169569
2022-01-04,0.082135528,1.508116691,0.0,1.320366917,0.0,0.0,-0.320337286,0.0034,0.0,0.0,0.0,0.0,-0.00807486,0.008063734,0.0,0.18911629516956907,0.18911629516956907,1.508116691,1.320366917,-0.320337286,0.0034,0.0,0.008063734,-0.00807486,0.189116295169569
2022-01-05,0.164068946,1.122574105,0.0,1.072153912,0.0,0.013184785,0.0,0.0034,0.0,0.0,0.0,0.0,-0.00807486,0.008063734,0.0,0.18911629516956907,0.18911629516956907,1.122574105,1.072153912,0.013184785,0.0034,0.0,0.008063734,-0.00807486,0.189116295169569
2022-01-06,-0.410678195,0.0,-0.202094502,2.085263098,0.0,0.0,-0.043956045,0.0034,0.0,0.0,0.0,0.0,-0.00807486,0.008063734,0.0,0.18911629516956907,0.18911629516956907,-0.202094502,2.085263098,-0.043956045,0.0034,0.0,0.008063734,-0.00807486,0.189116295169569
2022-01-07,0.24660925,0.759016927,0.0,0.0,-0.593173949,0.0,-0.264142791,0.0034,0.0,0.0,0.0,0.0,-0.00807486,0.008063734,0.0,0.18911629516956907,0.18911629516956907,0.759016927,-0.593173949,-0.264142791,0.0034,0.0,0.008063734,-0.00807486,0.189116295169569
2022-01-10,0.0,0.0,-0.367011233,0.0,-1.132976284,0.044072279,0.0,0.0034,0.0,0.0,0.0,0.0,-0.00807486,0.008063734,0.0,0.18911629516956907,0.18911629516956907,-0.367011233,-1.132976284,0.044072279,0.0034,0.0,0.008063734,-0.00807486,0.189116295169569
2022-01-11,0.164068946,0.0,-1.633838975,3.842763115,0.0,0.013217897,0.0,0.0034,0.0,0.0,0.0,0.0,-0.00807486,0.008063734,0.0,0.18911629516956907,0.18911629516956907,-1.633838975,3.842763115,0.013217897,0.0034,0.0,0.008063734,-0.00807486,0.189116295169569
2022-01-12,-0.082000825,0.0,-0.975676173,1.637377734,0.0,0.0,0.0,0.0034,0.0,0.0,0.0,0.0,-0.00807486,0.008063734,0.0,0.18911629516956907,0.18911629516956907,-0.975676173,1.637377734,0.0,0.0034,0.0,0.008063734,-0.00807486,0.189116295169569
2022-01-13,0.163934463,1.426871609,0.0,0.0,-0.656617145,0.052854124,0.0,0.0034,0.0,0.0,0.0,0.0,-0.00807486,0.008063734,0.0,0.18911629516956907,0.18911629516956907,1.426871609,-0.656617145,0.052854124,0.0034,0.0,0.008063734,-0.00807486,0.189116295169569
2022-01-14,-0.081933638,0.0,-0.961904069,2.231831583,0.0,0.0,0.0,0.0034,0.0,0.0,0.0,0.0,-0.00807486,0.008063734,0.0,0.18911629516956907,0.18911629516956907,-0.961904069,2.231831583,0.0,0.0034,0.0,0.008063734,-0.00807486,0.189116295169569
2022-01-17,0.1638002,0.0,-0.002005301,0.0,0.0,0.044023774,0.0,0.0034,0.0,0.0,0.0,0.0,-0.00807486,0.008063734,0.0,0.18911629516956907,0.18911629516956907,-0.002005301,0.0,0.044023774,0.0034,0.0,0.008063734,-0.00807486,0.189116295169569
2022-01-18,0.0,0.0,-3.865831201,1.890862292,0.0,0.131955154,0.0,0.0034,0.0,0.0,0.0,0.0,-0.00807486,0.008063734,0.0,0.18911629516956907,0.18911629516956907,-3.865831201,1.890862292,0.131955154,0.0034,0.0,0.008063734,-0.00807486,0.189116295169569
2022-01-19,0.081799596,0.0,-0.042390992,1.64870796,0.0,0.0,-0.220022091,0.0034,0.0,0.0,0.0,0.0,-0.00807486,0.008063734,0.0,0.18911629516956907,0.18911629516956907,-0.042390992,1.64870796,-0.220022091,0.0034,0.0,0.008063734,-0.00807486,0.189116295169569
2022-01-20,-0.081799596,0.021545209,0.0,0.0,-0.635362849,0.0,-0.242584748,0.0034,0.0,0.0,0.0,0.0,-0.00807486,0.008063734,0.0,0.18911629516956907,0.18911629516956907,0.021545209,-0.635362849,-0.242584748,0.0034,0.0,0.008063734,-0.00807486,0.189116295169569
2022-01-21,0.212539931,1.811852105,0.0,0.0,-1.318187649,0.0,-0.088358742,0.0034,0.0,0.0,0.0,0.0,-0.00807486,0.008063734,0.0,0.18911629516956907,0.18911629516956907,1.811852105,-1.318187649,-0.088358742,0.0034,0.0,0.008063734,-0.00807486,0.189116295169569
2022-01-24,0.439990932,0.51664575,0.0,0.0,-0.801702007,0.220750642,0.0,0.0034,0.0,0.0,0.0,0.0,-0.00807486,0.008063734,0.0,0.18911629516956907,0.18911629516956907,0.51664575,-0.801702007,0.220750642,0.0034,0.0,0.008063734,-0.00807486,0.189116295169569
2022-01-25,0.648300488,0.0,-2.278475275,2.490046239,0.0,0.0,-0.198653636,0.0034,0.0,0.0,0.0,0.0,-0.00807486,0.008063734,0.0,0.18911629516956907,0.18911629516956907,-2.278475275,2.490046239,-0.198653636,0.0034,0.0,0.008063734,-0.00807486,0.189116295169569
2022-01-26,-0.161681523,2.73165593,0.0,1.966451841,0.0,0.0,0.0,0.0034,0.0,0.0,0.0,0.0,-0.00807486,0.008063734,0.0,0.18911629516956907,0.18911629516956907,2.73165593,1.966451841,0.0,0.0034,0.0,0.008063734,-0.00807486,0.189116295169569
2022-01-27,0.242424361,0.135082218,0.0,0.0,-0.818465408,0.0,0.0,0.0034,0.0,0.0,0.0,0.0,-0.00807486,0.008063734,0.0,0.18911629516956907,0.18911629516956907,0.135082218,-0.818465408,0.0,0.0034,0.0,0.008063734,-0.00807486,0.189116295169569
2022-01-28,-0.242424361,0.0,-0.732981191,0.068461892,0.0,0.066261736,0.0,0.0034,0.0,0.0,0.0,0.0,-0.00807486,0.008063734,0.0,0.18911629516956907,0.18911629516956907,-0.732981191,0.068461892,0.066261736,0.0034,0.0,0.008063734,-0.00807486,0.189116295169569
2022-01-31,0.0,0.0,0.0,1.685274292,0.0,0.0,0.0,0.0,-0.0019,0.0,0.0,0.017811307,0.0,0.017052666,0.0,0.18911629516956907,0.18911629516956907,0.0,1.685274292,0.0,-0.0019,0.0,0.017052666,0.017811307,0.189116295169569
2022-02-01,0.0,0.0,0.0,0.0,-1.059881384,0.0,0.0,0.0,-0.0019,0.0,0.0,0.017811307,0.0,0.017052666,0.0,0.18911629516956907,0.18911629516956907,0.0,-1.059881384,0.0,-0.0019,0.0,0.017052666,0.017811307,0.189116295169569
2022-02-02,0.0,0.0,0.0,0.0,-0.068034927,0.0,0.0,0.0,-0.0019,0.0,0.0,0.017811307,0.0,0.017052666,0.0,0.18911629516956907,0.18911629516956907,0.0,-0.068034927,0.0,-0.0019,0.0,0.017052666,0.017811307,0.189116295169569
2022-02-03,0.0,0.0,0.0,2.254343211,0.0,0.0,0.0,0.0,-0.0019,0.0,0.0,0.017811307,0.0,0.017052666,0.0,0.18911629516956907,0.18911629516956907,0.0,2.254343211,0.0,-0.0019,0.0,0.017052666,0.017811307,0.189116295169569
2022-02-04,0.0,0.0,0.0,2.302228408,0.0,0.0,0.0,0.0,-0.0019,0.0,0.0,0.017811307,0.0,0.017052666,0.0,0.18911629516956907,0.18911629516956907,0.0,2.302228408,0.0,-0.0019,0.0,0.017052666,0.017811307,0.189116295169569
2022-02-07,1.605170901,1.888551395,0.0,0.0,-1.111606913,0.088280738,0.0,0.0,-0.0019,0.0,0.0,0.017811307,0.0,0.017052666,0.0,0.18911629516956907,0.18911629516956907,1.888551395,-1.111606913,0.088280738,-0.0019,0.0,0.017052666,0.017811307,0.189116295169569
2022-02-08,-1.605170901,0.0,-0.169612669,0.0,-2.137756549,0.220361482,0.0,0.0,-0.0019,0.0,0.0,0.017811307,0.0,0.017052666,0.0,0.18911629516956907,0.18911629516956907,-0.169612669,-2.137756549,0.220361482,-0.0019,0.0,0.017052666,0.017811307,0.189116295169569
2022-02-09,-0.730819331,0.36091609,0.0,0.279501552,0.0,0.0,-0.154202035,0.0,-0.0019,0.0,0.0,0.017811307,0.0,0.017052666,0.0,0.18911629516956907,0.18911629516956907,0.36091609,0.279501552,-0.154202035,-0.0019,0.0,0.017052666,0.017811307,0.189116295169569
2022-02-10,-0.244798164,0.596881928,0.0,0.289855275,0.0,0.0,0.0,0.0,-0.0019,0.0,0.0,0.017811307,0.0,0.017052666,0.0,0.18911629516956907,0.18911629516956907,0.596881928,0.289855275,0.0,-0.0019,0.0,0.017052666,0.017811307,0.189116295169569
2022-02-11,1.137299017,0.0,-0.519664417,3.575518904,0.0,0.022043426,0.0,0.0,-0.0019,0.0,0.0,0.017811307,0.0,0.017052666,0.0,0.18911629516956907,0.18911629516956907,-0.519664417,3.575518904,0.022043426,-0.0019,0.0,0.017052666,0.017811307,0.189116295169569
2022-02-14,0.563835565,0.0,-1.07709199,2.566146536,0.0,0.176172695,0.0,0.0,-0.0019,0.0,0.0,0.017811307,0.0,0.017052666,0.0,0.18911629516956907,0.18911629516956907,-1.07709199,2.566146536,0.176172695,-0.0019,0.0,0.017052666,0.017811307,0.189116295169569
2022-02-15,0.0,0.0,-0.865355914,0.0,-3.678649234,0.109950533,0.0,0.0,-0.0019,0.0,0.0,0.017811307,0.0,0.017052666,0.0,0.18911629516956907,0.18911629516956907,-0.865355914,-3.678649234,0.109950533,-0.0019,0.0,0.017052666,0.017811307,0.189116295169569
2022-02-16,-0.08035356,1.691939762,0.0,1.8935477,0.0,0.0,0.0,0.0,-0.0019,0.0,0.0,0.017811307,0.0,0.017052666,0.0,0.18911629516956907,0.18911629516956907,1.691939762,1.8935477,0.0,-0.0019,0.0,0.017052666,0.017811307,0.189116295169569
2022-02-17,0.561123717,0.0,-0.466039216,0.0,-2.209022534,0.153727932,0.0,0.0,-0.0019,0.0,0.0,0.017811307,0.0,0.017052666,0.0,0.18911629516956907,0.18911629516956907,-0.466039216,-2.209022534,0.153727932,-0.0019,0.0,0.017052666,0.017811307,0.189116295169569
2022-02-18,0.0,0.14733461,0.0,0.0,-0.568183347,0.153491972,0.0,0.0,-0.0019,0.0,0.0,0.017811307,0.0,0.017052666,0.0,0.18911629516956907,0.18911629516956907,0.14733461,-0.568183347,0.153491972,-0.0019,0.0,0.017052666,0.017811307,0.189116295169569
2022-02-21,0.398883656,0.710845001,0.0,0.0,0.0,0.0,-0.087680847,0.0,-0.0019,0.0,0.0,0.017811307,0.0,0.017052666,0.0,0.18911629516956907,0.18911629516956907,0.710845001,0.0,-0.087680847,-0.0019,0.0,0.017052666,0.017811307,0.189116295169569
2022-02-22,0.317965292,0.0,-0.384802781,0.92709395,0.0,0.065767842,0.0,0.0,-0.0019,0.0,0.0,0.017811307,0.0,0.017052666,0.0,0.18911629516956907,0.18911629516956907,-0.384802781,0.92709395,0.065767842,-0.0019,0.0,0.017052666,0.017811307,0.189116295169569
2022-02-23,0.475060276,0.660840752,0.0,0.032564451,0.0,0.04382121,0.0,0.0,-0.0019,0.0,0.0,0.017811307,0.0,0.017052666,0.0,0.18911629516956907,0.18911629516956907,0.660840752,0.032564451,0.04382121,-0.0019,0.0,0.017052666,0.017811307,0.189116295169569
2022-02-24,2.573241397,0.0,-0.025846215,0.681415216,0.0,0.065695831,0.0,0.0,-0.0019,0.0,0.0,0.017811307,0.0,0.017052666,0.0,0.18911629516956907,0.18911629516956907,-0.025846215,0.681415216,0.065695831,-0.0019,0.0,0.017052666,0.017811307,0.189116295169569
2022-02-25,-0.617762582,0.0,-0.924236997,0.0,-1.18190587,0.0,-0.087604035,0.0,-0.0019,0.0,0.0,0.017811307,0.0,0.017052666,0.0,0.18911629516956907,0.18911629516956907,-0.924236997,-1.18190587,-0.087604035,-0.0019,0.0,0.017052666,0.017811307,0.189116295169569
2022-02-28,0.925218628,0.305916853,0.0,4.739718911,0.0,0.0,-0.065753427,0.002,0.0,0.0,0.0,0.0,-0.011069188,0.0,-0.001789066,0.18911629516956907,0.18911629516956907,0.305916853,4.739718911,-0.065753427,0.002,0.0,-0.001789066,-0.011069188,0.189116295169569
2022-03-01,0.764529718,0.0,-0.367480436,6.428831324,0.0,0.043840422,0.0,0.002,0.0,0.0,0.0,0.0,-0.011069188,0.0,-0.001789066,0.18911629516956907,0.18911629516956907,-0.367480436,6.428831324,0.043840422,0.002,0.0,-0.001789066,-0.011069188,0.189116295169569
2022-03-02,1.43669768,0.363478835,0.0,6.428831324,0.0,0.109517041,0.0,0.002,0.0,0.0,0.0,0.0,-0.011069188,0.0,-0.001789066,0.18911629516956907,0.18911629516956907,0.363478835,6.428831324,0.109517041,0.002,0.0,-0.001789066,-0.011069188,0.189116295169569
2022-03-03,0.0,0.0,-0.460585402,0.0,-2.792838205,0.0,-0.021893815,0.002,0.0,0.0,0.0,0.0,-0.011069188,0.0,-0.001789066,0.18911629516956907,0.18911629516956907,-0.460585402,-2.792838205,-0.021893815,0.002,0.0,-0.001789066,-0.011069188,0.189116295169569
2022-03-04,0.524149459,0.835373234,0.0,6.428831324,0.0,0.0,-0.02189861,0.002,0.0,0.0,0.0,0.0,-0.011069188,0.0,-0.001789066,0.18911629516956907,0.18911629516956907,0.835373234,6.428831324,-0.02189861,0.002,0.0,-0.001789066,-0.011069188,0.189116295169569
2022-03-07,2.573241397,0.0,-0.289455062,2.970051948,0.0,0.065681447,0.0,0.002,0.0,0.0,0.0,0.0,-0.011069188,0.0,-0.001789066,0.18911629516956907,0.18911629516956907,-0.289455062,2.970051948,0.065681447,0.002,0.0,-0.001789066,-0.011069188,0.189116295169569
2022-03-08,-2.114243657,0.0,-0.888888792,3.606813357,0.0,0.0,0.0,0.002,0.0,0.0,0.0,0.0,-0.011069188,0.0,-0.001789066,0.18911629516956907,0.18911629516956907,-0.888888792,3.606813357,0.0,0.002,0.0,-0.001789066,-0.011069188,0.189116295169569
2022-03-09,-2.345690035,0.0,-0.602874575,0.0,-6.814898374,0.0,-0.043782838,0.002,0.0,0.0,0.0,0.0,-0.011069188,0.0,-0.001789066,0.18911629516956907,0.18911629516956907,-0.602874575,-6.814898374,-0.043782838,0.002,0.0,-0.001789066,-0.011069188,0.189116295169569
2022-03-10,-0.881062968,0.450812968,0.0,0.0,-2.682474335,0.0,0.0,0.002,0.0,0.0,0.0,0.0,-0.011069188,0.0,-0.001789066,0.18911629516956907,0.18911629516956907,0.450812968,-2.682474335,0.0,0.002,0.0,-0.001789066,-0.011069188,0.189116295169569
2022-03-11,0.294551023,0.0,-0.406857072,3.14093837,0.0,0.166272901,0.0,0.002,0.0,0.0,0.0,0.0,-0.011069188,0.0,-0.001789066,0.18911629516956907,0.18911629516956907,-0.406857072,3.14093837,0.166272901,0.002,0.0,-0.001789066,-0.011069188,0.189116295169569
2022-03-14,-1.034746853,0.0,-1.347710947,0.0,-5.732524959,0.074295832,0.0,0.002,0.0,0.0,0.0,0.0,-0.011069188,0.0,-0.001789066,0.18911629516956907,0.18911629516956907,-1.347710947,-5.732524959,0.074295832,0.002,0.0,-0.001789066,-0.011069188,0.189116295169569
2022-03-15,0.148478127,0.0,-0.988920669,0.0,-6.814898374,0.0,-0.043696745,0.002,0.0,0.0,0.0,0.0,-0.011069188,0.0,-0.001789066,0.18911629516956907,0.18911629516956907,-0.988920669,-6.814898374,-0.043696745,0.002,0.0,-0.001789066,-0.011069188,0.189116295169569
2022-03-16,-0.595239853,1.016327691,0.0,0.0,-1.64169526,0.0,-0.004370725,0.002,0.0,0.0,0.0,0.0,-0.011069188,0.0,-0.001789066,0.18911629516956907,0.18911629516956907,1.016327691,-1.64169526,-0.004370725,0.002,0.0,-0.001789066,-0.011069188,0.189116295169569
2022-03-17,1.039356053,0.470228872,0.0,6.428831324,0.0,0.0,-0.061210215,0.002,0.0,0.0,0.0,0.0,-0.011069188,0.0,-0.001789066,0.18911629516956907,0.18911629516956907,0.470228872,6.428831324,-0.061210215,0.002,0.0,-0.001789066,-0.011069188,0.189116295169569
2022-03-18,0.589103324,0.0,-0.356569933,1.656591866,0.0,0.0,-0.021869874,0.002,0.0,0.0,0.0,0.0,-0.011069188,0.0,-0.001789066,0.18911629516956907,0.18911629516956907,-0.356569933,1.656591866,-0.021869874,0.002,0.0,-0.001789066,-0.011069188,0.189116295169569
2022-03-21,-0.589103324,0.915500311,0.0,6.428831324,0.0,0.0,0.0,0.002,0.0,0.0,0.0,0.0,-0.011069188,0.0,-0.001789066,0.18911629516956907,0.18911629516956907,0.915500311,6.428831324,0.0,0.002,0.0,-0.001789066,-0.011069188,0.189116295169569
2022-03-22,0.221320636,1.700961389,0.0,0.0,-0.994765563,0.043734967,0.0,0.002,0.0,0.0,0.0,0.0,-0.011069188,0.0,-0.001789066,0.18911629516956907,0.18911629516956907,1.700961389,-0.994765563,0.043734967,0.002,0.0,-0.001789066,-0.011069188,0.189116295169569
2022-03-23,0.367782687,0.377931411,0.0,3.41747138,0.0,0.008744699,0.0,0.002,0.0,0.0,0.0,0.0,-0.011069188,0.0,-0.001789066,0.18911629516956907,0.18911629516956907,0.377931411,3.41747138,0.008744699,0.002,0.0,-0.001789066,-0.011069188,0.189116295169569
2022-03-24,0.146735169,0.0,-0.122937082,0.0,-0.602385164,0.0,-0.013117335,0.002,0.0,0.0,0.0,0.0,-0.011069188,0.0,-0.001789066,0.18911629516956907,0.18911629516956907,-0.122937082,-0.602385164,-0.013117335,0.002,0.0,-0.001789066,-0.011069188,0.189116295169569
2022-03-25,0.511884116,0.0,-0.248994829,1.73615472,0.0,0.0,-0.034987973,0.002,0.0,0.0,0.0,0.0,-0.011069188,0.0,-0.001789066,0.18911629516956907,0.18911629516956907,-0.248994829,1.73615472,-0.034987973,0.002,0.0,-0.001789066,-0.011069188,0.189116295169569
2022-03-28,0.072912872,0.0,-0.650705664,0.0,-6.814898374,0.0,-0.004374358,0.002,0.0,0.0,0.0,0.0,-0.011069188,0.0,-0.001789066,0.18911629516956907,0.18911629516956907,-0.650705664,-6.814898374,-0.004374358,0.002,0.0,-0.001789066,-0.011069188,0.189116295169569
2022-03-29,-0.29197101,0.0,-0.192746222,0.0,-3.116399503,0.021869874,0.0,0.002,0.0,0.0,0.0,0.0,-0.011069188,0.0,-0.001789066,0.18911629516956907,0.18911629516956907,-0.192746222,-3.116399503,0.021869874,0.002,0.0,-0.001789066,-0.011069188,0.189116295169569
2022-03-30,-0.586511945,0.291996489,0.0,3.357855787,0.0,0.0,-0.048120039,0.002,0.0,0.0,0.0,0.0,-0.011069188,0.0,-0.001789066,0.18911629516956907,0.18911629516956907,0.291996489,3.357855787,-0.048120039,0.002,0.0,-0.001789066,-0.011069188,0.189116295169569
2022-03-31,0.220345297,0.038868524,0.0,0.0,-6.814898374,0.0,-0.070034145,0.0105,0.0,0.0,0.0,0.065017145,0.0,0.0,-0.033128348,0.18911629516956907,0.18911629516956907,0.038868524,-6.814898374,-0.070034145,0.0105,0.0,-0.033128348,0.065017145,0.189116295169569
2022-04-01,0.219860843,0.0,-0.023453336,0.0,-1.210922978,0.0,-0.004378763,0.0105,0.0,0.0,0.0,0.065017145,0.0,0.0,-0.033128348,-0.2687540625662619,-0.2687540625662619,-0.023453336,-1.210922978,-0.004378763,0.0105,0.0,-0.033128348,0.065017145,-0.2687540625662619
2022-04-04,0.0,2.431086752,0.0,3.919360538,0.0,0.039401966,0.0,0.0105,0.0,0.0,0.0,0.065017145,0.0,0.0,-0.033128348,-0.2687540625662619,-0.2687540625662619,2.431086752,3.919360538,0.039401966,0.0105,0.0,-0.033128348,0.065017145,-0.2687540625662619
2022-04-05,-0.146520173,0.0,-0.489793686,0.0,-1.276385039,0.118112833,0.0,0.0105,0.0,0.0,0.0,0.065017145,0.0,0.0,-0.033128348,-0.2687540625662619,-0.2687540625662619,-0.489793686,-1.276385039,0.118112833,0.0105,0.0,-0.033128348,0.065017145,-0.2687540625662619
2022-04-06,-0.073340671,0.0,-0.706446348,0.0,-5.637425383,0.0,-0.030608453,0.0105,0.0,0.0,0.0,0.065017145,0.0,0.0,-0.033128348,-0.2687540625662619,-0.2687540625662619,-0.706446348,-5.637425383,-0.030608453,0.0105,0.0,-0.033128348,0.065017145,-0.2687540625662619
2022-04-07,0.073340671,0.885069422,0.0,0.0,-0.353357258,0.0,-0.030617824,0.0105,0.0,0.0,0.0,0.065017145,0.0,0.0,-0.033128348,-0.2687540625662619,-0.2687540625662619,0.885069422,-0.353357258,-0.030617824,0.0105,0.0,-0.033128348,0.065017145,-0.2687540625662619
2022-04-08,0.657656736,0.0,-1.308287301,2.366365562,0.0,0.004374549,0.0,0.0105,0.0,0.0,0.0,0.065017145,0.0,0.0,-0.033128348,-0.2687540625662619,-0.2687540625662619,-1.308287301,2.366365562,0.004374549,0.0105,0.0,-0.033128348,0.065017145,-0.2687540625662619
2022-04-11,0.0,0.0,0.0,0.0,-4.290007156,0.0,0.0,0.0105,0.0,0.0,0.0,0.065017145,0.0,0.0,-0.033128348,-0.2687540625662619,-0.2687540625662619,0.0,-4.290007156,0.0,0.0105,0.0,-0.033128348,0.065017145,-0.2687540625662619
2022-04-12,0.290909296,0.0,-1.094170829,6.428831324,0.0,0.122409738,0.0,0.0105,0.0,0.0,0.0,0.065017145,0.0,0.0,-0.033128348,-0.2687540625662619,-0.2687540625662619,-1.094170829,6.428831324,0.122409738,0.0105,0.0,-0.033128348,0.065017145,-0.2687540625662619
2022-04-13,0.507063745,0.0,-1.931240512,3.653106666,0.0,0.0,-0.004369197,0.0105,0.0,0.0,0.0,0.065017145,0.0,0.0,-0.033128348,-0.2687540625662619,-0.2687540625662619,-1.931240512,3.653106666,-0.004369197,0.0105,0.0,-0.033128348,0.065017145,-0.2687540625662619
2022-04-14,-0.361925838,1.604079851,0.0,2.44446089,0.0,0.056784678,0.0,0.0105,0.0,0.0,0.0,0.065017145,0.0,0.0,-0.033128348,-0.2687540625662619,-0.2687540625662619,1.604079851,2.44446089,0.056784678,0.0105,0.0,-0.033128348,0.065017145,-0.2687540625662619
2022-04-15,0.361925838,0.0,-0.864094223,0.0,0.0,0.0,-0.004366908,0.0105,0.0,0.0,0.0,0.065017145,0.0,0.0,-0.033128348,-0.2687540625662619,-0.2687540625662619,-0.864094223,0.0,-0.004366908,0.0105,0.0,-0.033128348,0.065017145,-0.2687540625662619
2022-04-18,1.648192094,0.0,-1.044667252,1.301859562,0.0,0.0,-0.039310752,0.0105,0.0,0.0,0.0,0.065017145,0.0,0.0,-0.033128348,-0.2687540625662619,-0.2687540625662619,-1.044667252,1.301859562,-0.039310752,0.0105,0.0,-0.033128348,0.065017145,-0.2687540625662619
2022-04-19,-0.427351078,0.0,-1.329727707,0.0,-5.409801751,0.283564374,0.0,0.0105,0.0,0.0,0.0,0.065017145,0.0,0.0,-0.033128348,-0.2687540625662619,-0.2687540625662619,-1.329727707,-5.409801751,0.283564374,0.0105,0.0,-0.033128348,0.065017145,-0.2687540625662619
2022-04-20,-0.788252021,0.0,-2.41002695,0.019502682,0.0,0.030489797,0.0,0.0105,0.0,0.0,0.0,0.065017145,0.0,0.0,-0.033128348,-0.2687540625662619,-0.2687540625662619,-2.41002695,0.019502682,0.030489797,0.0105,0.0,-0.033128348,0.065017145,-0.2687540625662619
2022-04-21,0.28735652,0.0,-2.29711013,1.288465391,0.0,0.0,0.0,0.0105,0.0,0.0,0.0,0.065017145,0.0,0.0,-0.033128348,-0.2687540625662619,-0.2687540625662619,-2.29711013,1.288465391,0.0,0.0105,0.0,-0.033128348,0.065017145,-0.2687540625662619
2022-04-22,0.1433692,0.61716012,0.0,0.0,-0.996380674,0.013064211,0.0,0.0105,0.0,0.0,0.0,0.065017145,0.0,0.0,-0.033128348,-0.2687540625662619,-0.2687540625662619,0.61716012,-0.996380674,0.013064211,0.0105,0.0,-0.033128348,0.065017145,-0.2687540625662619
2022-04-25,-0.35880914,0.0,-0.03846112,0.0,-3.220667576,0.078349443,0.0,0.0105,0.0,0.0,0.0,0.065017145,0.0,0.0,-0.033128348,-0.2687540625662619,-0.2687540625662619,-0.03846112,-3.220667576,0.078349443,0.0105,0.0,-0.033128348,0.065017145,-0.2687540625662619
2022-04-26,-0.143884917,0.0,-4.195604674,2.987068092,0.0,0.0,-0.05657955,0.0105,0.0,0.0,0.0,0.065017145,0.0,0.0,-0.033128348,-0.2687540625662619,-0.2687540625662619,-4.195604674,2.987068092,-0.05657955,0.0105,0.0,-0.033128348,0.065017145,-0.2687540625662619
2022-04-27,-0.144092244,3.540507138,0.0,0.0,-0.645226601,0.0,-0.021769892,0.0105,0.0,0.0,0.0,0.065017145,0.0,0.0,-0.033128348,-0.2687540625662619,-0.2687540625662619,3.540507138,-0.645226601,-0.021769892,0.0105,0.0,-0.033128348,0.065017145,-0.2687540625662619
2022-04-28,-0.144300169,1.620020459,0.0,3.384597278,0.0,0.0,-0.039197753,0.0105,0.0,0.0,0.0,0.065017145,0.0,0.0,-0.033128348,-0.2687540625662619,-0.2687540625662619,1.620020459,3.384597278,-0.039197753,0.0105,0.0,-0.033128348,0.065017145,-0.2687540625662619
2022-04-29,0.575955516,0.0,-0.473976655,0.0,-0.837860752,0.026133543,0.0,0.0105,0.0,0.0,0.0,0.065017145,0.0,0.0,-0.033128348,-0.2687540625662619,-0.2687540625662619,-0.473976655,-0.837860752,0.026133543,0.0105,0.0,-0.033128348,0.065017145,-0.2687540625662619
2022-05-02,0.0,0.0,0.0,0.56252234,0.0,0.0,0.0,0.0075,0.0,0.0,0.0,0.006833812,0.0,0.023537471,0.0,-0.2687540625662619,-0.2687540625662619,0.0,0.56252234,0.0,0.0075,0.0,0.023537471,0.006833812,-0.2687540625662619
2022-05-03,-0.64818376,0.0,0.0,0.0,-2.551772948,0.0,0.0,0.0075,0.0,0.0,0.0,0.006833812,0.0,0.023537471,0.0,-0.2687540625662619,-0.2687540625662619,0.0,-2.551772948,0.0,0.0075,0.0,0.023537471,0.006833812,-0.2687540625662619
2022-05-04,0.288600489,1.402799809,0.0,5.049320848,0.0,0.017418568,0.0,0.0075,0.0,0.0,0.0,0.006833812,0.0,0.023537471,0.0,-0.2687540625662619,-0.2687540625662619,1.402799809,5.049320848,0.017418568,0.0075,0.0,0.023537471,0.006833812,-0.2687540625662619
2022-05-05,0.359583271,0.0,-0.329211766,0.305541648,0.0,0.0,-0.047908365,0.0075,0.0,0.0,0.0,0.006833812,0.0,0.023537471,0.0,-0.2687540625662619,-0.2687540625662619,-0.329211766,0.305541648,-0.047908365,0.0075,0.0,0.023537471,0.006833812,-0.2687540625662619
2022-05-06,0.143472048,0.0,-2.083060808,1.422760243,0.0,0.0,0.0,0.0075,0.0,0.0,0.0,0.006833812,0.0,0.023537471,0.0,-0.2687540625662619,-0.2687540625662619,-2.083060808,1.422760243,0.0,0.0075,0.0,0.023537471,0.006833812,-0.2687540625662619
2022-05-09,-0.215285336,0.0,-1.515684238,0.0,-6.242628029,0.0,-0.021784119,0.0075,0.0,0.0,0.0,0.006833812,0.0,0.023537471,0.0,-0.2687540625662619,-0.2687540625662619,-1.515684238,-6.242628029,-0.021784119,0.0075,0.0,0.023537471,0.006833812,-0.2687540625662619
2022-05-10,-0.215749814,0.0,-4.195604674,0.0,-3.293858567,0.0,-0.039223378,0.0075,0.0,0.0,0.0,0.006833812,0.0,0.023537471,0.0,-0.2687540625662619,-0.2687540625662619,-4.195604674,-3.293858567,-0.039223378,0.0075,0.0,0.023537471,0.006833812,-0.2687540625662619
2022-05-11,0.071968337,3.540507138,0.0,5.61441528,0.0,0.474006671,0.0,0.0075,0.0,0.0,0.0,0.006833812,0.0,0.023537471,0.0,-0.2687540625662619,-0.2687540625662619,3.540507138,5.61441528,0.474006671,0.0075,0.0,0.023537471,0.006833812,-0.2687540625662619
2022-05-12,0.28735652,0.0,-0.385956028,0.614223523,0.0,0.199367292,0.0,0.0075,0.0,0.0,0.0,0.006833812,0.0,0.023537471,0.0,-0.2687540625662619,-0.2687540625662619,-0.385956028,0.614223523,0.199367292,0.0075,0.0,0.023537471,0.006833812,-0.2687540625662619
2022-05-13,-1.73665725,0.0,-4.195604674,4.034331191,0.0,0.0,-0.043306917,0.0075,0.0,0.0,0.0,0.006833812,0.0,0.023537471,0.0,-0.2687540625662619,-0.2687540625662619,-4.195604674,4.034331191,-0.043306917,0.0075,0.0,0.023537471,0.006833812,-0.2687540625662619
2022-05-16,-0.36563112,0.0,-2.20877719,3.161579498,0.0,0.038977069,0.0,0.0075,0.0,0.0,0.0,0.006833812,0.0,0.023537471,0.0,-0.2687540625662619,-0.2687540625662619,-2.20877719,3.161579498,0.038977069,0.0075,0.0,0.023537471,0.006833812,-0.2687540625662619
2022-05-17,0.0,0.0,-3.687026377,0.0,-1.554939006,0.108189992,0.0,0.0075,0.0,0.0,0.0,0.006833812,0.0,0.023537471,0.0,-0.2687540625662619,-0.2687540625662619,-3.687026377,-1.554939006,0.108189992,0.0075,0.0,0.023537471,0.006833812,-0.2687540625662619
2022-05-18,0.0,3.540507138,0.0,0.0,-2.37870482,0.082146182,0.0,0.0075,0.0,0.0,0.0,0.006833812,0.0,0.023537471,0.0,-0.2687540625662619,-0.2687540625662619,3.540507138,-2.37870482,0.082146182,0.0075,0.0,0.023537471,0.006833812,-0.2687540625662619
2022-05-19,0.0,0.0,-2.345734694,2.28962589,0.0,0.004321615,0.0,0.0075,0.0,0.0,0.0,0.006833812,0.0,0.023537471,0.0,-0.2687540625662619,-0.2687540625662619,-2.345734694,2.28962589,0.004321615,0.0075,0.0,0.023537471,0.006833812,-0.2687540625662619
2022-05-20,1.020417017,2.398943767,0.0,0.373599438,0.0,0.086393094,0.0,0.0075,0.0,0.0,0.0,0.006833812,0.0,0.023537471,0.0,-0.2687540625662619,-0.2687540625662619,2.398943767,0.373599438,0.086393094,0.0075,0.0,0.023537471,0.006833812,-0.2687540625662619
2022-05-23,0.144927562,0.469590133,0.0,0.0,-2.072287657,0.043168574,0.0,0.0075,0.0,0.0,0.0,0.006833812,0.0,0.023537471,0.0,-0.2687540625662619,-0.2687540625662619,0.469590133,-2.072287657,0.043168574,0.0075,0.0,0.023537471,0.006833812,-0.2687540625662619
2022-05-24,-0.072437526,0.0,-2.246355758,2.001233387,0.0,0.172488184,0.0,0.0075,0.0,0.0,0.0,0.006833812,0.0,0.023537471,0.0,-0.2687540625662619,-0.2687540625662619,-2.246355758,2.001233387,0.172488184,0.0075,0.0,0.023537471,0.006833812,-0.2687540625662619
2022-05-25,-1.312929144,1.599291836,0.0,0.292774019,0.0,0.0,-0.086206902,0.0075,0.0,0.0,0.0,0.006833812,0.0,0.023537471,0.0,-0.2687540625662619,-0.2687540625662619,1.599291836,0.292774019,-0.086206902,0.0075,0.0,0.023537471,0.006833812,-0.2687540625662619
2022-05-26,0.293255342,2.808744057,0.0,2.890147465,0.0,0.064662143,0.0,0.0075,0.0,0.0,0.0,0.006833812,0.0,0.023537471,0.0,-0.2687540625662619,-0.2687540625662619,2.808744057,2.890147465,0.064662143,0.0075,0.0,0.023537471,0.006833812,-0.2687540625662619
2022-05-27,0.292397869,0.0,-0.254681079,0.0,-1.064254042,0.0,-0.043103449,0.0075,0.0,0.0,0.0,0.006833812,0.0,0.023537471,0.0,-0.2687540625662619,-0.2687540625662619,-0.254681079,-1.064254042,-0.043103449,0.0075,0.0,0.023537471,0.006833812,-0.2687540625662619
2022-05-30,0.0,1.526973789,0.0,0.0,0.0,0.0,-0.081947774,0.0075,0.0,0.0,0.0,0.006833812,0.0,0.023537471,0.0,-0.2687540625662619,-0.2687540625662619,1.526973789,0.0,-0.081947774,0.0075,0.0,0.023537471,0.006833812,-0.2687540625662619
2022-05-31,0.0,0.0,-0.114784752,0.0,-0.505800328,0.038825738,0.0,0.002,0.0,0.0,0.0,0.0,-0.015296849,0.0,-0.015390602,-0.2687540625662619,-0.2687540625662619,-0.114784752,-0.505800328,0.038825738,0.002,0.0,-0.015390602,-0.015296849,-0.2687540625662619
2022-06-01,-0.292397869,0.072143639,0.0,0.766420752,0.0,0.047433217,0.0,0.002,0.0,0.0,0.0,0.0,-0.015296849,0.0,-0.015390602,-0.2687540625662619,-0.2687540625662619,0.072143639,0.766420752,0.047433217,0.002,0.0,-0.015390602,-0.015296849,-0.2687540625662619
2022-06-02,0.365363943,0.85092439,0.0,1.395732143,0.0,0.0,-0.012934101,0.002,0.0,0.0,0.0,0.0,-0.015296849,0.0,-0.015390602,-0.2687540625662619,-0.2687540625662619,0.85092439,1.395732143,-0.012934101,0.002,0.0,-0.015390602,-0.015296849,-0.2687540625662619
2022-06-03,0.364033893,0.0,-1.234736405,1.772359305,0.0,0.0,-0.025873221,0.002,0.0,0.0,0.0,0.0,-0.015296849,0.0,-0.015390602,-0.2687540625662619,-0.2687540625662619,-1.234736405,1.772359305,-0.025873221,0.002,0.0,-0.015390602,-0.015296849,-0.2687540625662619
2022-06-06,-0.291121021,0.421027088,0.0,0.0,-0.471818215,0.0,-0.030193888,0.002,0.0,0.0,0.0,0.0,-0.015296849,0.0,-0.015390602,-0.2687540625662619,-0.2687540625662619,0.421027088,-0.471818215,-0.030193888,0.002,0.0,-0.015390602,-0.015296849,-0.2687540625662619
2022-06-07,0.14566645,0.0,-0.386003407,0.958151556,0.0,0.021567993,0.0,0.002,0.0,0.0,0.0,0.0,-0.015296849,0.0,-0.015390602,-0.2687540625662619,-0.2687540625662619,-0.386003407,0.958151556,0.021567993,0.002,0.0,-0.015390602,-0.015296849,-0.2687540625662619
2022-06-08,0.0,0.967238619,0.0,1.979442658,0.0,0.008625895,0.0,0.002,0.0,0.0,0.0,0.0,-0.015296849,0.0,-0.015390602,-0.2687540625662619,-0.2687540625662619,0.967238619,1.979442658,0.008625895,0.002,0.0,-0.015390602,-0.015296849,-0.2687540625662619
2022-06-09,0.145454571,0.980869934,0.0,0.0,-0.345026219,0.0,-0.138103686,0.002,0.0,0.0,0.0,0.0,-0.015296849,0.0,-0.015390602,-0.2687540625662619,-0.2687540625662619,0.980869934,-0.345026219,-0.138103686,0.002,0.0,-0.015390602,-0.015296849,-0.2687540625662619
2022-06-10,-0.364033893,0.0,-0.88689148,0.0,-0.652221094,0.094966769,0.0,0.002,0.0,0.0,0.0,0.0,-0.015296849,0.0,-0.015390602,-0.2687540625662619,-0.2687540625662619,-0.88689148,-0.652221094,0.094966769,0.002,0.0,-0.015390602,-0.015296849,-0.2687540625662619
2022-06-13,-1.173894625,0.0,-3.741818402,0.157252257,0.0,0.077633058,0.0,0.002,0.0,0.0,0.0,0.0,-0.015296849,0.0,-0.015390602,-0.2687540625662619,-0.2687540625662619,-3.741818402,0.157252257,0.077633058,0.002,0.0,-0.015390602,-0.015296849,-0.2687540625662619
2022-06-14,-0.221647671,0.0,-3.054787708,0.0,-1.667817178,0.064648208,0.0,0.002,0.0,0.0,0.0,0.0,-0.015296849,0.0,-0.015390602,-0.2687540625662619,-0.2687540625662619,-3.054787708,-1.667817178,0.064648208,0.002,0.0,-0.015390602,-0.015296849,-0.2687540625662619
2022-06-15,0.073937157,1.455436851,0.0,0.0,-3.074012536,0.08613265,0.0,0.002,0.0,0.0,0.0,0.0,-0.015296849,0.0,-0.015390602,-0.2687540625662619,-0.2687540625662619,1.455436851,-3.074012536,0.08613265,0.002,0.0,-0.015390602,-0.015296849,-0.2687540625662619
2022-06-16,0.221484033,0.0,-0.324592409,1.923796878,0.0,0.008609186,0.0,0.002,0.0,0.0,0.0,0.0,-0.015296849,0.0,-0.015390602,-0.2687540625662619,-0.2687540625662619,-0.324592409,1.923796878,0.008609186,0.002,0.0,-0.015390602,-0.015296849,-0.2687540625662619
2022-06-17,0.220994565,0.0,-1.373424823,0.0,-6.814898374,0.0,-0.051666237,0.002,0.0,0.0,0.0,0.0,-0.015296849,0.0,-0.015390602,-0.2687540625662619,-0.2687540625662619,-1.373424823,-6.814898374,-0.051666237,0.002,0.0,-0.015390602,-0.015296849,-0.2687540625662619
2022-06-20,-0.147275432,0.648040244,0.0,0.0,0.0,0.043057051,0.0,0.002,0.0,0.0,0.0,0.0,-0.015296849,0.0,-0.015390602,-0.2687540625662619,-0.2687540625662619,0.648040244,0.0,0.043057051,0.002,0.0,-0.015390602,-0.015296849,-0.2687540625662619
2022-06-21,0.0,0.0,-3.796638061,0.845267473,0.0,0.0,-0.017220596,0.002,0.0,0.0,0.0,0.0,-0.015296849,0.0,-0.015390602,-0.2687540625662619,-0.2687540625662619,-3.796638061,0.845267473,-0.017220596,0.002,0.0,-0.015390602,-0.015296849,-0.2687540625662619
2022-06-22,-0.147492652,0.606013524,0.0,0.0,-3.941260413,0.038742171,0.0,0.002,0.0,0.0,0.0,0.0,-0.015296849,0.0,-0.015390602,-0.2687540625662619,-0.2687540625662619,0.606013524,-3.941260413,0.038742171,0.002,0.0,-0.015390602,-0.015296849,-0.2687540625662619
2022-06-23,0.22115748,0.0,-1.541336226,0.0,-0.443459707,0.038727168,0.0,0.002,0.0,0.0,0.0,0.0,-0.015296849,0.0,-0.015390602,-0.2687540625662619,-0.2687540625662619,-1.541336226,-0.443459707,0.038727168,0.002,0.0,-0.015390602,-0.015296849,-0.2687540625662619
2022-06-24,-0.147383962,2.444785324,0.0,3.091206001,0.0,0.012905724,0.0,0.002,0.0,0.0,0.0,0.0,-0.015296849,0.0,-0.015390602,-0.2687540625662619,-0.2687540625662619,2.444785324,3.091206001,0.012905724,0.002,0.0,-0.015390602,-0.015296849,-0.2687540625662619
2022-06-27,0.147383962,0.0,-0.142860769,2.149645153,0.0,0.0,-0.008603631,0.002,0.0,0.0,0.0,0.0,-0.015296849,0.0,-0.015390602,-0.2687540625662619,-0.2687540625662619,-0.142860769,2.149645153,-0.008603631,0.002,0.0,-0.015390602,-0.015296849,-0.2687540625662619
2022-06-28,0.220669453,1.111433836,0.0,1.97252064,0.0,0.043010753,0.0,0.002,0.0,0.0,0.0,0.0,-0.015296849,0.0,-0.015390602,-0.2687540625662619,-0.2687540625662619,1.111433836,1.97252064,0.043010753,0.002,0.0,-0.015390602,-0.015296849,-0.2687540625662619
2022-06-29,0.220183575,0.482032601,0.0,0.0,-1.784255758,0.042992262,0.0,0.002,0.0,0.0,0.0,0.0,-0.015296849,0.0,-0.015390602,-0.2687540625662619,-0.2687540625662619,0.482032601,-1.784255758,0.042992262,0.002,0.0,-0.015390602,-0.015296849,-0.2687540625662619
2022-06-30,0.146520173,0.824257481,0.0,0.0,-3.546244618,0.0,-0.042992262,0.004,0.0,0.0,0.0,0.0,-0.02881647,0.0,-0.002249106,-0.2687540625662619,-0.2687540625662619,0.824257481,-3.546244618,-0.042992262,0.004,0.0,-0.002249106,-0.02881647,-0.2687540625662619
2022-07-01,-0.219860843,0.0,-2.088610548,2.329739416,0.0,0.19331979,0.0,0.004,0.0,0.0,0.0,0.0,-0.02881647,0.0,-0.002249106,-0.1087776534715843,-0.1087776534715843,-2.088610548,2.329739416,0.19331979,0.004,0.0,-0.002249106,-0.02881647,-0.1087776534715843
2022-07-04,-0.073394499,1.119406899,0.0,0.0,0.0,0.150101883,0.0,0.004,0.0,0.0,0.0,0.0,-0.02881647,0.0,-0.002249106,-0.1087776534715843,-0.1087776534715843,1.119406899,0.0,0.150101883,0.004,0.0,-0.002249106,-0.02881647,-0.1087776534715843
2022-07-05,0.146735169,0.0,-0.66947179,0.0,-6.814898374,0.107077856,0.0,0.004,0.0,0.0,0.0,0.0,-0.02881647,0.0,-0.002249106,-0.1087776534715843,-0.1087776534715843,-0.66947179,-6.814898374,0.107077856,0.004,0.0,-0.002249106,-0.02881647,-0.1087776534715843
2022-07-06,-0.514517857,0.0,-2.635346769,0.0,-1.228589713,0.055635206,0.0,0.004,0.0,0.0,0.0,0.0,-0.02881647,0.0,-0.002249106,-0.1087776534715843,-0.1087776534715843,-2.635346769,-1.228589713,0.055635206,0.004,0.0,-0.002249106,-0.02881647,-0.1087776534715843
2022-07-07,0.0,0.0,-1.5784666,4.206934705,0.0,0.0,-0.09845259,0.004,0.0,0.0,0.0,0.0,-0.02881647,0.0,-0.002249106,-0.1087776534715843,-0.1087776534715843,-1.5784666,4.206934705,-0.09845259,0.004,0.0,-0.002249106,-0.02881647,-0.1087776534715843
2022-07-08,0.22083189,2.200217871,0.0,2.043590513,0.0,0.021410984,0.0,0.004,0.0,0.0,0.0,0.0,-0.02881647,0.0,-0.002249106,-0.1087776534715843,-0.1087776534715843,2.200217871,2.043590513,0.021410984,0.004,0.0,-0.002249106,-0.02881647,-0.1087776534715843
2022-07-11,-0.589972213,0.0,-1.132800031,0.0,-0.64828526,0.0,-0.034259775,0.004,0.0,0.0,0.0,0.0,-0.02881647,0.0,-0.002249106,-0.1087776534715843,-0.1087776534715843,-1.132800031,-0.64828526,-0.034259775,0.004,0.0,-0.002249106,-0.02881647,-0.1087776534715843
2022-07-12,0.073937157,0.0,-0.603730441,0.0,-6.814898374,0.179733017,0.0,0.004,0.0,0.0,0.0,0.0,-0.02881647,0.0,-0.002249106,-0.1087776534715843,-0.1087776534715843,-0.603730441,-6.814898374,0.179733017,0.004,0.0,-0.002249106,-0.02881647,-0.1087776534715843
2022-07-13,-0.073937157,1.64538868,0.0,0.764802586,0.0,0.0,-0.004275606,0.004,0.0,0.0,0.0,0.0,-0.02881647,0.0,-0.002249106,-0.1087776534715843,-0.1087776534715843,1.64538868,0.764802586,-0.004275606,0.004,0.0,-0.002249106,-0.02881647,-0.1087776534715843
2022-07-14,0.0,0.0,-0.235478916,0.0,-0.66249032,0.115377232,0.0,0.004,0.0,0.0,0.0,0.0,-0.02881647,0.0,-0.002249106,-0.1087776534715843,-0.1087776534715843,-0.235478916,-0.66249032,0.115377232,0.004,0.0,-0.002249106,-0.02881647,-0.1087776534715843
2022-07-15,-0.370508019,1.057851274,0.0,1.823943562,0.0,0.149365226,0.0,0.004,0.0,0.0,0.0,0.0,-0.02881647,0.0,-0.002249106,-0.1087776534715843,-0.1087776534715843,1.057851274,1.823943562,0.149365226,0.004,0.0,-0.002249106,-0.02881647,-0.1087776534715843
2022-07-18,-2.345690035,0.134296799,0.0,4.793390758,0.0,0.0,-0.042653018,0.004,0.0,0.0,0.0,0.0,-0.02881647,0.0,-0.002249106,-0.1087776534715843,-0.1087776534715843,0.134296799,4.793390758,-0.042653018,0.004,0.0,-0.002249106,-0.02881647,-0.1087776534715843
2022-07-19,-0.315457675,0.0,-0.731946136,1.557486374,0.0,0.0,-0.119525328,0.004,0.0,0.0,0.0,0.0,-0.02881647,0.0,-0.002249106,-0.1087776534715843,-0.1087776534715843,-0.731946136,1.557486374,-0.119525328,0.004,0.0,-0.002249106,-0.02881647,-0.1087776534715843
2022-07-20,2.187587236,1.016834607,0.0,0.0,-1.586204127,0.0,-0.008542993,0.004,0.0,0.0,0.0,0.0,-0.02881647,0.0,-0.002249106,-0.1087776534715843,-0.1087776534715843,1.016834607,-1.586204127,-0.008542993,0.004,0.0,-0.002249106,-0.02881647,-0.1087776534715843
2022-07-21,-2.345690035,0.579906373,0.0,0.0,-5.926126248,0.0,0.0,0.004,0.0,0.0,0.0,0.0,-0.02881647,0.0,-0.002249106,-0.1087776534715843,-0.1087776534715843,0.579906373,-5.926126248,0.0,0.004,0.0,-0.002249106,-0.02881647,-0.1087776534715843
2022-07-22,2.573241397,0.345002201,0.0,0.0,-0.744331757,0.0,-0.042725914,0.004,0.0,0.0,0.0,0.0,-0.02881647,0.0,-0.002249106,-0.1087776534715843,-0.1087776534715843,0.345002201,-0.744331757,-0.042725914,0.004,0.0,-0.002249106,-0.02881647,-0.1087776534715843
2022-07-25,0.614441257,0.0,-0.646704532,2.146483139,0.0,0.0,-0.064123119,0.004,0.0,0.0,0.0,0.0,-0.02881647,0.0,-0.002249106,-0.1087776534715843,-0.1087776534715843,-0.646704532,2.146483139,-0.064123119,0.004,0.0,-0.002249106,-0.02881647,-0.1087776534715843
2022-07-26,-0.460476639,0.0,-0.187345421,0.0,-2.115784751,0.0,-0.064164263,0.004,0.0,0.0,0.0,0.0,-0.02881647,0.0,-0.002249106,-0.1087776534715843,-0.1087776534715843,-0.187345421,-2.115784751,-0.064164263,0.004,0.0,-0.002249106,-0.02881647,-0.1087776534715843
2022-07-27,0.153727932,0.0,-0.70632311,2.315924916,0.0,0.021392662,0.0,0.004,0.0,0.0,0.0,0.0,-0.02881647,0.0,-0.002249106,-0.1087776534715843,-0.1087776534715843,-0.70632311,2.315924916,0.021392662,0.004,0.0,-0.002249106,-0.02881647,-0.1087776534715843
2022-07-28,-0.153727932,1.7577889,0.0,0.0,-0.923979658,0.0,-0.072753732,0.004,0.0,0.0,0.0,0.0,-0.02881647,0.0,-0.002249106,-0.1087776534715843,-0.1087776534715843,1.7577889,-0.923979658,-0.072753732,0.004,0.0,-0.002249106,-0.02881647,-0.1087776534715843
2022-07-29,1.071165559,1.038877929,0.0,2.195477865,0.0,0.0,-0.098515845,0.004,0.0,0.0,0.0,0.0,-0.02881647,0.0,-0.002249106,-0.1087776534715843,-0.1087776534715843,1.038877929,2.195477865,-0.098515845,0.004,0.0,-0.002249106,-0.02881647,-0.1087776534715843
2022-08-01,1.660415505,0.0,-0.434932207,0.0,-4.770990687,0.085671455,0.0,0.0074,0.0,0.0,0.0,0.0,-0.015063327,0.006023223,0.0,-0.1087776534715843,-0.1087776534715843,-0.434932207,-4.770990687,0.085671455,0.0074,0.0,0.006023223,-0.015063327,-0.1087776534715843
2022-08-02,0.894193738,1.743124288,0.0,0.567802073,0.0,0.0,-0.008563843,0.0074,0.0,0.0,0.0,0.0,-0.015063327,0.006023223,0.0,-0.1087776534715843,-0.1087776534715843,1.743124288,0.567802073,-0.008563843,0.0074,0.0,0.006023223,-0.015063327,-0.1087776534715843
2022-08-03,-2.099027589,0.286508728,0.0,0.0,-4.086917839,0.175412371,0.0,0.0074,0.0,0.0,0.0,0.0,-0.015063327,0.006023223,0.0,-0.1087776534715843,-0.1087776534715843,0.286508728,-4.086917839,0.175412371,0.0074,0.0,0.006023223,-0.015063327,-0.1087776534715843
2022-08-04,0.604231446,1.500231248,0.0,0.0,-2.124280595,0.0,-0.004274692,0.0074,0.0,0.0,0.0,0.0,-0.015063327,0.006023223,0.0,-0.1087776534715843,-0.1087776534715843,1.500231248,-2.124280595,-0.004274692,0.0074,0.0,0.006023223,-0.015063327,-0.1087776534715843
2022-08-05,0.300752106,0.0,-0.17900386,0.524419425,0.0,0.0,-0.034204113,0.0074,0.0,0.0,0.0,0.0,-0.015063327,0.006023223,0.0,-0.1087776534715843,-0.1087776534715843,-0.17900386,0.524419425,-0.034204113,0.0074,0.0,0.006023223,-0.015063327,-0.1087776534715843
2022-08-08,-0.451468035,0.168623997,0.0,1.888987033,0.0,0.012827914,0.0,0.0074,0.0,0.0,0.0,0.0,-0.015063327,0.006023223,0.0,-0.1087776534715843,-0.1087776534715843,0.168623997,1.888987033,0.012827914,0.0074,0.0,0.006023223,-0.015063327,-0.1087776534715843
2022-08-09,-0.150943425,0.636762316,0.0,0.0,-0.364221078,0.0,-0.012827914,0.0074,0.0,0.0,0.0,0.0,-0.015063327,0.006023223,0.0,-0.1087776534715843,-0.1087776534715843,0.636762316,-0.364221078,-0.012827914,0.0074,0.0,0.006023223,-0.015063327,-0.1087776534715843
2022-08-10,-0.302572092,0.0,-0.371217215,1.596967826,0.0,0.0,0.0,0.0074,0.0,0.0,0.0,0.0,-0.015063327,0.006023223,0.0,-0.1087776534715843,-0.1087776534715843,-0.371217215,1.596967826,0.0,0.0074,0.0,0.006023223,-0.015063327,-0.1087776534715843
2022-08-11,0.302572092,0.925866483,0.0,2.441435817,0.0,0.021378942,0.0,0.0074,0.0,0.0,0.0,0.0,-0.015063327,0.006023223,0.0,-0.1087776534715843,-0.1087776534715843,0.925866483,2.441435817,0.021378942,0.0074,0.0,0.006023223,-0.015063327,-0.1087776534715843
2022-08-12,0.150943425,0.0,-1.327247515,0.0,-2.251502237,0.008550297,0.0,0.0074,0.0,0.0,0.0,0.0,-0.015063327,0.006023223,0.0,-0.1087776534715843,-0.1087776534715843,-1.327247515,-2.251502237,0.008550297,0.0074,0.0,0.006023223,-0.015063327,-0.1087776534715843
2022-08-15,-0.302115033,1.421098693,0.0,0.0,-2.800824449,0.03419388,0.0,0.0074,0.0,0.0,0.0,0.0,-0.015063327,0.006023223,0.0,-0.1087776534715843,-0.1087776534715843,1.421098693,-2.800824449,0.03419388,0.0074,0.0,0.006023223,-0.015063327,-0.1087776534715843
2022-08-16,-0.151400483,0.434195063,0.0,0.0,-3.317657005,0.012819691,0.0,0.0074,0.0,0.0,0.0,0.0,-0.015063327,0.006023223,0.0,-0.1087776534715843,-0.1087776534715843,0.434195063,-3.317657005,0.012819691,0.0074,0.0,0.006023223,-0.015063327,-0.1087776534715843
2022-08-17,0.302572092,0.21169339,0.0,1.799248893,0.0,0.0,-0.008546278,0.0074,0.0,0.0,0.0,0.0,-0.015063327,0.006023223,0.0,-0.1087776534715843,-0.1087776534715843,0.21169339,1.799248893,-0.008546278,0.0074,0.0,0.006023223,-0.015063327,-0.1087776534715843
2022-08-18,0.0,0.0,-0.261153064,2.553792685,0.0,0.0,0.0,0.0074,0.0,0.0,0.0,0.0,-0.015063327,0.006023223,0.0,-0.1087776534715843,-0.1087776534715843,-0.261153064,2.553792685,0.0,0.0074,0.0,0.006023223,-0.015063327,-0.1087776534715843
2022-08-19,0.0,0.0,-0.095848661,0.374833103,0.0,0.0,-0.004273413,0.0074,0.0,0.0,0.0,0.0,-0.015063327,0.006023223,0.0,-0.1087776534715843,-0.1087776534715843,-0.095848661,0.374833103,-0.004273413,0.0074,0.0,0.006023223,-0.015063327,-0.1087776534715843
2022-08-22,-0.302572092,0.0,-0.598376949,0.0,-0.139059765,0.042725914,0.0,0.0074,0.0,0.0,0.0,0.0,-0.015063327,0.006023223,0.0,-0.1087776534715843,-0.1087776534715843,-0.598376949,-0.139059765,0.042725914,0.0074,0.0,0.006023223,-0.015063327,-0.1087776534715843
2022-08-23,0.378072284,0.0,-0.888774719,3.202295957,0.0,0.085397102,0.0,0.0074,0.0,0.0,0.0,0.0,-0.015063327,0.006023223,0.0,-0.1087776534715843,-0.1087776534715843,-0.888774719,3.202295957,0.085397102,0.0074,0.0,0.006023223,-0.015063327,-0.1087776534715843
2022-08-24,0.075443233,1.749338802,0.0,0.0,-0.9792765,0.0,-0.02134244,0.0074,0.0,0.0,0.0,0.0,-0.015063327,0.006023223,0.0,-0.1087776534715843,-0.1087776534715843,1.749338802,-0.9792765,-0.02134244,0.0074,0.0,0.006023223,-0.015063327,-0.1087776534715843
2022-08-25,-0.377786622,0.377158149,0.0,0.0,-2.319405007,0.0,-0.008538251,0.0074,0.0,0.0,0.0,0.0,-0.015063327,0.006023223,0.0,-0.1087776534715843,-0.1087776534715843,0.377158149,-2.319405007,-0.008538251,0.0074,0.0,0.006023223,-0.015063327,-0.1087776534715843
2022-08-26,0.075671589,0.847699968,0.0,0.320924537,0.0,0.0,-0.046973418,0.0074,0.0,0.0,0.0,0.0,-0.015063327,0.006023223,0.0,-0.1087776534715843,-0.1087776534715843,0.847699968,0.320924537,-0.046973418,0.0074,0.0,0.006023223,-0.015063327,-0.1087776534715843
2022-08-29,-0.454890853,0.0,-2.181147406,3.94753657,0.0,0.076854109,0.0,0.0074,0.0,0.0,0.0,0.0,-0.015063327,0.006023223,0.0,-0.1087776534715843,-0.1087776534715843,-2.181147406,3.94753657,0.076854109,0.0074,0.0,0.006023223,-0.015063327,-0.1087776534715843
2022-08-30,0.0,0.909240427,0.0,0.0,-5.616844623,0.0,-0.064040988,0.0074,0.0,0.0,0.0,0.0,-0.015063327,0.006023223,0.0,-0.1087776534715843,-0.1087776534715843,0.909240427,-5.616844623,-0.064040988,0.0074,0.0,0.006023223,-0.015063327,-0.1087776534715843
2022-08-31,0.0,0.119147483,0.0,0.0,-2.184859375,0.149365226,0.0,0.0043,0.0,0.0,0.0,0.0,-0.035746937,0.0,-0.010118447,-0.1087776534715843,-0.1087776534715843,0.119147483,-2.184859375,0.149365226,0.0043,0.0,-0.010118447,-0.035746937,-0.1087776534715843
2022-09-01,0.0,0.0,0.0,0.0,-3.386710396,0.0,0.0,0.0043,0.0,0.0,0.0,0.0,-0.035746937,0.0,-0.010118447,-0.1087776534715843,-0.1087776534715843,0.0,-3.386710396,0.0,0.0043,0.0,-0.010118447,-0.035746937,-0.1087776534715843
2022-09-02,0.0,0.0,0.0,0.229384204,0.0,0.0,0.0,0.0043,0.0,0.0,0.0,0.0,-0.035746937,0.0,-0.010118447,-0.1087776534715843,-0.1087776534715843,0.0,0.229384204,0.0,0.0043,0.0,-0.010118447,-0.035746937,-0.1087776534715843
2022-09-05,0.151860318,0.294905856,0.0,0.0,0.0,0.234266958,0.0,0.0043,0.0,0.0,0.0,0.0,-0.035746937,0.0,-0.010118447,-0.1087776534715843,-0.1087776534715843,0.294905856,0.0,0.234266958,0.0043,0.0,-0.010118447,-0.035746937,-0.1087776534715843
2022-09-06,0.151630052,0.0,-0.053128322,0.068712783,0.0,0.063795855,0.0,0.0043,0.0,0.0,0.0,0.0,-0.035746937,0.0,-0.010118447,-0.1087776534715843,-0.1087776534715843,-0.053128322,0.068712783,0.063795855,0.0043,0.0,-0.010118447,-0.035746937,-0.1087776534715843
2022-09-07,0.0,0.0,-0.389949519,0.0,-5.712474324,0.254777208,0.0,0.0043,0.0,0.0,0.0,0.0,-0.035746937,0.0,-0.010118447,-0.1087776534715843,-0.1087776534715843,-0.389949519,-5.712474324,0.254777208,0.0043,0.0,-0.010118447,-0.035746937,-0.1087776534715843
2022-09-08,0.227014853,0.0,-1.864121193,1.849458264,0.0,0.0,-0.161283512,0.0043,0.0,0.0,0.0,0.0,-0.035746937,0.0,-0.010118447,-0.1087776534715843,-0.1087776534715843,-1.864121193,1.849458264,-0.161283512,0.0043,0.0,-0.010118447,-0.035746937,-0.1087776534715843
2022-09-09,0.075557238,0.0,-0.786419923,3.77138852,0.0,0.0,-0.114754459,0.0043,0.0,0.0,0.0,0.0,-0.035746937,0.0,-0.010118447,-0.1087776534715843,-0.1087776534715843,-0.786419923,3.77138852,-0.114754459,0.0043,0.0,-0.010118447,-0.035746937,-0.1087776534715843
2022-09-12,0.0,1.100857984,0.0,1.037341875,0.0,0.021260763,0.0,0.0043,0.0,0.0,0.0,0.0,-0.035746937,0.0,-0.010118447,-0.1087776534715843,-0.1087776534715843,1.100857984,1.037341875,0.021260763,0.0043,0.0,-0.010118447,-0.035746937,-0.1087776534715843
2022-09-13,0.075500192,0.0,-0.311240824,0.0,-0.386320217,0.140207785,0.0,0.0043,0.0,0.0,0.0,0.0,-0.035746937,0.0,-0.010118447,-0.1087776534715843,-0.1087776534715843,-0.311240824,-0.386320217,0.140207785,0.0043,0.0,-0.010118447,-0.035746937,-0.1087776534715843
2022-09-14,-0.226671801,0.0,-1.720413595,1.177016757,0.0,0.156969254,0.0,0.0043,0.0,0.0,0.0,0.0,-0.035746937,0.0,-0.010118447,-0.1087776534715843,-0.1087776534715843,-1.720413595,1.177016757,0.156969254,0.0043,0.0,-0.010118447,-0.035746937,-0.1087776534715843
2022-09-15,-0.227186769,1.419425551,0.0,0.0,-3.620097473,0.127091735,0.0,0.0043,0.0,0.0,0.0,0.0,-0.035746937,0.0,-0.010118447,-0.1087776534715843,-0.1087776534715843,1.419425551,-3.620097473,0.127091735,0.0043,0.0,-0.010118447,-0.035746937,-0.1087776534715843
2022-09-16,-0.303720811,0.0,-0.317980611,0.0,-0.175141618,0.126930417,0.0,0.0043,0.0,0.0,0.0,0.0,-0.035746937,0.0,-0.010118447,-0.1087776534715843,-0.1087776534715843,-0.317980611,-0.175141618,0.126930417,0.0043,0.0,-0.010118447,-0.035746937,-0.1087776534715843
2022-09-19,0.0,0.0,-0.964114093,0.675520854,0.0,0.084530859,0.0,0.0043,0.0,0.0,0.0,0.0,-0.035746937,0.0,-0.010118447,-0.1087776534715843,-0.1087776534715843,-0.964114093,0.675520854,0.084530859,0.0043,0.0,-0.010118447,-0.035746937,-0.1087776534715843
2022-09-20,0.151975713,0.0,-1.585444479,0.0,-1.709243204,0.0,0.0,0.0043,0.0,0.0,0.0,0.0,-0.035746937,0.0,-0.010118447,-0.1087776534715843,-0.1087776534715843,-1.585444479,-1.709243204,0.0,0.0043,0.0,-0.010118447,-0.035746937,-0.1087776534715843
2022-09-21,0.151745097,0.114613193,0.0,0.0,-1.558905848,0.084459464,0.0,0.0043,0.0,0.0,0.0,0.0,-0.035746937,0.0,-0.010118447,-0.1087776534715843,-0.1087776534715843,0.114613193,-1.558905848,0.084459464,0.0043,0.0,-0.010118447,-0.035746937,-0.1087776534715843
2022-09-22,-0.227704083,0.0,-1.0879174,0.764639329,0.0,0.042202997,0.0,0.0043,0.0,0.0,0.0,0.0,-0.035746937,0.0,-0.010118447,-0.1087776534715843,-0.1087776534715843,-1.0879174,0.764639329,0.042202997,0.0043,0.0,-0.010118447,-0.035746937,-0.1087776534715843
2022-09-23,0.0,1.017021137,0.0,0.0,-6.072132966,0.0,0.0,0.0043,0.0,0.0,0.0,0.0,-0.035746937,0.0,-0.010118447,-0.1087776534715843,-0.1087776534715843,1.017021137,-6.072132966,0.0,0.0043,0.0,-0.010118447,-0.035746937,-0.1087776534715843
2022-09-26,-0.304414238,0.0,-2.18431207,0.0,-2.432275561,0.063271119,0.0,0.0043,0.0,0.0,0.0,0.0,-0.035746937,0.0,-0.010118447,-0.1087776534715843,-0.1087776534715843,-2.18431207,-2.432275561,0.063271119,0.0043,0.0,-0.010118447,-0.035746937,-0.1087776534715843
2022-09-27,-1.536128516,0.0,-0.752990123,2.229718206,0.0,0.063231112,0.0,0.0043,0.0,0.0,0.0,0.0,-0.035746937,0.0,-0.010118447,-0.1087776534715843,-0.1087776534715843,-0.752990123,2.229718206,0.063231112,0.0043,0.0,-0.010118447,-0.035746937,-0.1087776534715843
2022-09-28,-0.621120009,0.0,-1.625007933,4.582277604,0.0,0.0,0.0,0.0043,0.0,0.0,0.0,0.0,-0.035746937,0.0,-0.010118447,-0.1087776534715843,-0.1087776534715843,-1.625007933,4.582277604,0.0,0.0043,0.0,-0.010118447,-0.035746937,-0.1087776534715843
2022-09-29,0.54369066,0.0,-0.124372754,0.0,-1.009802364,0.378549348,0.0,0.0043,0.0,0.0,0.0,0.0,-0.035746937,0.0,-0.010118447,-0.1087776534715843,-0.1087776534715843,-0.124372754,-1.009802364,0.378549348,0.0043,0.0,-0.010118447,-0.035746937,-0.1087776534715843
2022-09-30,1.308214117,0.0,-3.687447154,0.0,-2.313171355,0.146827504,0.0,0.0,0.0,0.0,0.0,0.0,-0.018453477,0.000930993,0.0,-0.1087776534715843,-0.1087776534715843,-3.687447154,-2.313171355,0.146827504,0.0,0.0,0.000930993,-0.018453477,-0.1087776534715843
2022-10-03,-0.306278953,0.82691594,0.0,5.051085847,0.0,0.104744956,0.0,0.0,0.0,0.0,0.0,0.0,-0.018453477,0.000930993,0.0,-0.060991437251250336,-0.060991437251250336,0.82691594,5.051085847,0.104744956,0.0,0.0,0.000930993,-0.018453477,-0.0609914372512503
2022-10-04,0.306278953,0.0,-2.588211261,3.300088842,0.0,0.0,-0.020940216,0.0,0.0,0.0,0.0,0.0,-0.018453477,0.000930993,0.0,-0.060991437251250336,-0.060991437251250336,-2.588211261,3.300088842,-0.020940216,0.0,0.0,0.000930993,-0.018453477,-0.0609914372512503
2022-10-05,0.0,0.0,-0.33366731,1.54209464,0.0,0.0,-0.041893591,0.0,0.0,0.0,0.0,0.0,-0.018453477,0.000930993,0.0,-0.060991437251250336,-0.060991437251250336,-0.33366731,1.54209464,-0.041893591,0.0,0.0,0.000930993,-0.018453477,-0.0609914372512503
2022-10-06,-1.076105696,1.20417039,0.0,0.767844784,0.0,0.020948989,0.0,0.0,0.0,0.0,0.0,0.0,-0.018453477,0.000930993,0.0,-0.060991437251250336,-0.060991437251250336,1.20417039,0.767844784,0.020948989,0.0,0.0,0.000930993,-0.018453477,-0.0609914372512503
2022-10-07,0.30864222,0.0,-4.003783133,4.583975568,0.0,0.020944602,0.0,0.0,0.0,0.0,0.0,0.0,-0.018453477,0.000930993,0.0,-0.060991437251250336,-0.060991437251250336,-4.003783133,4.583975568,0.020944602,0.0,0.0,0.000930993,-0.018453477,-0.0609914372512503
2022-10-10,1.983283923,0.0,-4.060896174,0.0,-1.592062652,0.0,-0.020944602,0.0,0.0,0.0,0.0,0.0,-0.018453477,0.000930993,0.0,-0.060991437251250336,-0.060991437251250336,-4.060896174,-1.592062652,-0.020944602,0.0,0.0,0.000930993,-0.018453477,-0.0609914372512503
2022-10-11,-0.454202143,1.626447534,0.0,0.0,-2.040324431,0.230149699,0.0,0.0,0.0,0.0,0.0,0.0,-0.018453477,0.000930993,0.0,-0.060991437251250336,-0.060991437251250336,1.626447534,-2.040324431,0.230149699,0.0,0.0,0.000930993,-0.018453477,-0.0609914372512503
2022-10-12,0.0,0.0,-2.966205056,0.0,-2.162489944,0.083559646,0.0,0.0,0.0,0.0,0.0,0.0,-0.018453477,0.000930993,0.0,-0.060991437251250336,-0.060991437251250336,-2.966205056,-2.162489944,0.083559646,0.0,0.0,0.000930993,-0.018453477,-0.0609914372512503
2022-10-13,0.151630052,2.863874616,0.0,1.984057868,0.0,0.507615303,0.0,0.0,0.0,0.0,0.0,0.0,-0.018453477,0.000930993,0.0,-0.060991437251250336,-0.060991437251250336,2.863874616,1.984057868,0.507615303,0.0,0.0,0.000930993,-0.018453477,-0.0609914372512503
2022-10-14,0.302572092,2.644073208,0.0,0.0,-3.973429518,0.0,-0.041467967,0.0,0.0,0.0,0.0,0.0,-0.018453477,0.000930993,0.0,-0.060991437251250336,-0.060991437251250336,2.644073208,-3.973429518,-0.041467967,0.0,0.0,0.000930993,-0.018453477,-0.0609914372512503
2022-10-17,-0.302572092,0.0,-0.908096369,0.0,-0.116211518,0.507615303,0.0,0.0,0.0,0.0,0.0,0.0,-0.018453477,0.000930993,0.0,-0.060991437251250336,-0.060991437251250336,-0.908096369,-0.116211518,0.507615303,0.0,0.0,0.000930993,-0.018453477,-0.0609914372512503
2022-10-18,0.151400483,1.145803594,0.0,0.0,-3.201880231,0.492409694,0.0,0.0,0.0,0.0,0.0,0.0,-0.018453477,0.000930993,0.0,-0.060991437251250336,-0.060991437251250336,1.145803594,-3.201880231,0.492409694,0.0,0.0,0.000930993,-0.018453477,-0.0609914372512503
2022-10-19,-0.151400483,0.0,-0.048810709,3.201880231,0.0,0.081833065,0.0,0.0,0.0,0.0,0.0,0.0,-0.018453477,0.000930993,0.0,-0.060991437251250336,-0.060991437251250336,-0.048810709,3.201880231,0.081833065,0.0,0.0,0.000930993,-0.018453477,-0.0609914372512503
2022-10-20,0.302572092,0.0,-0.842916146,0.02325311,0.0,0.326664235,0.0,0.0,0.0,0.0,0.0,0.0,-0.018453477,0.000930993,0.0,-0.060991437251250336,-0.060991437251250336,-0.842916146,0.02325311,0.326664235,0.0,0.0,0.000930993,-0.018453477,-0.0609914372512503
2022-10-21,0.150943425,0.273264258,0.0,0.0,-0.641439018,0.507615303,0.0,0.0,0.0,0.0,0.0,0.0,-0.018453477,0.000930993,0.0,-0.060991437251250336,-0.060991437251250336,0.273264258,-0.641439018,0.507615303,0.0,0.0,0.000930993,-0.018453477,-0.0609914372512503
2022-10-24,0.0,0.0,-3.632602764,0.757623532,0.0,0.040281974,0.0,0.0,0.0,0.0,0.0,0.0,-0.018453477,0.000930993,0.0,-0.060991437251250336,-0.060991437251250336,-3.632602764,0.757623532,0.040281974,0.0,0.0,0.000930993,-0.018453477,-0.0609914372512503
2022-10-25,-0.150943425,0.0,-4.075059764,0.936152459,0.0,0.040265755,0.0,0.0,0.0,0.0,0.0,0.0,-0.018453477,0.000930993,0.0,-0.060991437251250336,-0.060991437251250336,-4.075059764,0.936152459,0.040265755,0.0,0.0,0.000930993,-0.018453477,-0.0609914372512503
2022-10-26,0.301659354,2.043297852,0.0,2.790562201,0.0,0.0,-0.040265755,0.0,0.0,0.0,0.0,0.0,-0.018453477,0.000930993,0.0,-0.060991437251250336,-0.060991437251250336,2.043297852,2.790562201,-0.040265755,0.0,0.0,0.000930993,-0.018453477,-0.0609914372512503
2022-10-27,-0.301659354,0.0,-0.590321078,0.0,-0.369851921,0.0,0.0,0.0,0.0,0.0,0.0,0.0,-0.018453477,0.000930993,0.0,-0.060991437251250336,-0.060991437251250336,-0.590321078,-0.369851921,0.0,0.0,0.0,0.000930993,-0.018453477,-0.0609914372512503
2022-10-28,-0.151171609,3.540507138,0.0,0.0,-1.367948526,0.0,-0.040281974,0.0,0.0,0.0,0.0,0.0,-0.018453477,0.000930993,0.0,-0.060991437251250336,-0.060991437251250336,3.540507138,-1.367948526,-0.040281974,0.0,0.0,0.000930993,-0.018453477,-0.0609914372512503
2022-10-31,-0.151400483,0.0,-0.777912482,0.0,-1.502407984,0.080547729,0.0,0.0044,0.0,0.01,0.0,0.0,-0.035538899,0.010032384,0.0,-0.060991437251250336,-0.060991437251250336,-0.777912482,-1.502407984,0.080547729,0.0044,0.01,0.010032384,-0.035538899,-0.0609914372512503
2022-11-01,0.151400483,0.633057698,0.0,2.081264376,0.0,0.040249548,0.0,0.0044,0.0,0.01,0.0,0.0,-0.035538899,0.010032384,0.0,-0.060991437251250336,-0.060991437251250336,0.633057698,2.081264376,0.040249548,0.0044,0.01,0.010032384,-0.035538899,-0.0609914372512503
2022-11-02,0.151171609,0.0,-0.121840385,1.905673632,0.0,0.0,-0.060380398,0.0044,0.0,0.01,0.0,0.0,-0.035538899,0.010032384,0.0,-0.060991437251250336,-0.060991437251250336,-0.121840385,1.905673632,-0.060380398,0.0044,0.01,0.010032384,-0.035538899,-0.0609914372512503
2022-11-03,-0.302572092,0.0,-2.161537905,0.0,-2.154965546,0.100613752,0.0,0.0044,0.0,0.01,0.0,0.0,-0.035538899,0.010032384,0.0,-0.060991437251250336,-0.060991437251250336,-2.161537905,-2.154965546,0.100613752,0.0044,0.01,0.010032384,-0.035538899,-0.0609914372512503
2022-11-04,0.453515517,0.0,-0.314907868,4.914667619,0.0,0.040217173,0.0,0.0044,0.0,0.01,0.0,0.0,-0.035538899,0.010032384,0.0,-0.060991437251250336,-0.060991437251250336,-0.314907868,4.914667619,0.040217173,0.0044,0.01,0.010032384,-0.035538899,-0.0609914372512503
2022-11-07,0.0,0.0,-1.850931483,0.0,-0.846083798,0.0,0.0,0.0044,0.0,0.01,0.0,0.0,-0.035538899,0.010032384,0.0,-0.060991437251250336,-0.060991437251250336,-1.850931483,-0.846083798,0.0,0.0044,0.01,0.010032384,-0.035538899,-0.0609914372512503
2022-11-08,-0.150943425,0.0,-2.954071685,0.0,-3.322564763,0.004020828,0.0,0.0044,0.0,0.01,0.0,0.0,-0.035538899,0.010032384,0.0,-0.060991437251250336,-0.060991437251250336,-2.954071685,-3.322564763,0.004020828,0.0044,0.01,0.010032384,-0.035538899,-0.0609914372512503
2022-11-09,0.452148472,2.333807808,0.0,0.0,-3.448420041,0.0,-0.036193272,0.0044,0.0,0.01,0.0,0.0,-0.035538899,0.010032384,0.0,-0.060991437251250336,-0.060991437251250336,2.333807808,-3.448420041,-0.036193272,0.0044,0.01,0.010032384,-0.035538899,-0.0609914372512503
2022-11-10,-0.301205047,0.0,-0.904835675,0.84731515,0.0,0.01206588,0.0,0.0044,0.0,0.01,0.0,0.0,-0.035538899,0.010032384,0.0,-0.060991437251250336,-0.060991437251250336,-0.904835675,0.84731515,0.01206588,0.0044,0.01,0.010032384,-0.035538899,-0.0609914372512503
2022-11-11,0.451468035,0.0,-2.053230376,2.983256643,0.0,0.0,-0.241594641,0.0044,0.0,0.01,0.0,0.0,-0.035538899,0.010032384,0.0,-0.060991437251250336,-0.060991437251250336,-2.053230376,2.983256643,-0.241594641,0.0044,0.01,0.010032384,-0.035538899,-0.0609914372512503
2022-11-14,-0.150262988,0.0,-1.584293965,0.0,-3.760658017,0.0,-0.282600107,0.0044,0.0,0.01,0.0,0.0,-0.035538899,0.010032384,0.0,-0.060991437251250336,-0.060991437251250336,-1.584293965,-3.760658017,-0.282600107,0.0044,0.01,0.010032384,-0.035538899,-0.0609914372512503
2022-11-15,0.300300526,0.0,-1.485541944,1.181116093,0.0,0.121212136,0.0,0.0044,0.0,0.01,0.0,0.0,-0.035538899,0.010032384,0.0,-0.060991437251250336,-0.060991437251250336,-1.485541944,1.181116093,0.121212136,0.0044,0.01,0.010032384,-0.035538899,-0.0609914372512503
2022-11-16,0.0,0.0,-4.195604674,0.0,-1.449384756,0.040371418,0.0,0.0044,0.0,0.01,0.0,0.0,-0.035538899,0.010032384,0.0,-0.060991437251250336,-0.060991437251250336,-4.195604674,-1.449384756,0.040371418,0.0044,0.01,0.010032384,-0.035538899,-0.0609914372512503
2022-11-17,0.0,3.540507138,0.0,0.0,-4.698730536,0.121016554,0.0,0.0044,0.0,0.01,0.0,0.0,-0.035538899,0.010032384,0.0,-0.060991437251250336,-0.060991437251250336,3.540507138,-4.698730536,0.121016554,0.0044,0.01,0.010032384,-0.035538899,-0.0609914372512503
2022-11-18,-0.150037538,1.486416026,0.0,0.0,-2.003034327,0.0,-0.020159258,0.0044,0.0,0.01,0.0,0.0,-0.035538899,0.010032384,0.0,-0.060991437251250336,-0.060991437251250336,1.486416026,-2.003034327,-0.020159258,0.0044,0.01,0.010032384,-0.035538899,-0.0609914372512503
2022-11-21,-0.150262988,0.453899147,0.0,0.0,-0.412991013,0.141029539,0.0,0.0044,0.0,0.01,0.0,0.0,-0.035538899,0.010032384,0.0,-0.060991437251250336,-0.060991437251250336,0.453899147,-0.412991013,0.141029539,0.0044,0.01,0.010032384,-0.035538899,-0.0609914372512503
2022-11-22,0.0,0.0,-1.849057543,1.357684179,0.0,0.060380398,0.0,0.0044,0.0,0.01,0.0,0.0,-0.035538899,0.010032384,0.0,-0.060991437251250336,-0.060991437251250336,-1.849057543,1.357684179,0.060380398,0.0044,0.01,0.010032384,-0.035538899,-0.0609914372512503
2022-11-23,0.0,0.0,-0.627897666,0.0,-3.653719589,0.0,-0.024147785,0.0044,0.0,0.01,0.0,0.0,-0.035538899,0.010032384,0.0,-0.060991437251250336,-0.060991437251250336,-0.627897666,-3.653719589,-0.024147785,0.0044,0.01,0.010032384,-0.035538899,-0.0609914372512503
2022-11-24,0.150262988,0.0,-0.523625097,0.0,0.0,0.0,-0.044286089,0.0044,0.0,0.01,0.0,0.0,-0.035538899,0.010032384,0.0,-0.060991437251250336,-0.060991437251250336,-0.523625097,0.0,-0.044286089,0.0044,0.01,0.010032384,-0.035538899,-0.0609914372512503
2022-11-25,0.150037538,1.448842915,0.0,0.0,-1.917405548,0.0,-0.294396599,0.0044,0.0,0.01,0.0,0.0,-0.035538899,0.010032384,0.0,-0.060991437251250336,-0.060991437251250336,1.448842915,-1.917405548,-0.294396599,0.0044,0.01,0.010032384,-0.035538899,-0.0609914372512503
2022-11-28,-0.07499063,2.381974932,0.0,0.846634819,0.0,0.040379568,0.0,0.0044,0.0,0.01,0.0,0.0,-0.035538899,0.010032384,0.0,-0.060991437251250336,-0.060991437251250336,2.381974932,0.846634819,0.040379568,0.0044,0.01,0.010032384,-0.035538899,-0.0609914372512503
2022-11-29,-0.225309896,2.934035953,0.0,1.109259407,0.0,0.0,-0.080775449,0.0044,0.0,0.01,0.0,0.0,-0.035538899,0.010032384,0.0,-0.060991437251250336,-0.060991437251250336,2.934035953,1.109259407,-0.080775449,0.0044,0.01,0.010032384,-0.035538899,-0.0609914372512503
2022-11-30,0.0,2.794507185,0.0,3.181283171,0.0,0.0,-0.436554171,0.0015,0.0,0.01,0.0,0.0,-0.012506551,0.0,-0.00642156,-0.060991437251250336,-0.060991437251250336,2.794507185,3.181283171,-0.436554171,0.0015,0.01,-0.00642156,-0.012506551,-0.0609914372512503
2022-12-01,-0.225818688,1.959583752,0.0,0.718091485,0.0,0.0,-0.436554171,0.0015,0.0,0.01,0.0,0.0,-0.012506551,0.0,-0.00642156,-0.060991437251250336,-0.060991437251250336,1.959583752,0.718091485,-0.436554171,0.0015,0.01,-0.00642156,-0.012506551,-0.0609914372512503
2022-12-02,-0.226329784,0.0,-2.420429644,0.0,-1.491451957,0.0,-0.436554171,0.0015,0.0,0.01,0.0,0.0,-0.012506551,0.0,-0.00642156,-0.060991437251250336,-0.060991437251250336,-2.420429644,-1.491451957,-0.436554171,0.0015,0.01,-0.00642156,-0.012506551,-0.0609914372512503
2022-12-05,0.075500192,3.540507138,0.0,0.0,-3.867991276,0.0,-0.436554171,0.0015,0.0,0.01,0.0,0.0,-0.012506551,0.0,-0.00642156,-0.060991437251250336,-0.060991437251250336,3.540507138,-3.867991276,-0.436554171,0.0015,0.01,-0.00642156,-0.012506551,-0.0609914372512503
2022-12-06,0.150829591,0.0,-0.189919639,0.0,-3.46962769,0.0,0.0,0.0015,0.0,0.01,0.0,0.0,-0.012506551,0.0,-0.00642156,-0.060991437251250336,-0.060991437251250336,-0.189919639,-3.46962769,0.0,0.0015,0.01,-0.00642156,-0.012506551,-0.0609914372512503
2022-12-07,-0.377501392,0.0,-3.9506547,0.0,-3.12054881,0.0,-0.334169066,0.0015,0.0,0.01,0.0,0.0,-0.012506551,0.0,-0.00642156,-0.060991437251250336,-0.060991437251250336,-3.9506547,-3.12054881,-0.334169066,0.0015,0.01,-0.00642156,-0.012506551,-0.0609914372512503
2022-12-08,0.377501392,0.807833388,0.0,0.0,-0.879709646,0.0,-0.436554171,0.0015,0.0,0.01,0.0,0.0,-0.012506551,0.0,-0.00642156,-0.060991437251250336,-0.060991437251250336,0.807833388,-0.879709646,-0.436554171,0.0015,0.01,-0.00642156,-0.012506551,-0.0609914372512503
2022-12-09,-0.075386359,0.15529865,0.0,0.0,-0.351247288,0.0,-0.436554171,0.0015,0.0,0.01,0.0,0.0,-0.012506551,0.0,-0.00642156,-0.060991437251250336,-0.060991437251250336,0.15529865,-0.351247288,-0.436554171,0.0015,0.01,-0.00642156,-0.012506551,-0.0609914372512503
2022-12-12,0.150715929,0.255150394,0.0,2.652749122,0.0,0.507615303,0.0,0.0015,0.0,0.01,0.0,0.0,-0.012506551,0.0,-0.00642156,-0.060991437251250336,-0.060991437251250336,0.255150394,2.652749122,0.507615303,0.0015,0.01,-0.00642156,-0.012506551,-0.0609914372512503
2022-12-13,-0.452830962,0.0,-2.270883292,3.342629256,0.0,0.0,-0.338409798,0.0015,0.0,0.01,0.0,0.0,-0.012506551,0.0,-0.00642156,-0.060991437251250336,-0.060991437251250336,-2.270883292,3.342629256,-0.338409798,0.0015,0.01,-0.00642156,-0.012506551,-0.0609914372512503
2022-12-14,0.151171609,2.518794321,0.0,2.228431445,0.0,0.0,-0.3395589,0.0015,0.0,0.01,0.0,0.0,-0.012506551,0.0,-0.00642156,-0.060991437251250336,-0.060991437251250336,2.518794321,2.228431445,-0.3395589,0.0015,0.01,-0.00642156,-0.012506551,-0.0609914372512503
2022-12-15,-0.302572092,0.0,-1.233355598,0.0,-1.633702936,0.0,-0.085070188,0.0015,0.0,0.01,0.0,0.0,-0.012506551,0.0,-0.00642156,-0.060991437251250336,-0.060991437251250336,-1.233355598,-1.633702936,-0.085070188,0.0015,0.01,-0.00642156,-0.012506551,-0.0609914372512503
2022-12-16,0.151400483,0.0,-0.051482997,0.0,-2.265555321,0.339847396,0.0,0.0015,0.0,0.01,0.0,0.0,-0.012506551,0.0,-0.00642156,-0.060991437251250336,-0.060991437251250336,-0.051482997,-2.265555321,0.339847396,0.0015,0.01,-0.00642156,-0.012506551,-0.0609914372512503
2022-12-19,0.151171609,0.503204345,0.0,1.152518788,0.0,0.507615303,0.0,0.0015,0.0,0.01,0.0,0.0,-0.012506551,0.0,-0.00642156,-0.060991437251250336,-0.060991437251250336,0.503204345,1.152518788,0.507615303,0.0015,0.01,-0.00642156,-0.012506551,-0.0609914372512503
2022-12-20,0.301659354,0.0,-1.731367391,1.152559622,0.0,0.126502231,0.0,0.0015,0.0,0.01,0.0,0.0,-0.012506551,0.0,-0.00642156,-0.060991437251250336,-0.060991437251250336,-1.731367391,1.152559622,0.126502231,0.0015,0.01,-0.00642156,-0.012506551,-0.0609914372512503
2022-12-21,-0.604231446,0.0,-0.239710915,2.920578793,0.0,0.0,-0.126502231,0.0015,0.0,0.01,0.0,0.0,-0.012506551,0.0,-0.00642156,-0.060991437251250336,-0.060991437251250336,-0.239710915,2.920578793,-0.126502231,0.0015,0.01,-0.00642156,-0.012506551,-0.0609914372512503
2022-12-22,0.151400483,0.0,-0.665105883,0.0,-0.628811825,0.0,-0.295795694,0.0015,0.0,0.01,0.0,0.0,-0.012506551,0.0,-0.00642156,-0.060991437251250336,-0.060991437251250336,-0.665105883,-0.628811825,-0.295795694,0.0015,0.01,-0.00642156,-0.012506551,-0.0609914372512503
2022-12-23,0.0,0.0,-0.273146918,2.403931341,0.0,0.0,-0.296673242,0.0015,0.0,0.01,0.0,0.0,-0.012506551,0.0,-0.00642156,-0.060991437251250336,-0.060991437251250336,-0.273146918,2.403931341,-0.296673242,0.0015,0.01,-0.00642156,-0.012506551,-0.0609914372512503
2022-12-26,0.0,0.0,-0.394450801,0.0,0.0,0.127253464,0.0,0.0015,0.0,0.01,0.0,0.0,-0.012506551,0.0,-0.00642156,-0.060991437251250336,-0.060991437251250336,-0.394450801,0.0,0.127253464,0.0015,0.01,-0.00642156,-0.012506551,-0.0609914372512503
2022-12-27,-0.454890853,0.0,-3.349717138,0.0,-0.150924441,0.0,-0.042399831,0.0015,0.0,0.01,0.0,0.0,-0.012506551,0.0,-0.00642156,-0.060991437251250336,-0.060991437251250336,-3.349717138,-0.150924441,-0.042399831,0.0015,0.01,-0.00642156,-0.012506551,-0.0609914372512503
2022-12-28,0.151860318,2.240276597,0.0,0.0,-0.707341588,0.169491566,0.0,0.0015,0.0,0.01,0.0,0.0,-0.012506551,0.0,-0.00642156,-0.060991437251250336,-0.060991437251250336,2.240276597,-0.707341588,0.169491566,0.0015,0.01,-0.00642156,-0.012506551,-0.0609914372512503
2022-12-29,0.0,0.755756955,0.0,0.0,-0.584796988,0.0,-0.084709874,0.0015,0.0,0.01,0.0,0.0,-0.012506551,0.0,-0.00642156,-0.060991437251250336,-0.060991437251250336,0.755756955,-0.584796988,-0.084709874,0.0015,0.01,-0.00642156,-0.012506551,-0.0609914372512503
2022-12-30,0.0,0.136709455,0.0,2.181813011,0.0,0.042363907,0.0,0.0015,0.0,0.01,0.0,0.0,-0.012506551,0.0,-0.00642156,-0.060991437251250336,-0.060991437251250336,0.136709455,2.181813011,0.042363907,0.0015,0.01,-0.00642156,-0.012506551,-0.0609914372512503
2023-01-02,0.0,0.0,0.0,0.0,0.0,0.0,0.0,0.0043,0.0,0.0,0.0,0.063133868,0.0,0.005823637,0.0,0.06829963055797483,0.06829963055797483,0.0,0.0,0.0,0.0043,0.0,0.005823637,0.063133868,0.0682996305579748
2023-01-03,0.605145568,0.0,-0.597387475,0.0,-4.190895398,0.0,-0.40318357,0.0043,0.0,0.0,0.0,0.063133868,0.0,0.005823637,0.0,0.06829963055797483,0.06829963055797483,-0.597387475,-4.190895398,-0.40318357,0.0043,0.0,0.005823637,0.063133868,0.0682996305579748
2023-01-04,0.301205047,3.540507138,0.0,0.0,-5.412504061,0.0,-0.021265285,0.0043,0.0,0.0,0.0,0.063133868,0.0,0.005823637,0.0,0.06829963055797483,0.06829963055797483,3.540507138,-5.412504061,-0.021265285,0.0043,0.0,0.005823637,0.063133868,0.0682996305579748
2023-01-05,-0.452148472,0.0,-0.01335572,1.079024332,0.0,0.0,-0.148983746,0.0043,0.0,0.0,0.0,0.063133868,0.0,0.005823637,0.0,0.06829963055797483,0.06829963055797483,-0.01335572,1.079024332,-0.148983746,0.0043,0.0,0.005823637,0.063133868,0.0682996305579748
2023-01-06,0.150943425,0.697827596,0.0,0.217125883,0.0,0.0,-0.063918187,0.0043,0.0,0.0,0.0,0.063133868,0.0,0.005823637,0.0,0.06829963055797483,0.06829963055797483,0.697827596,0.217125883,-0.063918187,0.0043,0.0,0.005823637,0.063133868,0.0682996305579748
2023-01-09,-0.453515517,0.262088626,0.0,1.239406947,0.0,0.0,-0.055428829,0.0043,0.0,0.0,0.0,0.063133868,0.0,0.005823637,0.0,0.06829963055797483,0.06829963055797483,0.262088626,1.239406947,-0.055428829,0.0043,0.0,0.005823637,0.063133868,0.0682996305579748
2023-01-10,0.151400483,0.0,-0.325585205,0.560749133,0.0,0.0,-0.00853024,0.0043,0.0,0.0,0.0,0.063133868,0.0,0.005823637,0.0,0.06829963055797483,0.06829963055797483,-0.325585205,0.560749133,-0.00853024,0.0043,0.0,0.005823637,0.063133868,0.0682996305579748
2023-01-11,0.07561437,0.322750376,0.0,3.080796839,0.0,0.0,-0.021328783,0.0043,0.0,0.0,0.0,0.063133868,0.0,0.005823637,0.0,0.06829963055797483,0.06829963055797483,0.322750376,3.080796839,-0.021328783,0.0043,0.0,0.005823637,0.063133868,0.0682996305579748
2023-01-12,0.075557238,0.024565846,0.0,1.104132414,0.0,0.0,-0.008532787,0.0043,0.0,0.0,0.0,0.063133868,0.0,0.005823637,0.0,0.06829963055797483,0.06829963055797483,0.024565846,1.104132414,-0.008532787,0.0043,0.0,0.005823637,0.063133868,0.0682996305579748
2023-01-13,0.452148472,0.207623634,0.0,1.997285455,0.0,0.0,-0.012800546,0.0043,0.0,0.0,0.0,0.063133868,0.0,0.005823637,0.0,0.06829963055797483,0.06829963055797483,0.207623634,1.997285455,-0.012800546,0.0043,0.0,0.005823637,0.063133868,0.0682996305579748
2023-01-16,-0.150489118,0.146963257,0.0,0.0,0.0,0.042662117,0.0,0.0043,0.0,0.0,0.0,0.063133868,0.0,0.005823637,0.0,0.06829963055797483,0.06829963055797483,0.146963257,0.0,0.042662117,0.0043,0.0,0.005823637,0.063133868,0.0682996305579748
2023-01-17,0.450789644,0.853007553,0.0,0.437090924,0.0,0.0,-0.076804919,0.0043,0.0,0.0,0.0,0.063133868,0.0,0.005823637,0.0,0.06829963055797483,0.06829963055797483,0.853007553,0.437090924,-0.076804919,0.0043,0.0,0.005823637,0.063133868,0.0682996305579748
2023-01-18,0.149812762,1.953044466,0.0,0.0,-0.901245304,0.042676682,0.0,0.0043,0.0,0.0,0.0,0.063133868,0.0,0.005823637,0.0,0.06829963055797483,0.06829963055797483,1.953044466,-0.901245304,0.042676682,0.0043,0.0,0.005823637,0.063133868,0.0682996305579748
2023-01-19,0.149588659,0.276961645,0.0,0.975983723,0.0,0.012799454,0.0,0.0043,0.0,0.0,0.0,0.063133868,0.0,0.005823637,0.0,0.06829963055797483,0.06829963055797483,0.276961645,0.975983723,0.012799454,0.0043,0.0,0.005823637,0.063133868,0.0682996305579748
2023-01-20,0.0,0.0,0.0,1.188279856,0.0,0.0,0.0,0.0043,0.0,0.0,0.0,0.063133868,0.0,0.005823637,0.0,0.06829963055797483,0.06829963055797483,0.0,1.188279856,0.0,0.0043,0.0,0.005823637,0.063133868,0.0682996305579748
2023-01-23,0.0,0.0,0.0,0.429738521,0.0,0.0,0.0,0.0043,0.0,0.0,0.0,0.063133868,0.0,0.005823637,0.0,0.06829963055797483,0.06829963055797483,0.0,0.429738521,0.0,0.0043,0.0,0.005823637,0.063133868,0.0682996305579748
2023-01-24,0.0,0.0,0.0,0.0,-2.179922834,0.0,0.0,0.0043,0.0,0.0,0.0,0.063133868,0.0,0.005823637,0.0,0.06829963055797483,0.06829963055797483,0.0,-2.179922834,0.0,0.0043,0.0,0.005823637,0.063133868,0.0682996305579748
2023-01-25,0.0,0.0,0.0,0.0,-0.100225516,0.0,0.0,0.0043,0.0,0.0,0.0,0.063133868,0.0,0.005823637,0.0,0.06829963055797483,0.06829963055797483,0.0,-0.100225516,0.0,0.0043,0.0,0.005823637,0.063133868,0.0682996305579748
2023-01-26,0.0,0.0,0.0,1.072195785,0.0,0.0,0.0,0.0043,0.0,0.0,0.0,0.063133868,0.0,0.005823637,0.0,0.06829963055797483,0.06829963055797483,0.0,1.072195785,0.0,0.0043,0.0,0.005823637,0.063133868,0.0682996305579748
2023-01-27,0.892863074,1.685351792,0.0,0.0,-1.134887781,0.085287852,0.0,0.0043,0.0,0.0,0.0,0.063133868,0.0,0.005823637,0.0,0.06829963055797483,0.06829963055797483,1.685351792,-1.134887781,0.085287852,0.0043,0.0,0.005823637,0.063133868,0.0682996305579748
2023-01-30,-1.64305414,0.314543164,0.0,0.0,-2.232178919,0.042616664,0.0,0.0043,0.0,0.0,0.0,0.063133868,0.0,0.005823637,0.0,0.06829963055797483,0.06829963055797483,0.314543164,-2.232178919,0.042616664,0.0043,0.0,0.005823637,0.063133868,0.0682996305579748
2023-01-31,-0.301659354,0.0,-1.556346392,1.249060338,0.0,0.0,-0.106575732,0.0,-0.0002,0.0,0.0,0.037540691,0.0,0.020210209,0.0,0.06829963055797483,0.06829963055797483,-1.556346392,1.249060338,-0.106575732,-0.0002,0.0,0.020210209,0.037540691,0.0682996305579748
2023-02-01,0.60241146,1.289361814,0.0,0.0,-3.361769338,0.0,-0.021328783,0.0,-0.0002,0.0,0.0,0.037540691,0.0,0.020210209,0.0,0.06829963055797483,0.06829963055797483,1.289361814,-3.361769338,-0.021328783,-0.0002,0.0,0.020210209,0.037540691,0.0682996305579748
2023-02-02,0.598804184,0.0,-3.189340531,0.0,-0.617569797,0.038388535,0.0,0.0,-0.0002,0.0,0.0,0.037540691,0.0,0.020210209,0.0,0.06829963055797483,0.06829963055797483,-3.189340531,-0.617569797,0.038388535,-0.0002,0.0,0.020210209,0.037540691,0.0682996305579748
2023-02-03,-0.448766647,0.0,-0.082465061,0.0,-3.309741373,0.0,-0.038388535,0.0,-0.0002,0.0,0.0,0.037540691,0.0,0.020210209,0.0,0.06829963055797483,0.06829963055797483,-0.082465061,-3.309741373,-0.038388535,-0.0002,0.0,0.020210209,0.037540691,0.0682996305579748
2023-02-06,-0.450789644,0.0,-0.582896883,0.962654034,0.0,0.170503025,0.0,0.0,-0.0002,0.0,0.0,0.037540691,0.0,0.020210209,0.0,0.06829963055797483,0.06829963055797483,-0.582896883,0.962654034,0.170503025,-0.0002,0.0,0.020210209,0.037540691,0.0682996305579748
2023-02-07,0.225648836,1.438514114,0.0,4.046030451,0.0,0.507615303,0.0,0.0,-0.0002,0.0,0.0,0.037540691,0.0,0.020210209,0.0,0.06829963055797483,0.06829963055797483,1.438514114,4.046030451,0.507615303,-0.0002,0.0,0.020210209,0.037540691,0.0682996305579748
2023-02-08,0.225140808,0.0,-1.901107983,1.670560567,0.0,0.0,-0.042381861,0.0,-0.0002,0.0,0.0,0.037540691,0.0,0.020210209,0.0,0.06829963055797483,0.06829963055797483,-1.901107983,1.670560567,-0.042381861,-0.0002,0.0,0.020210209,0.037540691,0.0682996305579748
2023-02-09,-0.225140808,0.232966213,0.0,0.0,-0.549487038,0.0,-0.127253464,0.0,-0.0002,0.0,0.0,0.037540691,0.0,0.020210209,0.0,0.06829963055797483,0.06829963055797483,0.232966213,-0.549487038,-0.127253464,-0.0002,0.0,0.020210209,0.037540691,0.0682996305579748
2023-02-10,-0.075159718,0.0,-0.366065861,2.15498262,0.0,0.021220159,0.0,0.0,-0.0002,0.0,0.0,0.037540691,0.0,0.020210209,0.0,0.06829963055797483,0.06829963055797483,-0.366065861,2.15498262,0.021220159,-0.0002,0.0,0.020210209,0.037540691,0.0682996305579748
2023-02-13,-0.07521625,0.0,-1.433083119,0.500376325,0.0,0.12722648,0.0,0.0,-0.0002,0.0,0.0,0.037540691,0.0,0.020210209,0.0,0.06829963055797483,0.06829963055797483,-1.433083119,0.500376325,0.12722648,-0.0002,0.0,0.020210209,0.037540691,0.0682996305579748
2023-02-14,0.225479239,0.0,-0.558172937,0.0,-1.331510691,0.021188685,0.0,0.0,-0.0002,0.0,0.0,0.037540691,0.0,0.020210209,0.0,0.06829963055797483,0.06829963055797483,-0.558172937,-1.331510691,0.021188685,-0.0002,0.0,0.020210209,0.037540691,0.0682996305579748
2023-02-15,-0.300752106,0.0,-0.76549975,0.0,-0.647005111,0.063539132,0.0,0.0,-0.0002,0.0,0.0,0.037540691,0.0,0.020210209,0.0,0.06829963055797483,0.06829963055797483,-0.76549975,-0.647005111,0.063539132,-0.0002,0.0,0.020210209,0.037540691,0.0682996305579748
2023-02-16,-0.07532957,1.339846604,0.0,0.0,-0.152846801,0.274870667,0.0,0.0,-0.0002,0.0,0.0,0.037540691,0.0,0.020210209,0.0,0.06829963055797483,0.06829963055797483,1.339846604,-0.152846801,0.274870667,-0.0002,0.0,0.020210209,0.037540691,0.0682996305579748
2023-02-17,-0.150829591,0.742130743,0.0,0.0,-2.765748788,0.507615303,0.0,0.0,-0.0002,0.0,0.0,0.037540691,0.0,0.020210209,0.0,0.06829963055797483,0.06829963055797483,0.742130743,-2.765748788,0.507615303,-0.0002,0.0,0.020210209,0.037540691,0.0682996305579748
2023-02-20,0.075443233,0.070797131,0.0,0.0,0.0,0.0,-0.3576316,0.0,-0.0002,0.0,0.0,0.037540691,0.0,0.020210209,0.0,0.06829963055797483,0.06829963055797483,0.070797131,0.0,-0.3576316,-0.0002,0.0,0.020210209,0.037540691,0.0682996305579748
2023-02-21,-0.150943425,2.791554066,0.0,0.0,-0.039321057,0.0,-0.084334814,0.0,-0.0002,0.0,0.0,0.037540691,0.0,0.020210209,0.0,0.06829963055797483,0.06829963055797483,2.791554066,-0.039321057,-0.084334814,-0.0002,0.0,0.020210209,0.037540691,0.0682996305579748
2023-02-22,0.150943425,0.0,-1.49030197,0.0,-3.102159158,0.315889491,0.0,0.0,-0.0002,0.0,0.0,0.037540691,0.0,0.020210209,0.0,0.06829963055797483,0.06829963055797483,-1.49030197,-3.102159158,0.315889491,-0.0002,0.0,0.020210209,0.037540691,0.0682996305579748
2023-02-23,0.0,0.0,-1.849110531,1.755959601,0.0,0.147074299,0.0,0.0,-0.0002,0.0,0.0,0.037540691,0.0,0.020210209,0.0,0.06829963055797483,0.06829963055797483,-1.849110531,1.755959601,0.147074299,-0.0002,0.0,0.020210209,0.037540691,0.0682996305579748
2023-02-24,0.0,0.0,-0.225121561,1.228143532,0.0,0.0,-0.147074299,0.0,-0.0002,0.0,0.0,0.037540691,0.0,0.020210209,0.0,0.06829963055797483,0.06829963055797483,-0.225121561,1.228143532,-0.147074299,-0.0002,0.0,0.020210209,0.037540691,0.0682996305579748
2023-02-27,-0.377786622,0.0,-2.117198148,0.0,-0.817084145,0.105075138,0.0,0.0,-0.0002,0.0,0.0,0.037540691,0.0,0.020210209,0.0,0.06829963055797483,0.06829963055797483,-2.117198148,-0.817084145,0.105075138,-0.0002,0.0,0.020210209,0.037540691,0.0682996305579748
2023-02-28,0.151285959,0.0,-0.175959682,1.718638563,0.0,0.0,-0.273425346,0.0057,0.0,0.0,0.0,0.056554203,0.0,0.0,-0.016894692,0.06829963055797483,0.06829963055797483,-0.175959682,1.718638563,-0.273425346,0.0057,0.0,-0.016894692,0.056554203,0.0682996305579748
2023-03-01,0.151057431,0.0,-0.433929,0.893498984,0.0,0.0,-0.12644891,0.0057,0.0,0.0,0.0,0.056554203,0.0,0.0,-0.016894692,0.06829963055797483,0.06829963055797483,-0.433929,0.893498984,-0.12644891,0.0057,0.0,-0.016894692,0.056554203,0.0682996305579748
2023-03-02,-0.151057431,1.523578536,0.0,0.616889246,0.0,0.0,-0.042185194,0.0057,0.0,0.0,0.0,0.056554203,0.0,0.0,-0.016894692,0.06829963055797483,0.06829963055797483,1.523578536,0.616889246,-0.042185194,0.0057,0.0,-0.016894692,0.056554203,0.0682996305579748
2023-03-03,-0.07561437,0.0,-0.08665929,1.991567061,0.0,0.042185194,0.0,0.0057,0.0,0.0,0.0,0.056554203,0.0,0.0,-0.016894692,0.06829963055797483,0.06829963055797483,-0.08665929,1.991567061,0.042185194,0.0057,0.0,-0.016894692,0.056554203,0.0682996305579748
2023-03-06,0.07561437,0.0,-0.523475442,0.962447277,0.0,0.0,-0.253378514,0.0057,0.0,0.0,0.0,0.056554203,0.0,0.0,-0.016894692,0.06829963055797483,0.06829963055797483,-0.523475442,0.962447277,-0.253378514,0.0057,0.0,-0.016894692,0.056554203,0.0682996305579748
2023-03-07,-0.227014853,0.123872582,0.0,0.0,-3.725722348,0.0,-0.04229224,0.0057,0.0,0.0,0.0,0.056554203,0.0,0.0,-0.016894692,0.06829963055797483,0.06829963055797483,0.123872582,-3.725722348,-0.04229224,0.0057,0.0,-0.016894692,0.056554203,0.0682996305579748
2023-03-08,-0.227531384,0.0,-0.503217673,0.0,-1.155781972,0.295670754,0.0,0.0057,0.0,0.0,0.0,0.056554203,0.0,0.0,-0.016894692,0.06829963055797483,0.06829963055797483,-0.503217673,-1.155781972,0.295670754,0.0057,0.0,-0.016894692,0.056554203,0.0682996305579748
2023-03-09,0.0,2.100703397,0.0,0.0,-1.261846396,0.0,-0.126609006,0.0057,0.0,0.0,0.0,0.056554203,0.0,0.0,-0.016894692,0.06829963055797483,0.06829963055797483,2.100703397,-1.261846396,-0.126609006,0.0057,0.0,-0.016894692,0.056554203,0.0682996305579748
2023-03-10,0.0,0.0,-0.007614914,1.248783892,0.0,0.0,-0.084495147,0.0057,0.0,0.0,0.0,0.056554203,0.0,0.0,-0.016894692,0.06829963055797483,0.06829963055797483,-0.007614914,1.248783892,-0.084495147,0.0057,0.0,-0.016894692,0.056554203,0.0682996305579748
2023-03-13,0.6810469,0.0,-0.341362347,0.0,-2.473180343,0.0,-0.38111416,0.0057,0.0,0.0,0.0,0.056554203,0.0,0.0,-0.016894692,0.06829963055797483,0.06829963055797483,-0.341362347,-2.473180343,-0.38111416,0.0057,0.0,-0.016894692,0.056554203,0.0682996305579748
2023-03-14,-0.226500663,0.224209993,0.0,0.0,-4.800043859,0.0,0.0,0.0057,0.0,0.0,0.0,0.056554203,0.0,0.0,-0.016894692,0.06829963055797483,0.06829963055797483,0.224209993,-4.800043859,0.0,0.0057,0.0,-0.016894692,0.056554203,0.0682996305579748
2023-03-15,-0.30280114,0.262687173,0.0,0.0,-5.48636421,0.0,-0.021215657,0.0057,0.0,0.0,0.0,0.056554203,0.0,0.0,-0.016894692,0.06829963055797483,0.06829963055797483,0.262687173,-5.48636421,-0.021215657,0.0057,0.0,-0.016894692,0.056554203,0.0682996305579748
2023-03-16,0.529301803,0.388007374,0.0,1.136292016,0.0,0.0,-0.021220159,0.0057,0.0,0.0,0.0,0.056554203,0.0,0.0,-0.016894692,0.06829963055797483,0.06829963055797483,0.388007374,1.136292016,-0.021220159,0.0057,0.0,-0.016894692,0.056554203,0.0682996305579748
2023-03-17,0.225988797,0.0,-0.26356722,0.0,-2.285644172,0.042435816,0.0,0.0057,0.0,0.0,0.0,0.056554203,0.0,0.0,-0.016894692,0.06829963055797483,0.06829963055797483,-0.26356722,-2.285644172,0.042435816,0.0057,0.0,-0.016894692,0.056554203,0.0682996305579748
2023-03-20,0.674918197,0.0,-1.093898121,1.416137551,0.0,0.0,0.0,0.0057,0.0,0.0,0.0,0.056554203,0.0,0.0,-0.016894692,0.06829963055797483,0.06829963055797483,-1.093898121,1.416137551,0.0,0.0057,0.0,-0.016894692,0.056554203,0.0682996305579748
2023-03-21,-0.449438959,0.0,-1.263333298,2.687077557,0.0,0.0,0.0,0.0057,0.0,0.0,0.0,0.056554203,0.0,0.0,-0.016894692,0.06829963055797483,0.06829963055797483,-1.263333298,2.687077557,0.0,0.0057,0.0,-0.016894692,0.056554203,0.0682996305579748
2023-03-22,-0.225479239,0.679045749,0.0,1.87001381,0.0,0.0,-0.25488544,0.0057,0.0,0.0,0.0,0.056554203,0.0,0.0,-0.016894692,0.06829963055797483,0.06829963055797483,0.679045749,1.87001381,-0.25488544,0.0057,0.0,-0.016894692,0.056554203,0.0682996305579748
2023-03-23,0.150375968,0.0,-0.049247528,0.0,-1.338288767,0.0,-0.085106388,0.0057,0.0,0.0,0.0,0.056554203,0.0,0.0,-0.016894692,0.06829963055797483,0.06829963055797483,-0.049247528,-1.338288767,-0.085106388,0.0057,0.0,-0.016894692,0.056554203,0.0682996305579748
2023-03-24,0.150150178,1.130422183,0.0,0.0,-0.791427974,0.085106388,0.0,0.0057,0.0,0.0,0.0,0.056554203,0.0,0.0,-0.016894692,0.06829963055797483,0.06829963055797483,1.130422183,-0.791427974,0.085106388,0.0057,0.0,-0.016894692,0.056554203,0.0682996305579748
2023-03-27,0.0,0.064920189,0.0,5.138719347,0.0,0.0,-0.04254414,0.0057,0.0,0.0,0.0,0.056554203,0.0,0.0,-0.016894692,0.06829963055797483,0.06829963055797483,0.064920189,5.138719347,-0.04254414,0.0057,0.0,-0.016894692,0.056554203,0.0682996305579748
2023-03-28,-0.300526147,0.740726519,0.0,0.342489546,0.0,0.0,-0.085142619,0.0057,0.0,0.0,0.0,0.056554203,0.0,0.0,-0.016894692,0.06829963055797483,0.06829963055797483,0.740726519,0.342489546,-0.085142619,0.0057,0.0,-0.016894692,0.056554203,0.0682996305579748
2023-03-29,0.0,0.0,-0.03695369,0.0,-0.232765218,0.0,0.0,0.0057,0.0,0.0,0.0,0.056554203,0.0,0.0,-0.016894692,0.06829963055797483,0.06829963055797483,-0.03695369,-0.232765218,0.0,0.0057,0.0,-0.016894692,0.056554203,0.0682996305579748
2023-03-30,-0.225988797,0.580204793,0.0,1.860581954,0.0,0.0,-0.04259851,0.0057,0.0,0.0,0.0,0.056554203,0.0,0.0,-0.016894692,0.06829963055797483,0.06829963055797483,0.580204793,1.860581954,-0.04259851,0.0057,0.0,-0.016894692,0.056554203,0.0682996305579748
2023-03-31,0.225988797,0.0,-0.12445083,1.813383024,0.0,0.0,-0.085251497,0.005,0.0,0.0,0.0,0.0,-0.05641894,0.0,-0.012596797,0.06829963055797483,0.06829963055797483,-0.12445083,1.813383024,-0.085251497,0.005,0.0,-0.012596797,-0.05641894,0.0682996305579748
2023-04-03,0.0,1.376333978,0.0,6.050025144,0.0,0.085251497,0.0,0.005,0.0,0.0,0.0,0.0,-0.05641894,0.0,-0.012596797,0.15109469745171333,0.15109469745171333,1.376333978,6.050025144,0.085251497,0.005,0.0,-0.012596797,-0.05641894,0.1510946974517133
2023-04-04,0.225479239,0.618726029,0.0,0.372439909,0.0,0.0,-0.042616664,0.005,0.0,0.0,0.0,0.0,-0.05641894,0.0,-0.012596797,0.15109469745171333,0.15109469745171333,0.618726029,0.372439909,-0.042616664,0.005,0.0,-0.012596797,-0.05641894,0.1510946974517133
2023-04-05,-0.075103271,0.0,-0.212921642,0.0,-0.012392342,0.021310602,0.0,0.005,0.0,0.0,0.0,0.0,-0.05641894,0.0,-0.012596797,0.15109469745171333,0.15109469745171333,-0.212921642,-0.012392342,0.021310602,0.005,0.0,-0.012596797,-0.05641894,0.1510946974517133
2023-04-06,-0.075159718,0.389395265,0.0,0.012392342,0.0,0.0,-0.059681134,0.005,0.0,0.0,0.0,0.0,-0.05641894,0.0,-0.012596797,0.15109469745171333,0.15109469745171333,0.389395265,0.012392342,-0.059681134,0.005,0.0,-0.012596797,-0.05641894,0.1510946974517133
2023-04-07,-0.07521625,0.0,-1.130742288,0.0,0.0,0.0,-0.038385261,0.005,0.0,0.0,0.0,0.0,-0.05641894,0.0,-0.012596797,0.15109469745171333,0.15109469745171333,-1.130742288,0.0,-0.038385261,0.005,0.0,-0.012596797,-0.05641894,0.1510946974517133
2023-04-10,0.0,0.258281222,0.0,0.0,-1.134039196,0.0,-0.008532059,0.005,0.0,0.0,0.0,0.0,-0.05641894,0.0,-0.012596797,0.15109469745171333,0.15109469745171333,0.258281222,-1.134039196,-0.008532059,0.005,0.0,-0.012596797,-0.05641894,0.1510946974517133
2023-04-11,-0.075272868,0.0,-0.956264597,2.169551407,0.0,0.021328783,0.0,0.005,0.0,0.0,0.0,0.0,-0.05641894,0.0,-0.012596797,0.15109469745171333,0.15109469745171333,-0.956264597,2.169551407,0.021328783,0.005,0.0,-0.012596797,-0.05641894,0.1510946974517133
2023-04-12,0.0,0.746520268,0.0,2.087454438,0.0,0.0,-0.012796724,0.005,0.0,0.0,0.0,0.0,-0.05641894,0.0,-0.012596797,0.15109469745171333,0.15109469745171333,0.746520268,2.087454438,-0.012796724,0.005,0.0,-0.012596797,-0.05641894,0.1510946974517133
2023-04-13,0.150489118,0.0,-0.060674799,0.0,-1.329967615,0.0,-0.008532059,0.005,0.0,0.0,0.0,0.0,-0.05641894,0.0,-0.012596797,0.15109469745171333,0.15109469745171333,-0.060674799,-1.329967615,-0.008532059,0.005,0.0,-0.012596797,-0.05641894,0.1510946974517133
2023-04-14,0.0,0.0,-0.350767605,0.509895484,0.0,0.0,0.0,0.005,0.0,0.0,0.0,0.0,-0.05641894,0.0,-0.012596797,0.15109469745171333,0.15109469745171333,-0.350767605,0.509895484,0.0,0.005,0.0,-0.012596797,-0.05641894,0.1510946974517133
2023-04-17,0.150262988,0.0,-1.341403002,0.0,-2.018293695,0.191795477,0.0,0.005,0.0,0.0,0.0,0.0,-0.05641894,0.0,-0.012596797,0.15109469745171333,0.15109469745171333,-1.341403002,-2.018293695,0.191795477,0.005,0.0,-0.012596797,-0.05641894,0.1510946974517133
2023-04-18,-0.150262988,0.271239331,0.0,0.0,-0.098899748,0.0851245,0.0,0.005,0.0,0.0,0.0,0.0,-0.05641894,0.0,-0.012596797,0.15109469745171333,0.15109469745171333,0.271239331,-0.098899748,0.0851245,0.005,0.0,-0.012596797,-0.05641894,0.1510946974517133
2023-04-19,-0.225818688,0.192077571,0.0,0.0,-2.087184435,0.025523226,0.0,0.005,0.0,0.0,0.0,0.0,-0.05641894,0.0,-0.012596797,0.15109469745171333,0.15109469745171333,0.192077571,-2.087184435,0.025523226,0.005,0.0,-0.012596797,-0.05641894,0.1510946974517133
2023-04-20,0.07532957,0.0,-0.745769385,0.0,-2.441795973,0.0,-0.097874431,0.005,0.0,0.0,0.0,0.0,-0.05641894,0.0,-0.012596797,0.15109469745171333,0.15109469745171333,-0.745769385,-2.441795973,-0.097874431,0.005,0.0,-0.012596797,-0.05641894,0.1510946974517133
2023-04-21,-0.07532957,0.007618612,0.0,0.760656024,0.0,0.0,-0.012773295,0.005,0.0,0.0,0.0,0.0,-0.05641894,0.0,-0.012596797,0.15109469745171333,0.15109469745171333,0.007618612,0.760656024,-0.012773295,0.005,0.0,-0.012596797,-0.05641894,0.1510946974517133
2023-04-24,0.07532957,0.0,-0.460060562,0.996813366,0.0,0.038314992,0.0,0.005,0.0,0.0,0.0,0.0,-0.05641894,0.0,-0.012596797,0.15109469745171333,0.15109469745171333,-0.460060562,0.996813366,0.038314992,0.005,0.0,-0.012596797,-0.05641894,0.1510946974517133
2023-04-25,0.075272868,0.056428283,0.0,0.0,-2.042591407,0.0,-0.089424495,0.005,0.0,0.0,0.0,0.0,-0.05641894,0.0,-0.012596797,0.15109469745171333,0.15109469745171333,0.056428283,-2.042591407,-0.089424495,0.005,0.0,-0.012596797,-0.05641894,0.1510946974517133
2023-04-26,0.150375968,0.0,-1.139495668,0.0,-3.593992303,0.0,-0.03408752,0.005,0.0,0.0,0.0,0.0,-0.05641894,0.0,-0.012596797,0.15109469745171333,0.15109469745171333,-1.139495668,-3.593992303,-0.03408752,0.005,0.0,-0.012596797,-0.05641894,0.1510946974517133
2023-04-27,0.0,0.710224098,0.0,0.590209627,0.0,0.0,-0.08526967,0.005,0.0,0.0,0.0,0.0,-0.05641894,0.0,-0.012596797,0.15109469745171333,0.15109469745171333,0.710224098,0.590209627,-0.08526967,0.005,0.0,-0.012596797,-0.05641894,0.1510946974517133
2023-04-28,0.075103271,0.170779487,0.0,2.652745456,0.0,0.021324235,0.0,0.005,0.0,0.0,0.0,0.0,-0.05641894,0.0,-0.012596797,0.15109469745171333,0.15109469745171333,0.170779487,2.652745456,0.021324235,0.005,0.0,-0.012596797,-0.05641894,0.1510946974517133
2023-05-01,0.0,0.0,0.0,0.0,-1.482674934,0.0,0.0,0.0,-0.0025,0.0,0.0,0.085862468,0.0,0.014663958,0.0,0.15109469745171333,0.15109469745171333,0.0,-1.482674934,0.0,-0.0025,0.0,0.014663958,0.085862468,0.1510946974517133
2023-05-02,0.0,0.0,0.0,0.0,-5.348723234,0.0,0.0,0.0,-0.0025,0.0,0.0,0.085862468,0.0,0.014663958,0.0,0.15109469745171333,0.15109469745171333,0.0,-5.348723234,0.0,-0.0025,0.0,0.014663958,0.085862468,0.1510946974517133
2023-05-03,-0.075103271,0.0,0.0,0.0,-4.404617046,0.0,0.0,0.0,-0.0025,0.0,0.0,0.085862468,0.0,0.014663958,0.0,0.15109469745171333,0.15109469745171333,0.0,-4.404617046,0.0,-0.0025,0.0,0.014663958,0.085862468,0.1510946974517133
2023-05-04,0.075103271,0.275701154,0.0,0.0,-0.145836397,0.0,-0.021324235,0.0,-0.0025,0.0,0.0,0.085862468,0.0,0.014663958,0.0,0.15109469745171333,0.15109469745171333,0.275701154,-0.145836397,-0.021324235,-0.0025,0.0,0.014663958,0.085862468,0.1510946974517133
2023-05-05,-0.150262988,0.0,-0.568507454,4.005111954,0.0,0.0,-0.021328783,0.0,-0.0025,0.0,0.0,0.085862468,0.0,0.014663958,0.0,0.15109469745171333,0.15109469745171333,-0.568507454,4.005111954,-0.021328783,-0.0025,0.0,0.014663958,0.085862468,0.1510946974517133
2023-05-08,0.0,0.318685597,0.0,2.506188629,0.0,0.012797816,0.0,0.0,-0.0025,0.0,0.0,0.085862468,0.0,0.014663958,0.0,0.15109469745171333,0.15109469745171333,0.318685597,2.506188629,0.012797816,-0.0025,0.0,0.014663958,0.085862468,0.1510946974517133
2023-05-09,0.150262988,1.141584489,0.0,0.749271266,0.0,0.072490036,0.0,0.0,-0.0025,0.0,0.0,0.085862468,0.0,0.014663958,0.0,0.15109469745171333,0.15109469745171333,1.141584489,0.749271266,0.072490036,-0.0025,0.0,0.014663958,0.085862468,0.1510946974517133
2023-05-10,-0.150262988,0.018948007,0.0,0.0,-1.573112257,0.021310602,0.0,0.0,-0.0025,0.0,0.0,0.085862468,0.0,0.014663958,0.0,0.15109469745171333,0.15109469745171333,0.018948007,-1.573112257,0.021310602,-0.0025,0.0,0.014663958,0.085862468,0.1510946974517133
2023-05-11,0.225309896,0.484793306,0.0,0.0,-2.400003571,0.0,0.0,0.0,-0.0025,0.0,0.0,0.085862468,0.0,0.014663958,0.0,0.15109469745171333,0.15109469745171333,0.484793306,-2.400003571,0.0,-0.0025,0.0,0.014663958,0.085862468,0.1510946974517133
2023-05-12,-0.150150178,0.0,-0.287946575,0.0,-1.121931814,0.0,-0.063945435,0.0,-0.0025,0.0,0.0,0.085862468,0.0,0.014663958,0.0,0.15109469745171333,0.15109469745171333,-0.287946575,-1.121931814,-0.063945435,-0.0025,0.0,0.014663958,0.085862468,0.1510946974517133
2023-05-15,0.150150178,1.605646635,0.0,1.488439131,0.0,0.034109321,0.0,0.0,-0.0025,0.0,0.0,0.085862468,0.0,0.014663958,0.0,0.15109469745171333,0.15109469745171333,1.605646635,1.488439131,0.034109321,-0.0025,0.0,0.014663958,0.085862468,0.1510946974517133
2023-05-16,-0.150150178,0.0,-0.588805105,0.0,-0.31003407,0.0,-0.034109321,0.0,-0.0025,0.0,0.0,0.085862468,0.0,0.014663958,0.0,0.15109469745171333,0.15109469745171333,-0.588805105,-0.31003407,-0.034109321,-0.0025,0.0,0.014663958,0.085862468,0.1510946974517133
2023-05-17,-0.075159718,0.0,-0.209857767,2.687622605,0.0,0.0,0.0,0.0,-0.0025,0.0,0.0,0.085862468,0.0,0.014663958,0.0,0.15109469745171333,0.15109469745171333,-0.209857767,2.687622605,0.0,-0.0025,0.0,0.014663958,0.085862468,0.1510946974517133
2023-05-18,0.075159718,0.0,-0.245078599,0.0,-1.327820339,0.0,0.0,0.0,-0.0025,0.0,0.0,0.085862468,0.0,0.014663958,0.0,0.15109469745171333,0.15109469745171333,-0.245078599,-1.327820339,0.0,-0.0025,0.0,0.014663958,0.085862468,0.1510946974517133
2023-05-19,0.150150178,0.606434544,0.0,0.0,-0.348699705,0.042634833,0.0,0.0,-0.0025,0.0,0.0,0.085862468,0.0,0.014663958,0.0,0.15109469745171333,0.15109469745171333,0.606434544,-0.348699705,0.042634833,-0.0025,0.0,0.014663958,0.085862468,0.1510946974517133
2023-05-22,-0.075046908,0.0,-0.262930278,0.334775037,0.0,0.0,-0.093820639,0.0,-0.0025,0.0,0.0,0.085862468,0.0,0.014663958,0.0,0.15109469745171333,0.15109469745171333,-0.262930278,0.334775037,-0.093820639,-0.0025,0.0,0.014663958,0.085862468,0.1510946974517133
2023-05-23,-0.075103271,0.541945973,0.0,1.465328956,0.0,0.136437303,0.0,0.0,-0.0025,0.0,0.0,0.085862468,0.0,0.014663958,0.0,0.15109469745171333,0.15109469745171333,0.541945973,1.465328956,0.136437303,-0.0025,0.0,0.014663958,0.085862468,0.1510946974517133
2023-05-24,-0.075159718,0.0,-0.372505974,2.037560303,0.0,0.0,0.0,0.0,-0.0025,0.0,0.0,0.085862468,0.0,0.014663958,0.0,0.15109469745171333,0.15109469745171333,-0.372505974,2.037560303,0.0,-0.0025,0.0,0.014663958,0.085862468,0.1510946974517133
2023-05-25,0.0,0.0,-0.666306262,0.0,-3.684086605,0.0,0.0,0.0,-0.0025,0.0,0.0,0.085862468,0.0,0.014663958,0.0,0.15109469745171333,0.15109469745171333,-0.666306262,-3.684086605,0.0,-0.0025,0.0,0.014663958,0.085862468,0.1510946974517133
2023-05-26,-0.07521625,0.489370573,0.0,0.930368441,0.0,0.021301523,0.0,0.0,-0.0025,0.0,0.0,0.085862468,0.0,0.014663958,0.0,0.15109469745171333,0.15109469745171333,0.489370573,0.930368441,0.021301523,-0.0025,0.0,0.014663958,0.085862468,0.1510946974517133
2023-05-29,-0.075272868,0.009369525,0.0,0.0,0.0,0.0,-0.042607585,0.0,-0.0025,0.0,0.0,0.085862468,0.0,0.014663958,0.0,0.15109469745171333,0.15109469745171333,0.009369525,0.0,-0.042607585,-0.0025,0.0,0.014663958,0.085862468,0.1510946974517133
2023-05-30,0.0,1.069827925,0.0,0.0,-4.090838388,0.063904571,0.0,0.0,-0.0025,0.0,0.0,0.085862468,0.0,0.014663958,0.0,0.15109469745171333,0.15109469745171333,1.069827925,-4.090838388,0.063904571,-0.0025,0.0,0.014663958,0.085862468,0.1510946974517133
2023-05-31,0.075272868,0.0,-0.039866309,0.0,-1.948302395,0.021292452,0.0,0.0,-0.0038,0.0,-0.005,0.003067392,0.0,0.0,-0.006110587,0.15109469745171333,0.15109469745171333,-0.039866309,-1.948302395,0.021292452,-0.0038,-0.005,-0.006110587,0.003067392,0.1510946974517133
2023-06-01,-0.075272868,0.0,-0.196782851,2.865608526,0.0,0.0,0.0,0.0,-0.0038,0.0,-0.005,0.003067392,0.0,0.0,-0.006110587,0.15109469745171333,0.15109469745171333,-0.196782851,2.865608526,0.0,-0.0038,-0.005,-0.006110587,0.003067392,0.1510946974517133
2023-06-02,0.075272868,0.733180478,0.0,2.354708724,0.0,0.0,-0.042589438,0.0,-0.0038,0.0,-0.005,0.003067392,0.0,0.0,-0.006110587,0.15109469745171333,0.15109469745171333,0.733180478,2.354708724,-0.042589438,-0.0038,-0.005,-0.006110587,0.003067392,0.1510946974517133
2023-06-05,0.150375968,1.465881705,0.0,0.528145772,0.0,0.085160746,0.0,0.0,-0.0038,0.0,-0.005,0.003067392,0.0,0.0,-0.006110587,0.15109469745171333,0.15109469745171333,1.465881705,0.528145772,0.085160746,-0.0038,-0.005,-0.006110587,0.003067392,0.1510946974517133
2023-06-06,-0.225648836,0.0,-0.019089261,0.0,-0.597846758,0.0,-0.042571308,0.0,-0.0038,0.0,-0.005,0.003067392,0.0,0.0,-0.006110587,0.15109469745171333,0.15109469745171333,-0.019089261,-0.597846758,-0.042571308,-0.0038,-0.005,-0.006110587,0.003067392,0.1510946974517133
2023-06-07,0.075272868,1.056230034,0.0,1.123217799,0.0,0.0,0.0,0.0,-0.0038,0.0,-0.005,0.003067392,0.0,0.0,-0.006110587,0.15109469745171333,0.15109469745171333,1.056230034,1.123217799,0.0,-0.0038,-0.005,-0.006110587,0.003067392,0.1510946974517133
2023-06-08,-0.075272868,0.017089943,0.0,0.0,-1.724660272,0.021287919,0.0,0.0,-0.0038,0.0,-0.005,0.003067392,0.0,0.0,-0.006110587,0.15109469745171333,0.15109469745171333,0.017089943,-1.724660272,0.021287919,-0.0038,-0.005,-0.006110587,0.003067392,0.1510946974517133
2023-06-09,0.150489118,0.0,-0.790082531,0.0,-1.58374351,0.0,-0.085178881,0.0,-0.0038,0.0,-0.005,0.003067392,0.0,0.0,-0.006110587,0.15109469745171333,0.15109469745171333,-0.790082531,-1.58374351,-0.085178881,-0.0038,-0.005,-0.006110587,0.003067392,0.1510946974517133
2023-06-12,0.0,0.646075882,0.0,0.0,-4.489241111,0.04259851,0.0,0.0,-0.0038,0.0,-0.005,0.003067392,0.0,0.0,-0.006110587,0.15109469745171333,0.15109469745171333,0.646075882,-4.489241111,0.04259851,-0.0038,-0.005,-0.006110587,0.003067392,0.1510946974517133
2023-06-13,0.0,0.643718359,0.0,3.385682796,0.0,0.063863759,0.0,0.0,-0.0038,0.0,-0.005,0.003067392,0.0,0.0,-0.006110587,0.15109469745171333,0.15109469745171333,0.643718359,3.385682796,0.063863759,-0.0038,-0.005,-0.006110587,0.003067392,0.1510946974517133
2023-06-14,0.075159718,0.636044232,0.0,0.0,-1.700498792,0.02127886,0.0,0.0,-0.0038,0.0,-0.005,0.003067392,0.0,0.0,-0.006110587,0.15109469745171333,0.15109469745171333,0.636044232,-1.700498792,0.02127886,-0.0038,-0.005,-0.006110587,0.003067392,0.1510946974517133
2023-06-15,0.0,0.0,-0.669161409,3.443400054,0.0,0.106326432,0.0,0.0,-0.0038,0.0,-0.005,0.003067392,0.0,0.0,-0.006110587,0.15109469745171333,0.15109469745171333,-0.669161409,3.443400054,0.106326432,-0.0038,-0.005,-0.006110587,0.003067392,0.1510946974517133
2023-06-16,0.0,0.434126936,0.0,1.685196459,0.0,0.0,-0.021256244,0.0,-0.0038,0.0,-0.005,0.003067392,0.0,0.0,-0.006110587,0.15109469745171333,0.15109469745171333,0.434126936,1.685196459,-0.021256244,-0.0038,-0.005,-0.006110587,0.003067392,0.1510946974517133
2023-06-19,-0.150375968,0.0,-0.557741882,0.0,0.0,0.0,0.0,0.0,-0.0038,0.0,-0.005,0.003067392,0.0,0.0,-0.006110587,0.15109469745171333,0.15109469745171333,-0.557741882,0.0,0.0,-0.0038,-0.005,-0.006110587,0.003067392,0.1510946974517133
2023-06-20,0.07521625,0.0,-0.894024672,0.0,-1.218929278,0.0,0.0,0.0,-0.0038,0.0,-0.005,0.003067392,0.0,0.0,-0.006110587,0.15109469745171333,0.15109469745171333,-0.894024672,-1.218929278,0.0,-0.0038,-0.005,-0.006110587,0.003067392,0.1510946974517133
2023-06-21,-0.150489118,0.62926175,0.0,2.244152998,0.0,0.0,-0.063795855,0.0,-0.0038,0.0,-0.005,0.003067392,0.0,0.0,-0.006110587,0.15109469745171333,0.15109469745171333,0.62926175,2.244152998,-0.063795855,-0.0038,-0.005,-0.006110587,0.003067392,0.1510946974517133
2023-06-22,0.075272868,1.204155795,0.0,0.0,-4.698614112,0.042535092,0.0,0.0,-0.0038,0.0,-0.005,0.003067392,0.0,0.0,-0.006110587,0.15109469745171333,0.15109469745171333,1.204155795,-4.698614112,0.042535092,-0.0038,-0.005,-0.006110587,0.003067392,0.1510946974517133
2023-06-23,0.0,0.016869321,0.0,0.0,-0.448853284,0.0,0.0,0.0,-0.0038,0.0,-0.005,0.003067392,0.0,0.0,-0.006110587,0.15109469745171333,0.15109469745171333,0.016869321,-0.448853284,0.0,-0.0038,-0.005,-0.006110587,0.003067392,0.1510946974517133
2023-06-26,-0.075272868,0.326172026,0.0,0.260869713,0.0,0.063768734,0.0,0.0,-0.0038,0.0,-0.005,0.003067392,0.0,0.0,-0.006110587,0.15109469745171333,0.15109469745171333,0.326172026,0.260869713,0.063768734,-0.0038,-0.005,-0.006110587,0.003067392,0.1510946974517133
2023-06-27,-0.07532957,0.394766987,0.0,0.0,-2.06192872,0.0,-0.042507971,0.0,-0.0038,0.0,-0.005,0.003067392,0.0,0.0,-0.006110587,0.15109469745171333,0.15109469745171333,0.394766987,-2.06192872,-0.042507971,-0.0038,-0.005,-0.006110587,0.003067392,0.1510946974517133
2023-06-28,0.07532957,0.231541704,0.0,2.711141128,0.0,0.148698912,0.0,0.0,-0.0038,0.0,-0.005,0.003067392,0.0,0.0,-0.006110587,0.15109469745171333,0.15109469745171333,0.231541704,2.711141128,0.148698912,-0.0038,-0.005,-0.006110587,0.003067392,0.1510946974517133
2023-06-29,0.075272868,0.196784742,0.0,0.444795912,0.0,0.059417708,0.0,0.0,-0.0038,0.0,-0.005,0.003067392,0.0,0.0,-0.006110587,0.15109469745171333,0.15109469745171333,0.196784742,0.444795912,0.059417708,-0.0038,-0.005,-0.006110587,0.003067392,0.1510946974517133
2023-06-30,-0.150602438,0.0,-1.335874123,1.152955623,0.0,0.025453929,0.0,0.0001,0.0,0.0,-0.005,0.0,-0.013799552,0.0,-0.000588567,0.15109469745171333,0.15109469745171333,-1.335874123,1.152955623,0.025453929,0.0001,-0.005,-0.000588567,-0.013799552,0.1510946974517133
2023-07-03,0.07532957,0.11111853,0.0,0.0,-1.353586243,0.507615303,0.0,0.0001,0.0,0.0,-0.005,0.0,-0.013799552,0.0,-0.000588567,0.1974404116187749,0.1974404116187749,0.11111853,-1.353586243,0.507615303,0.0001,-0.005,-0.000588567,-0.013799552,0.1974404116187749
2023-07-04,0.150489118,0.138502948,0.0,0.0,0.0,0.021099272,0.0,0.0001,0.0,0.0,-0.005,0.0,-0.013799552,0.0,-0.000588567,0.1974404116187749,0.1974404116187749,0.138502948,0.0,0.021099272,0.0001,-0.005,-0.000588567,-0.013799552,0.1974404116187749
2023-07-05,-0.225818688,0.841970739,0.0,2.926210622,0.0,0.189693386,0.0,0.0001,0.0,0.0,-0.005,0.0,-0.013799552,0.0,-0.000588567,0.1974404116187749,0.1974404116187749,0.841970739,2.926210622,0.189693386,0.0001,-0.005,-0.000588567,-0.013799552,0.1974404116187749
2023-07-06,0.150602438,0.0,-0.25899219,0.0,-0.027866797,0.0,-0.147508192,0.0001,0.0,0.0,-0.005,0.0,-0.013799552,0.0,-0.000588567,0.1974404116187749,0.1974404116187749,-0.25899219,-0.027866797,-0.147508192,0.0001,-0.005,-0.000588567,-0.013799552,0.1974404116187749
2023-07-07,0.0,0.0,-0.772136232,2.952091905,0.0,0.0,-0.316823583,0.0001,0.0,0.0,-0.005,0.0,-0.013799552,0.0,-0.000588567,0.1974404116187749,0.1974404116187749,-0.772136232,2.952091905,-0.316823583,0.0001,-0.005,-0.000588567,-0.013799552,0.1974404116187749
2023-07-10,0.07521625,1.554986152,0.0,0.0,-1.17039986,0.021152829,0.0,0.0001,0.0,0.0,-0.005,0.0,-0.013799552,0.0,-0.000588567,0.1974404116187749,0.1974404116187749,1.554986152,-1.17039986,0.021152829,0.0001,-0.005,-0.000588567,-0.013799552,0.1974404116187749
2023-07-11,0.150262988,0.742894939,0.0,2.460913805,0.0,0.211282563,0.0,0.0001,0.0,0.0,-0.005,0.0,-0.013799552,0.0,-0.000588567,0.1974404116187749,0.1974404116187749,0.742894939,2.460913805,0.211282563,0.0001,-0.005,-0.000588567,-0.013799552,0.1974404116187749
2023-07-12,0.0,0.281067199,0.0,1.19491597,0.0,0.0,-0.126715962,0.0001,0.0,0.0,-0.005,0.0,-0.013799552,0.0,-0.000588567,0.1974404116187749,0.1974404116187749,0.281067199,1.19491597,-0.126715962,0.0001,-0.005,-0.000588567,-0.013799552,0.1974404116187749
2023-07-13,0.224971973,0.476181088,0.0,1.428314919,0.0,0.021130481,0.0,0.0001,0.0,0.0,-0.005,0.0,-0.013799552,0.0,-0.000588567,0.1974404116187749,0.1974404116187749,0.476181088,1.428314919,0.021130481,0.0001,-0.005,-0.000588567,-0.013799552,0.1974404116187749
2023-07-14,-0.149925066,0.800320276,0.0,0.0,-1.864794681,0.0,-0.148007216,0.0001,0.0,0.0,-0.005,0.0,-0.013799552,0.0,-0.000588567,0.1974404116187749,0.1974404116187749,0.800320276,-1.864794681,-0.148007216,0.0001,-0.005,-0.000588567,-0.013799552,0.1974404116187749
2023-07-17,-0.075046908,0.217860357,0.0,0.0,-1.697788258,0.0,0.0,0.0001,0.0,0.0,-0.005,0.0,-0.013799552,0.0,-0.000588567,0.1974404116187749,0.1974404116187749,0.217860357,-1.697788258,0.0,0.0001,-0.005,-0.000588567,-0.013799552,0.1974404116187749
2023-07-18,0.0,0.126227106,0.0,2.121069313,0.0,0.021157305,0.0,0.0001,0.0,0.0,-0.005,0.0,-0.013799552,0.0,-0.000588567,0.1974404116187749,0.1974404116187749,0.126227106,2.121069313,0.021157305,0.0001,-0.005,-0.000588567,-0.013799552,0.1974404116187749
2023-07-19,0.0,0.363291803,0.0,0.0,-0.476317386,0.0,-0.021157305,0.0001,0.0,0.0,-0.005,0.0,-0.013799552,0.0,-0.000588567,0.1974404116187749,0.1974404116187749,0.363291803,-0.476317386,-0.021157305,0.0001,-0.005,-0.000588567,-0.013799552,0.1974404116187749
2023-07-20,0.0,0.0,-0.482691747,0.331016522,0.0,0.07191658,0.0,0.0001,0.0,0.0,-0.005,0.0,-0.013799552,0.0,-0.000588567,0.1974404116187749,0.1974404116187749,-0.482691747,0.331016522,0.07191658,0.0001,-0.005,-0.000588567,-0.013799552,0.1974404116187749
2023-07-21,-0.225479239,0.117695234,0.0,1.846689896,0.0,0.038052555,0.0,0.0001,0.0,0.0,-0.005,0.0,-0.013799552,0.0,-0.000588567,0.1974404116187749,0.1974404116187749,0.117695234,1.846689896,0.038052555,0.0001,-0.005,-0.000588567,-0.013799552,0.1974404116187749
2023-07-24,0.225479239,1.483138081,0.0,2.245555317,0.0,0.038038081,0.0,0.0001,0.0,0.0,-0.005,0.0,-0.013799552,0.0,-0.000588567,0.1974404116187749,0.1974404116187749,1.483138081,2.245555317,0.038038081,0.0001,-0.005,-0.000588567,-0.013799552,0.1974404116187749
2023-07-25,0.075046908,0.311086579,0.0,1.198223329,0.0,0.0,-0.042265428,0.0001,0.0,0.0,-0.005,0.0,-0.013799552,0.0,-0.000588567,0.1974404116187749,0.1974404116187749,0.311086579,1.198223329,-0.042265428,0.0001,-0.005,-0.000588567,-0.013799552,0.1974404116187749
2023-07-26,-0.075046908,0.087867953,0.0,0.0,-0.818283662,0.042265428,0.0,0.0001,0.0,0.0,-0.005,0.0,-0.013799552,0.0,-0.000588567,0.1974404116187749,0.1974404116187749,0.087867953,-0.818283662,0.042265428,0.0001,-0.005,-0.000588567,-0.013799552,0.1974404116187749
2023-07-27,0.224971973,0.516439144,0.0,1.331009102,0.0,0.0,-0.016904027,0.0001,0.0,0.0,-0.005,0.0,-0.013799552,0.0,-0.000588567,0.1974404116187749,0.1974404116187749,0.516439144,1.331009102,-0.016904027,0.0001,-0.005,-0.000588567,-0.013799552,0.1974404116187749
2023-07-28,-0.149925066,0.0,-0.36431735,0.472872957,0.0,0.101381329,0.0,0.0001,0.0,0.0,-0.005,0.0,-0.013799552,0.0,-0.000588567,0.1974404116187749,0.1974404116187749,-0.36431735,0.472872957,0.101381329,0.0001,-0.005,-0.000588567,-0.013799552,0.1974404116187749
2023-07-31,0.0,1.848640553,0.0,1.539913399,0.0,0.0,-0.021112636,0.0029,0.0,0.0,-0.005,0.0,-0.025622267,0.012892359,0.0,0.1974404116187749,0.1974404116187749,1.848640553,1.539913399,-0.021112636,0.0029,-0.005,0.012892359,-0.025622267,0.1974404116187749
2023-08-01,0.149925066,0.870216677,0.0,0.0,-0.52705889,0.0,0.0,0.0029,0.0,0.0,-0.005,0.0,-0.025622267,0.012892359,0.0,0.1974404116187749,0.1974404116187749,0.870216677,-0.52705889,0.0,0.0029,-0.005,0.012892359,-0.025622267,0.1974404116187749
2023-08-02,-0.224971973,0.0,-1.074580614,0.0,-2.324963305,0.231994199,0.0,0.0029,0.0,0.0,-0.005,0.0,-0.025622267,0.012892359,0.0,0.1974404116187749,0.1974404116187749,-1.074580614,-2.324963305,0.231994199,0.0029,-0.005,0.012892359,-0.025622267,0.1974404116187749
2023-08-03,0.0,0.210103077,0.0,2.558192405,0.0,0.063177848,0.0,0.0029,0.0,0.0,-0.005,0.0,-0.025622267,0.012892359,0.0,0.1974404116187749,0.1974404116187749,0.210103077,2.558192405,0.063177848,0.0029,-0.005,0.012892359,-0.025622267,0.1974404116187749
2023-08-04,0.0,0.0,-0.284072441,1.460590717,0.0,0.0,-0.105318598,0.0029,0.0,0.0,-0.005,0.0,-0.025622267,0.012892359,0.0,0.1974404116187749,0.1974404116187749,-0.284072441,1.460590717,-0.105318598,0.0029,-0.005,0.012892359,-0.025622267,0.1974404116187749
2023-08-07,0.2998503,1.374252552,0.0,0.0,-0.995758076,0.0,-0.021077037,0.0029,0.0,0.0,-0.005,0.0,-0.025622267,0.012892359,0.0,0.1974404116187749,0.1974404116187749,1.374252552,-0.995758076,-0.021077037,0.0029,-0.005,0.012892359,-0.025622267,0.1974404116187749
2023-08-08,-0.149812762,0.908198133,0.0,1.21301827,0.0,0.042149632,0.0,0.0029,0.0,0.0,-0.005,0.0,-0.025622267,0.012892359,0.0,0.1974404116187749,0.1974404116187749,0.908198133,1.21301827,0.042149632,0.0029,-0.005,0.012892359,-0.025622267,0.1974404116187749
2023-08-09,-0.07499063,0.0,-0.295368882,1.685735417,0.0,0.021068156,0.0,0.0029,0.0,0.0,-0.005,0.0,-0.025622267,0.012892359,0.0,0.1974404116187749,0.1974404116187749,-0.295368882,1.685735417,0.021068156,0.0029,-0.005,0.012892359,-0.025622267,0.1974404116187749
2023-08-10,0.07499063,0.0,-0.336672111,0.0,-1.842598195,0.021063718,0.0,0.0029,0.0,0.0,-0.005,0.0,-0.025622267,0.012892359,0.0,0.1974404116187749,0.1974404116187749,-0.336672111,-1.842598195,0.021063718,0.0029,-0.005,0.012892359,-0.025622267,0.1974404116187749
2023-08-11,0.299401421,0.0,-0.61571604,0.433787883,0.0,0.04211413,0.0,0.0029,0.0,0.0,-0.005,0.0,-0.025622267,0.012892359,0.0,0.1974404116187749,0.1974404116187749,-0.61571604,0.433787883,0.04211413,0.0029,-0.005,0.012892359,-0.025622267,0.1974404116187749
2023-08-14,0.0,0.666652915,0.0,0.0,-0.808841254,0.273310377,0.0,0.0029,0.0,0.0,-0.005,0.0,-0.025622267,0.012892359,0.0,0.1974404116187749,0.1974404116187749,0.666652915,-0.808841254,0.273310377,0.0029,-0.005,0.012892359,-0.025622267,0.1974404116187749
2023-08-15,0.149365226,0.184126421,0.0,0.0,-1.760867214,0.507615303,0.0,0.0029,0.0,0.0,-0.005,0.0,-0.025622267,0.012892359,0.0,0.1974404116187749,0.1974404116187749,0.184126421,-1.760867214,0.507615303,0.0029,-0.005,0.012892359,-0.025622267,0.1974404116187749
2023-08-16,-0.074654725,0.042752797,0.0,0.0,-2.069125295,0.0,-0.125260977,0.0029,0.0,0.0,-0.005,0.0,-0.025622267,0.012892359,0.0,0.1974404116187749,0.1974404116187749,0.042752797,-2.069125295,-0.125260977,0.0029,-0.005,0.012892359,-0.025622267,0.1974404116187749
2023-08-17,0.074654725,0.211880701,0.0,1.288887266,0.0,0.0,-0.355760551,0.0029,0.0,0.0,-0.005,0.0,-0.025622267,0.012892359,0.0,0.1974404116187749,0.1974404116187749,0.211880701,1.288887266,-0.355760551,0.0029,-0.005,0.012892359,-0.025622267,0.1974404116187749
2023-08-18,0.074599034,0.0,-1.260139772,1.014358029,0.0,0.0,-0.188857469,0.0029,0.0,0.0,-0.005,0.0,-0.025622267,0.012892359,0.0,0.1974404116187749,0.1974404116187749,-1.260139772,1.014358029,-0.188857469,0.0029,-0.005,0.012892359,-0.025622267,0.1974404116187749
2023-08-21,-0.149253759,0.0,-4.16111411,0.0,-0.666833787,0.0,0.0,0.0029,0.0,0.0,-0.005,0.0,-0.025622267,0.012892359,0.0,0.1974404116187749,0.1974404116187749,-4.16111411,-0.666833787,0.0,0.0029,-0.005,0.012892359,-0.025622267,0.1974404116187749
2023-08-22,0.149253759,0.585364219,0.0,0.0,-0.571572133,0.481928644,0.0,0.0029,0.0,0.0,-0.005,0.0,-0.025622267,0.012892359,0.0,0.1974404116187749,0.1974404116187749,0.585364219,-0.571572133,0.481928644,0.0029,-0.005,0.012892359,-0.025622267,0.1974404116187749
2023-08-23,0.372162692,0.760664702,0.0,0.0,-1.683879948,0.271370587,0.0,0.0029,0.0,0.0,-0.005,0.0,-0.025622267,0.012892359,0.0,0.1974404116187749,0.1974404116187749,0.760664702,-1.683879948,0.271370587,0.0029,-0.005,0.012892359,-0.025622267,0.1974404116187749
2023-08-24,0.074266621,0.0,-1.499926776,0.770059982,0.0,0.041684036,0.0,0.0029,0.0,0.0,-0.005,0.0,-0.025622267,0.012892359,0.0,0.1974404116187749,0.1974404116187749,-1.499926776,0.770059982,0.041684036,0.0029,-0.005,0.012892359,-0.025622267,0.1974404116187749
2023-08-25,0.0,1.166586137,0.0,1.187588181,0.0,0.120785537,0.0,0.0029,0.0,0.0,-0.005,0.0,-0.025622267,0.012892359,0.0,0.1974404116187749,0.1974404116187749,1.166586137,1.187588181,0.120785537,0.0029,-0.005,0.012892359,-0.025622267,0.1974404116187749
2023-08-28,0.222469502,0.036999353,0.0,0.223436041,0.0,0.232828976,0.0,0.0029,0.0,0.0,-0.005,0.0,-0.025622267,0.012892359,0.0,0.1974404116187749,0.1974404116187749,0.036999353,0.223436041,0.232828976,0.0029,-0.005,0.012892359,-0.025622267,0.1974404116187749
2023-08-29,0.074046653,1.279787576,0.0,0.605725321,0.0,0.414422475,0.0,0.0029,0.0,0.0,-0.005,0.0,-0.025622267,0.012892359,0.0,0.1974404116187749,0.1974404116187749,1.279787576,0.605725321,0.414422475,0.0029,-0.005,0.012892359,-0.025622267,0.1974404116187749
2023-08-30,-0.074046653,0.111993707,0.0,0.614328016,0.0,0.0,-0.289915299,0.0029,0.0,0.0,-0.005,0.0,-0.025622267,0.012892359,0.0,0.1974404116187749,0.1974404116187749,0.111993707,0.614328016,-0.289915299,0.0029,-0.005,0.012892359,-0.025622267,0.1974404116187749
2023-08-31,0.221975674,0.817476994,0.0,2.31259171,0.0,0.0,-0.207598165,0.005,0.0,0.0,0.0,0.024162676,0.0,0.0,-0.023858817,0.1974404116187749,0.1974404116187749,0.817476994,2.31259171,-0.207598165,0.005,0.0,-0.023858817,0.024162676,0.1974404116187749
2023-09-01,-0.147929021,0.0,0.0,2.330501168,0.0,0.0,0.0,0.005,0.0,0.0,0.0,0.024162676,0.0,0.0,-0.023858817,0.1974404116187749,0.1974404116187749,0.0,2.330501168,0.0,0.005,0.0,-0.023858817,0.024162676,0.1974404116187749
2023-09-04,0.0,0.0,0.0,0.0,0.0,0.0,0.0,0.005,0.0,0.0,0.0,0.024162676,0.0,0.0,-0.023858817,0.1974404116187749,0.1974404116187749,0.0,0.0,0.0,0.005,0.0,-0.023858817,0.024162676,0.1974404116187749
2023-09-05,0.295639535,1.260931217,0.0,1.416487169,0.0,0.0,-0.041571399,0.005,0.0,0.0,0.0,0.024162676,0.0,0.0,-0.023858817,0.1974404116187749,0.1974404116187749,1.260931217,1.416487169,-0.041571399,0.005,0.0,-0.023858817,0.024162676,0.1974404116187749
2023-09-06,0.073773519,0.456958462,0.0,0.929492032,0.0,0.02078786,0.0,0.005,0.0,0.0,0.0,0.024162676,0.0,0.0,-0.023858817,0.1974404116187749,0.1974404116187749,0.456958462,0.929492032,0.02078786,0.005,0.0,-0.023858817,0.024162676,0.1974404116187749
2023-09-07,0.368053415,0.952549057,0.0,0.0,-0.779731046,0.02078354,0.0,0.005,0.0,0.0,0.0,0.024162676,0.0,0.0,-0.023858817,0.1974404116187749,0.1974404116187749,0.952549057,-0.779731046,0.02078354,0.005,0.0,-0.023858817,0.024162676,0.1974404116187749
2023-09-08,0.0,0.0,-0.532276996,0.734032428,0.0,0.0,-0.02078354,0.005,0.0,0.0,0.0,0.024162676,0.0,0.0,-0.023858817,0.1974404116187749,0.1974404116187749,-0.532276996,0.734032428,-0.02078354,0.005,0.0,-0.023858817,0.024162676,0.1974404116187749
2023-09-11,0.220183575,0.657907667,0.0,0.0,-0.24026097,0.083108253,0.0,0.005,0.0,0.0,0.0,0.024162676,0.0,0.0,-0.023858817,0.1974404116187749,0.1974404116187749,0.657907667,-0.24026097,0.083108253,0.005,0.0,-0.023858817,0.024162676,0.1974404116187749
2023-09-12,-0.220183575,0.0,-1.882492103,1.78241649,0.0,0.103788281,0.0,0.005,0.0,0.0,0.0,0.024162676,0.0,0.0,-0.023858817,0.1974404116187749,0.1974404116187749,-1.882492103,1.78241649,0.103788281,0.005,0.0,-0.023858817,0.024162676,0.1974404116187749
2023-09-13,-0.14705885,1.759263498,0.0,0.0,-0.315564333,0.227955751,0.0,0.005,0.0,0.0,0.0,0.024162676,0.0,0.0,-0.023858817,0.1974404116187749,0.1974404116187749,1.759263498,-0.315564333,0.227955751,0.005,0.0,-0.023858817,0.024162676,0.1974404116187749
2023-09-14,-0.220994565,0.0,-0.864455573,1.723408814,0.0,0.268734012,0.0,0.005,0.0,0.0,0.0,0.024162676,0.0,0.0,-0.023858817,0.1974404116187749,0.1974404116187749,-0.864455573,1.723408814,0.268734012,0.005,0.0,-0.023858817,0.024162676,0.1974404116187749
2023-09-15,0.294551023,0.0,-0.75555879,0.773655495,0.0,0.123787926,0.0,0.005,0.0,0.0,0.0,0.024162676,0.0,0.0,-0.023858817,0.1974404116187749,0.1974404116187749,-0.75555879,0.773655495,0.123787926,0.005,0.0,-0.023858817,0.024162676,0.1974404116187749
2023-09-18,0.513385799,0.0,-0.266452793,0.702142215,0.0,0.493625025,0.0,0.005,0.0,0.0,0.0,0.024162676,0.0,0.0,-0.023858817,0.1974404116187749,0.1974404116187749,-0.266452793,0.702142215,0.493625025,0.005,0.0,-0.023858817,0.024162676,0.1974404116187749
2023-09-19,0.146198856,0.0,-0.789663174,0.0,-0.339484529,0.0,0.0,0.005,0.0,0.0,0.0,0.024162676,0.0,0.0,-0.023858817,0.1974404116187749,0.1974404116187749,-0.789663174,-0.339484529,0.0,0.005,0.0,-0.023858817,0.024162676,0.1974404116187749
2023-09-20,0.073019353,0.0,-0.268460959,0.0,-2.173516479,0.0,-0.41118479,0.005,0.0,0.0,0.0,0.024162676,0.0,0.0,-0.023858817,0.1974404116187749,0.1974404116187749,-0.268460959,-2.173516479,-0.41118479,0.005,0.0,-0.023858817,0.024162676,0.1974404116187749
2023-09-21,-0.21921821,1.155172326,0.0,0.402775214,0.0,0.164676859,0.0,0.005,0.0,0.0,0.0,0.024162676,0.0,0.0,-0.023858817,0.1974404116187749,0.1974404116187749,1.155172326,0.402775214,0.164676859,0.005,0.0,-0.023858817,0.024162676,0.1974404116187749
2023-09-22,0.0,0.0,-2.41733024,0.49008786,0.0,0.205465451,0.0,0.005,0.0,0.0,0.0,0.024162676,0.0,0.0,-0.023858817,0.1974404116187749,0.1974404116187749,-2.41733024,0.49008786,0.205465451,0.005,0.0,-0.023858817,0.024162676,0.1974404116187749
2023-09-25,-0.14641291,0.0,-0.578711619,0.0,-0.356189157,0.082068121,0.0,0.005,0.0,0.0,0.0,0.024162676,0.0,0.0,-0.023858817,0.1974404116187749,0.1974404116187749,-0.578711619,-0.356189157,0.082068121,0.005,0.0,-0.023858817,0.024162676,0.1974404116187749
2023-09-26,-0.220022091,0.0,-3.386158355,1.932587341,0.0,0.0,0.0,0.005,0.0,0.0,0.0,0.024162676,0.0,0.0,-0.023858817,0.1974404116187749,0.1974404116187749,-3.386158355,1.932587341,0.0,0.005,0.0,-0.023858817,0.024162676,0.1974404116187749
2023-09-27,0.0,0.0,-0.976128587,2.420431504,0.0,0.020506511,0.0,0.005,0.0,0.0,0.0,0.024162676,0.0,0.0,-0.023858817,0.1974404116187749,0.1974404116187749,-0.976128587,2.420431504,0.020506511,0.005,0.0,-0.023858817,0.024162676,0.1974404116187749
2023-09-28,0.073394499,1.219112548,0.0,0.0,-2.180099294,0.0,0.0,0.005,0.0,0.0,0.0,0.024162676,0.0,0.0,-0.023858817,0.1974404116187749,0.1974404116187749,1.219112548,-2.180099294,0.0,0.005,0.0,-0.023858817,0.024162676,0.1974404116187749
2023-09-29,0.073340671,0.347826438,0.0,0.0,-0.964813975,0.0,-0.431522297,0.005,0.0,0.0,0.0,0.024162676,0.0,0.0,-0.023858817,0.1974404116187749,0.1974404116187749,0.347826438,-0.964813975,-0.431522297,0.005,0.0,-0.023858817,0.024162676,0.1974404116187749
2023-10-02,0.0,0.0,-0.232615559,0.0,-2.182957827,0.246812137,0.0,0.0098,0.0,0.0,0.0,0.0,-0.005085944,0.018590524,0.0,0.23573946252818745,0.23573946252818745,-0.232615559,-2.182957827,0.246812137,0.0098,0.0,0.018590524,-0.005085944,0.2357394625281874
2023-10-03,0.0,0.0,-0.801422852,0.505420293,0.0,0.18471016,0.0,0.0098,0.0,0.0,0.0,0.0,-0.005085944,0.018590524,0.0,0.23573946252818745,0.23573946252818745,-0.801422852,0.505420293,0.18471016,0.0098,0.0,0.018590524,-0.005085944,0.2357394625281874
2023-10-04,-0.073340671,0.0,-3.484543154,0.0,-5.693437441,0.143427952,0.0,0.0098,0.0,0.0,0.0,0.0,-0.005085944,0.018590524,0.0,0.23573946252818745,0.23573946252818745,-3.484543154,-5.693437441,0.143427952,0.0098,0.0,0.018590524,-0.005085944,0.2357394625281874
2023-10-05,0.219860843,2.205728639,0.0,0.0,-2.424797711,0.0,-0.163934463,0.0098,0.0,0.0,0.0,0.0,-0.005085944,0.018590524,0.0,0.23573946252818745,0.23573946252818745,2.205728639,-2.424797711,-0.163934463,0.0098,0.0,0.018590524,-0.005085944,0.2357394625281874
2023-10-06,0.219378516,0.0,-1.429791286,0.641920693,0.0,0.0,-0.082068121,0.0098,0.0,0.0,0.0,0.0,-0.005085944,0.018590524,0.0,0.23573946252818745,0.23573946252818745,-1.429791286,0.641920693,-0.082068121,0.0098,0.0,0.018590524,-0.005085944,0.2357394625281874
2023-10-09,0.655262629,1.337818553,0.0,0.0,0.0,0.04104248,0.0,0.0098,0.0,0.0,0.0,0.0,-0.005085944,0.018590524,0.0,0.23573946252818745,0.23573946252818745,1.337818553,0.0,0.04104248,0.0098,0.0,0.018590524,-0.005085944,0.2357394625281874
2023-10-10,0.217470184,1.174233427,0.0,3.627709317,0.0,0.082034459,0.0,0.0098,0.0,0.0,0.0,0.0,-0.005085944,0.018590524,0.0,0.23573946252818745,0.23573946252818745,1.174233427,3.627709317,0.082034459,0.0098,0.0,0.018590524,-0.005085944,0.2357394625281874
2023-10-11,0.216998277,0.227094167,0.0,0.0,-2.582843028,0.204792208,0.0,0.0098,0.0,0.0,0.0,0.0,-0.005085944,0.018590524,0.0,0.23573946252818745,0.23573946252818745,0.227094167,-2.582843028,0.204792208,0.0098,0.0,0.018590524,-0.005085944,0.2357394625281874
2023-10-12,0.504505575,0.775211155,0.0,0.0,-0.996586263,0.0,-0.020460358,0.0098,0.0,0.0,0.0,0.0,-0.005085944,0.018590524,0.0,0.23573946252818745,0.23573946252818745,0.775211155,-0.996586263,-0.020460358,0.0098,0.0,0.018590524,-0.005085944,0.2357394625281874
2023-10-13,-0.07191658,0.0,-0.877339714,5.630665074,0.0,0.020460358,0.0,0.0098,0.0,0.0,0.0,0.0,-0.005085944,0.018590524,0.0,0.23573946252818745,0.23573946252818745,-0.877339714,5.630665074,0.020460358,0.0098,0.0,0.018590524,-0.005085944,0.2357394625281874
2023-10-16,0.143781477,0.666750377,0.0,0.0,-1.170274944,0.081799596,0.0,0.0098,0.0,0.0,0.0,0.0,-0.005085944,0.018590524,0.0,0.23573946252818745,0.23573946252818745,0.666750377,-1.170274944,0.081799596,0.0098,0.0,0.018590524,-0.005085944,0.2357394625281874
2023-10-17,-0.431966114,0.0,-0.639680514,0.011540015,0.0,0.122574071,0.0,0.0098,0.0,0.0,0.0,0.0,-0.005085944,0.018590524,0.0,0.23573946252818745,0.23573946252818745,-0.639680514,0.011540015,0.122574071,0.0098,0.0,0.018590524,-0.005085944,0.2357394625281874
2023-10-18,0.503779403,0.0,-1.904802707,1.931378245,0.0,0.265062853,0.0,0.0098,0.0,0.0,0.0,0.0,-0.005085944,0.018590524,0.0,0.23573946252818745,0.23573946252818745,-1.904802707,1.931378245,0.265062853,0.0098,0.0,0.018590524,-0.005085944,0.2357394625281874
2023-10-19,0.358294901,0.0,-1.868323412,1.125504284,0.0,0.0,-0.020364525,0.0098,0.0,0.0,0.0,0.0,-0.005085944,0.018590524,0.0,0.23573946252818745,0.23573946252818745,-1.868323412,1.125504284,-0.020364525,0.0098,0.0,0.018590524,-0.005085944,0.2357394625281874
2023-10-20,0.499465897,0.0,-1.562560347,0.0,-0.257746543,0.0,-0.122274317,0.0098,0.0,0.0,0.0,0.0,-0.005085944,0.018590524,0.0,0.23573946252818745,0.23573946252818745,-1.562560347,-0.257746543,-0.122274317,0.0098,0.0,0.018590524,-0.005085944,0.2357394625281874
2023-10-23,-0.213751417,1.891143257,0.0,0.0,-4.158436614,0.285074516,0.0,0.0098,0.0,0.0,0.0,0.0,-0.005085944,0.018590524,0.0,0.23573946252818745,0.23573946252818745,1.891143257,-4.158436614,0.285074516,0.0098,0.0,0.018590524,-0.005085944,0.2357394625281874
2023-10-24,-0.28571448,0.0,-1.01182527,0.0,-1.070157799,0.0,-0.162800199,0.0098,0.0,0.0,0.0,0.0,-0.005085944,0.018590524,0.0,0.23573946252818745,0.23573946252818745,-1.01182527,-1.070157799,-0.162800199,0.0098,0.0,0.018590524,-0.005085944,0.2357394625281874
2023-10-25,-0.358294901,0.998268828,0.0,1.746308662,0.0,0.040724904,0.0,0.0098,0.0,0.0,0.0,0.0,-0.005085944,0.018590524,0.0,0.23573946252818745,0.23573946252818745,0.998268828,1.746308662,0.040724904,0.0098,0.0,0.018590524,-0.005085944,0.2357394625281874
2023-10-26,0.572657256,0.0,-2.157026089,0.0,-2.672791117,0.122075295,0.0,0.0098,0.0,0.0,0.0,0.0,-0.005085944,0.018590524,0.0,0.23573946252818745,0.23573946252818745,-2.157026089,-2.672791117,0.122075295,0.0098,0.0,0.018590524,-0.005085944,0.2357394625281874
2023-10-27,-0.071403073,0.0,-2.183812937,2.637929691,0.0,0.0,-0.08136697,0.0098,0.0,0.0,0.0,0.0,-0.005085944,0.018590524,0.0,0.23573946252818745,0.23573946252818745,-2.183812937,2.637929691,-0.08136697,0.0098,0.0,0.018590524,-0.005085944,0.2357394625281874
2023-10-30,-0.142959281,0.0,-0.509123668,0.0,-3.561031613,0.0,-0.048851979,0.0098,0.0,0.0,0.0,0.0,-0.005085944,0.018590524,0.0,0.23573946252818745,0.23573946252818745,-0.509123668,-3.561031613,-0.048851979,0.0098,0.0,0.018590524,-0.005085944,0.2357394625281874
2023-10-31,0.28571448,0.0,-0.803002938,0.0,-1.688265033,0.008143654,0.0,0.0121,0.0,0.0,0.0,0.0,-0.042074482,0.00419445,0.0,0.23573946252818745,0.23573946252818745,-0.803002938,-1.688265033,0.008143654,0.0121,0.0,0.00419445,-0.042074482,0.2357394625281874
2023-11-01,-0.071352126,0.0,-1.600342648,0.0,-0.725308976,0.101739758,0.0,0.0121,0.0,0.0,0.0,0.0,-0.042074482,0.00419445,0.0,0.23573946252818745,0.23573946252818745,-1.600342648,-0.725308976,0.101739758,0.0121,0.0,0.00419445,-0.042074482,0.2357394625281874
2023-11-02,-0.142857167,1.888755717,0.0,2.425617124,0.0,0.0,-0.061031433,0.0121,0.0,0.0,0.0,0.0,-0.042074482,0.00419445,0.0,0.23573946252818745,0.23573946252818745,1.888755717,2.425617124,-0.061031433,0.0121,0.0,0.00419445,-0.042074482,0.2357394625281874
2023-11-03,-0.429800089,3.073524651,0.0,0.0,-2.253033254,0.0,-0.203707547,0.0121,0.0,0.0,0.0,0.0,-0.042074482,0.00419445,0.0,0.23573946252818745,0.23573946252818745,3.073524651,-2.253033254,-0.203707547,0.0121,0.0,0.00419445,-0.042074482,0.2357394625281874
2023-11-06,-1.664895496,0.079498608,0.0,0.430161052,0.0,0.0,-0.436554171,0.0121,0.0,0.0,0.0,0.0,-0.042074482,0.00419445,0.0,0.23573946252818745,0.23573946252818745,0.079498608,0.430161052,-0.436554171,0.0121,0.0,0.00419445,-0.042074482,0.2357394625281874
2023-11-07,0.582243275,0.412192995,0.0,0.0,-4.489782275,0.0,-0.102785496,0.0121,0.0,0.0,0.0,0.0,-0.042074482,0.00419445,0.0,0.23573946252818745,0.23573946252818745,0.412192995,-4.489782275,-0.102785496,0.0121,0.0,0.00419445,-0.042074482,0.2357394625281874
2023-11-08,0.578872818,0.0,-0.696274895,0.0,-2.743816884,0.246507931,0.0,0.0121,0.0,0.0,0.0,0.0,-0.042074482,0.00419445,0.0,0.23573946252818745,0.23573946252818745,-0.696274895,-2.743816884,0.246507931,0.0121,0.0,0.00419445,-0.042074482,0.2357394625281874
2023-11-09,-0.289017542,3.396270962,0.0,0.643934152,0.0,0.0,-0.123178008,0.0121,0.0,0.0,0.0,0.0,-0.042074482,0.00419445,0.0,0.23573946252818745,0.23573946252818745,3.396270962,0.643934152,-0.123178008,0.0121,0.0,0.00419445,-0.042074482,0.2357394625281874
2023-11-10,0.289017542,0.0,-0.960329948,0.0,0.0,0.0,-0.10276437,0.0121,0.0,0.0,0.0,0.0,-0.042074482,0.00419445,0.0,0.23573946252818745,0.23573946252818745,-0.960329948,0.0,-0.10276437,0.0121,0.0,0.00419445,-0.042074482,0.2357394625281874
2023-11-13,0.288184637,0.0,-0.189190836,3.247708113,0.0,0.279272431,0.0,0.0121,0.0,0.0,0.0,0.0,-0.042074482,0.00419445,0.0,0.23573946252818745,0.23573946252818745,-0.189190836,3.247708113,0.279272431,0.0121,0.0,0.00419445,-0.042074482,0.2357394625281874
2023-11-14,0.07191658,0.489891342,0.0,0.05070994,0.0,0.0,-0.114900091,0.0121,0.0,0.0,0.0,0.0,-0.042074482,0.00419445,0.0,0.23573946252818745,0.23573946252818745,0.489891342,0.05070994,-0.114900091,0.0121,0.0,0.00419445,-0.042074482,0.2357394625281874
2023-11-15,0.35880914,1.386100521,0.0,0.0,-2.242964904,0.0,-0.267242424,0.0121,0.0,0.0,0.0,0.0,-0.042074482,0.00419445,0.0,0.23573946252818745,0.23573946252818745,1.386100521,-2.242964904,-0.267242424,0.0121,0.0,0.00419445,-0.042074482,0.2357394625281874
2023-11-16,0.0,0.0,-0.408102004,0.0,-4.846617259,0.0,-0.00823418,0.0121,0.0,0.0,0.0,0.0,-0.042074482,0.00419445,0.0,0.23573946252818745,0.23573946252818745,-0.408102004,-4.846617259,-0.00823418,0.0121,0.0,0.00419445,-0.042074482,0.2357394625281874
2023-11-17,0.286123228,0.725943084,0.0,3.961310084,0.0,0.0,-0.156578383,0.0121,0.0,0.0,0.0,0.0,-0.042074482,0.00419445,0.0,0.23573946252818745,0.23573946252818745,0.725943084,3.961310084,-0.156578383,0.0121,0.0,0.00419445,-0.042074482,0.2357394625281874
2023-11-20,0.21405645,0.0,-3.86216762,2.109154979,0.0,0.0,-0.330442267,0.0121,0.0,0.0,0.0,0.0,-0.042074482,0.00419445,0.0,0.23573946252818745,0.23573946252818745,-3.86216762,2.109154979,-0.330442267,0.0121,0.0,0.00419445,-0.042074482,0.2357394625281874
2023-11-21,0.497690327,2.476002393,0.0,0.319591196,0.0,0.0,-0.165631508,0.0121,0.0,0.0,0.0,0.0,-0.042074482,0.00419445,0.0,0.23573946252818745,0.23573946252818745,2.476002393,0.319591196,-0.165631508,0.0121,0.0,0.00419445,-0.042074482,0.2357394625281874
2023-11-22,0.847462699,0.0,-0.113311403,0.0,-1.998132865,0.310334375,0.0,0.0121,0.0,0.0,0.0,0.0,-0.042074482,0.00419445,0.0,0.23573946252818745,0.23573946252818745,-0.113311403,-1.998132865,0.310334375,0.0121,0.0,0.00419445,-0.042074482,0.2357394625281874
2023-11-23,-0.422833611,0.570645677,0.0,0.0,0.0,0.144493781,0.0,0.0121,0.0,0.0,0.0,0.0,-0.042074482,0.00419445,0.0,0.23573946252818745,0.23573946252818745,0.570645677,0.0,0.144493781,0.0121,0.0,0.00419445,-0.042074482,0.2357394625281874
2023-11-24,0.282087634,0.0,-2.421474055,0.0,-2.598576606,0.082474231,0.0,0.0121,0.0,0.0,0.0,0.0,-0.042074482,0.00419445,0.0,0.23573946252818745,0.23573946252818745,-2.421474055,-2.598576606,0.082474231,0.0121,0.0,0.00419445,-0.042074482,0.2357394625281874
2023-11-27,0.421645038,0.422582218,0.0,0.0,-0.495680565,0.0,-0.123736869,0.0121,0.0,0.0,0.0,0.0,-0.042074482,0.00419445,0.0,0.23573946252818745,0.23573946252818745,0.422582218,-0.495680565,-0.123736869,0.0121,0.0,0.00419445,-0.042074482,0.2357394625281874
2023-11-28,1.669023444,0.0,-0.640056393,2.165478174,0.0,0.0,0.0,0.0121,0.0,0.0,0.0,0.0,-0.042074482,0.00419445,0.0,0.23573946252818745,0.23573946252818745,-0.640056393,2.165478174,0.0,0.0121,0.0,0.00419445,-0.042074482,0.2357394625281874
2023-11-29,-0.138026247,0.794192327,0.0,1.913498019,0.0,0.123736869,0.0,0.0121,0.0,0.0,0.0,0.0,-0.042074482,0.00419445,0.0,0.23573946252818745,0.23573946252818745,0.794192327,1.913498019,0.123736869,0.0121,0.0,0.00419445,-0.042074482,0.2357394625281874
2023-11-30,0.0,0.406543445,0.0,0.0,-2.480221117,0.0,-0.041228613,0.001,0.0,0.0,0.0,0.06698769,0.0,0.0,-0.011871662,0.23573946252818745,0.23573946252818745,0.406543445,-2.480221117,-0.041228613,0.001,0.0,-0.011871662,0.06698769,0.2357394625281874
2023-12-01,-0.138217023,0.0,-0.233537747,0.0,-2.624682001,0.164812563,0.0,0.001,0.0,0.0,0.0,0.06698769,0.0,0.0,-0.011871662,0.23573946252818745,0.23573946252818745,-0.233537747,-2.624682001,0.164812563,0.001,0.0,-0.011871662,0.06698769,0.2357394625281874
2023-12-04,0.963531198,0.775745648,0.0,0.0,-1.324884503,0.0,-0.164812563,0.001,0.0,0.0,0.0,0.06698769,0.0,0.0,-0.011871662,0.23573946252818745,0.23573946252818745,0.775745648,-1.324884503,-0.164812563,0.001,0.0,-0.011871662,0.06698769,0.2357394625281874
2023-12-05,0.273597982,1.304042659,0.0,0.0,-1.078252083,0.065957625,0.0,0.001,0.0,0.0,0.0,0.06698769,0.0,0.0,-0.011871662,0.23573946252818745,0.23573946252818745,1.304042659,-1.078252083,0.065957625,0.001,0.0,-0.011871662,0.06698769,0.2357394625281874
2023-12-06,-0.273597982,0.0,-0.376728978,0.0,-4.215482582,0.032962505,0.0,0.001,0.0,0.0,0.0,0.06698769,0.0,0.0,-0.011871662,0.23573946252818745,0.23573946252818745,-0.376728978,-4.215482582,0.032962505,0.001,0.0,-0.011871662,0.06698769,0.2357394625281874
2023-12-07,-0.137080213,0.944490782,0.0,0.028989709,0.0,0.004119549,0.0,0.001,0.0,0.0,0.0,0.06698769,0.0,0.0,-0.011871662,0.23573946252818745,0.23573946252818745,0.944490782,0.028989709,0.004119549,0.001,0.0,-0.011871662,0.06698769,0.2357394625281874
2023-12-08,0.273972774,0.0,-0.584693059,2.674070822,0.0,0.0,-0.226827605,0.001,0.0,0.0,0.0,0.06698769,0.0,0.0,-0.011871662,0.23573946252818745,0.23573946252818745,-0.584693059,2.674070822,-0.226827605,0.001,0.0,-0.011871662,0.06698769,0.2357394625281874
2023-12-11,-0.47994607,0.518221079,0.0,0.112819078,0.0,0.123787926,0.0,0.001,0.0,0.0,0.0,0.06698769,0.0,0.0,-0.011871662,0.23573946252818745,0.23573946252818745,0.518221079,0.112819078,0.123787926,0.001,0.0,-0.011871662,0.06698769,0.2357394625281874
2023-12-12,-0.206398422,0.0,-0.032809127,0.0,-3.850497218,0.041228613,0.0,0.001,0.0,0.0,0.0,0.06698769,0.0,0.0,-0.011871662,0.23573946252818745,0.23573946252818745,-0.032809127,-3.850497218,0.041228613,0.001,0.0,-0.011871662,0.06698769,0.2357394625281874
2023-12-13,0.275103337,0.211739666,0.0,1.193957107,0.0,0.078287567,0.0,0.001,0.0,0.0,0.0,0.06698769,0.0,0.0,-0.011871662,0.23573946252818745,0.23573946252818745,0.211739666,1.193957107,0.078287567,0.001,0.0,-0.011871662,0.06698769,0.2357394625281874
2023-12-14,0.684465369,0.0,-0.917519195,3.022325549,0.0,0.0,-0.140136862,0.001,0.0,0.0,0.0,0.06698769,0.0,0.0,-0.011871662,0.23573946252818745,0.23573946252818745,-0.917519195,3.022325549,-0.140136862,0.001,0.0,-0.011871662,0.06698769,0.2357394625281874
2023-12-15,0.272479733,0.0,-0.90708656,0.0,-0.224940345,0.061849296,0.0,0.001,0.0,0.0,0.0,0.06698769,0.0,0.0,-0.011871662,0.23573946252818745,0.23573946252818745,-0.90708656,-0.224940345,0.061849296,0.001,0.0,-0.011871662,0.06698769,0.2357394625281874
2023-12-18,-0.13614706,0.0,-0.549496624,1.550202121,0.0,0.370294601,0.0,0.001,0.0,0.0,0.0,0.06698769,0.0,0.0,-0.011871662,0.23573946252818745,0.23573946252818745,-0.549496624,1.550202121,0.370294601,0.001,0.0,-0.011871662,0.06698769,0.2357394625281874
2023-12-19,0.678889233,0.0,-1.109051824,1.471929732,0.0,0.0,0.0,0.001,0.0,0.0,0.0,0.06698769,0.0,0.0,-0.011871662,0.23573946252818745,0.23573946252818745,-1.109051824,1.471929732,0.0,0.001,0.0,-0.011871662,0.06698769,0.2357394625281874
2023-12-20,0.942767926,0.624842169,0.0,0.870161847,0.0,0.0,-0.061620624,0.001,0.0,0.0,0.0,0.06698769,0.0,0.0,-0.011871662,0.23573946252818745,0.23573946252818745,0.624842169,0.870161847,-0.061620624,0.001,0.0,-0.011871662,0.06698769,0.2357394625281874
2023-12-21,0.267737777,0.0,-0.171351531,0.0,-0.37976446,0.0,-0.061658619,0.001,0.0,0.0,0.0,0.06698769,0.0,0.0,-0.011871662,0.23573946252818745,0.23573946252818745,-0.171351531,-0.37976446,-0.061658619,0.001,0.0,-0.011871662,0.06698769,0.2357394625281874
2023-12-22,1.328040767,0.62383688,0.0,0.0,-0.4084973,0.0,-0.35011878,0.001,0.0,0.0,0.0,0.06698769,0.0,0.0,-0.011871662,0.23573946252818745,0.23573946252818745,0.62383688,-0.4084973,-0.35011878,0.001,0.0,-0.011871662,0.06698769,0.2357394625281874
2023-12-25,2.088848795,0.107821606,0.0,0.0,0.0,0.0,-0.020633447,0.001,0.0,0.0,0.0,0.06698769,0.0,0.0,-0.011871662,0.23573946252818745,0.23573946252818745,0.107821606,0.0,-0.020633447,0.001,0.0,-0.011871662,0.06698769,0.2357394625281874
2023-12-26,0.0,1.42424116,0.0,3.420168401,0.0,0.391309324,0.0,0.001,0.0,0.0,0.0,0.06698769,0.0,0.0,-0.011871662,0.23573946252818745,0.23573946252818745,1.42424116,3.420168401,0.391309324,0.001,0.0,-0.011871662,0.06698769,0.2357394625281874
2023-12-27,0.515465059,0.282608205,0.0,0.0,-2.038032578,0.082186156,0.0,0.001,0.0,0.0,0.0,0.06698769,0.0,0.0,-0.011871662,0.23573946252818745,0.23573946252818745,0.282608205,-2.038032578,0.082186156,0.001,0.0,-0.011871662,0.06698769,0.2357394625281874
2023-12-28,-2.345690035,0.0,-0.045413059,0.0,-3.130167395,0.0,-0.436554171,0.001,0.0,0.0,0.0,0.06698769,0.0,0.0,-0.011871662,0.23573946252818745,0.23573946252818745,-0.045413059,-3.130167395,-0.436554171,0.001,0.0,-0.011871662,0.06698769,0.2357394625281874
2023-12-29,-2.033968424,0.79662611,0.0,0.0,-0.180668522,0.103103422,0.0,0.001,0.0,0.0,0.0,0.06698769,0.0,0.0,-0.011871662,0.23573946252818745,0.23573946252818745,0.79662611,-0.180668522,0.103103422,0.001,0.0,-0.011871662,0.06698769,0.2357394625281874
2024-01-01,0.0,0.0,0.0,0.0,0.0,0.0,0.0,0.0028,0.0,0.0,0.0,0.025208864,0.0,0.015188904,0.0,-0.7588591458904776,-0.7588591458904776,0.0,0.0,0.0,0.0028,0.0,0.015188904,0.025208864,-0.7588591458904776
2024-01-02,-1.379332213,0.409146391,0.0,0.0,-1.78237825,0.267572456,0.0,0.0028,0.0,0.0,0.0,0.025208864,0.0,0.015188904,0.0,-0.7588591458904776,-0.7588591458904776,0.409146391,-1.78237825,0.267572456,0.0028,0.0,0.015188904,0.025208864,-0.7588591458904776
2024-01-03,0.692044284,0.0,-0.517002193,3.273500728,0.0,0.184823957,0.0,0.0028,0.0,0.0,0.0,0.025208864,0.0,0.015188904,0.0,-0.7588591458904776,-0.7588591458904776,-0.517002193,3.273500728,0.184823957,0.0028,0.0,0.015188904,0.025208864,-0.7588591458904776
2024-01-04,-0.692044284,1.314594375,0.0,0.0,-0.811837964,0.0,-0.04104248,0.0028,0.0,0.0,0.0,0.025208864,0.0,0.015188904,0.0,-0.7588591458904776,-0.7588591458904776,1.314594375,-0.811837964,-0.04104248,0.0028,0.0,0.015188904,0.025208864,-0.7588591458904776
2024-01-05,0.0,0.59881982,0.0,2.213507507,0.0,0.04104248,0.0,0.0028,0.0,0.0,0.0,0.025208864,0.0,0.015188904,0.0,-0.7588591458904776,-0.7588591458904776,0.59881982,2.213507507,0.04104248,0.0028,0.0,0.015188904,0.025208864,-0.7588591458904776
2024-01-08,-1.398624197,0.609918881,0.0,0.0,-4.054050261,0.0,-0.164271084,0.0028,0.0,0.0,0.0,0.025208864,0.0,0.015188904,0.0,-0.7588591458904776,-0.7588591458904776,0.609918881,-4.054050261,-0.164271084,0.0028,0.0,0.015188904,0.025208864,-0.7588591458904776
2024-01-09,0.701757266,0.19731775,0.0,1.909598761,0.0,0.123228605,0.0,0.0028,0.0,0.0,0.0,0.025208864,0.0,0.015188904,0.0,-0.7588591458904776,-0.7588591458904776,0.19731775,1.909598761,0.123228605,0.0028,0.0,0.015188904,0.025208864,-0.7588591458904776
2024-01-10,0.0,0.0,-0.251670032,0.0,-1.194458646,0.18455865,0.0,0.0028,0.0,0.0,0.0,0.025208864,0.0,0.015188904,0.0,-0.7588591458904776,-0.7588591458904776,-0.251670032,-1.194458646,0.18455865,0.0028,0.0,0.015188904,0.025208864,-0.7588591458904776
2024-01-11,1.80185055,0.318789903,0.0,0.807129347,0.0,0.286415908,0.0,0.0028,0.0,0.0,0.0,0.025208864,0.0,0.015188904,0.0,-0.7588591458904776,-0.7588591458904776,0.318789903,0.807129347,0.286415908,0.0028,0.0,0.015188904,0.025208864,-0.7588591458904776
2024-01-12,0.956945102,0.0,-0.2791012,1.088990016,0.0,0.061268255,0.0,0.0028,0.0,0.0,0.0,0.025208864,0.0,0.015188904,0.0,-0.7588591458904776,-0.7588591458904776,-0.2791012,1.088990016,0.061268255,0.0028,0.0,0.015188904,0.025208864,-0.7588591458904776
2024-01-15,0.677968699,0.010350985,0.0,0.0,0.0,0.0,-0.081699351,0.0028,0.0,0.0,0.0,0.025208864,0.0,0.015188904,0.0,-0.7588591458904776,-0.7588591458904776,0.010350985,0.0,-0.081699351,0.0028,0.0,0.015188904,0.025208864,-0.7588591458904776
2024-01-16,0.0,0.0,-0.784528287,0.0,-0.425912576,0.12252401,0.0,0.0028,0.0,0.0,0.0,0.025208864,0.0,0.015188904,0.0,-0.7588591458904776,-0.7588591458904776,-0.784528287,-0.425912576,0.12252401,0.0028,0.0,0.015188904,0.025208864,-0.7588591458904776
2024-01-17,-0.406229401,1.006815698,0.0,0.220052351,0.0,0.122374072,0.0,0.0028,0.0,0.0,0.0,0.025208864,0.0,0.015188904,0.0,-0.7588591458904776,-0.7588591458904776,1.006815698,0.220052351,0.122374072,0.0028,0.0,0.015188904,0.025208864,-0.7588591458904776
2024-01-18,0.406229401,0.203759737,0.0,2.080151138,0.0,0.061130924,0.0,0.0028,0.0,0.0,0.0,0.025208864,0.0,0.015188904,0.0,-0.7588591458904776,-0.7588591458904776,0.203759737,2.080151138,0.061130924,0.0028,0.0,0.015188904,0.025208864,-0.7588591458904776
2024-01-19,0.404585852,0.614775335,0.0,0.0,-0.851298973,0.0,-0.020372823,0.0028,0.0,0.0,0.0,0.025208864,0.0,0.015188904,0.0,-0.7588591458904776,-0.7588591458904776,0.614775335,-0.851298973,-0.020372823,0.0028,0.0,0.015188904,0.025208864,-0.7588591458904776
2024-01-22,-1.08255455,1.254581111,0.0,2.108168039,0.0,0.040741496,0.0,0.0028,0.0,0.0,0.0,0.025208864,0.0,0.015188904,0.0,-0.7588591458904776,-0.7588591458904776,1.254581111,2.108168039,0.040741496,0.0028,0.0,0.015188904,0.025208864,-0.7588591458904776
2024-01-23,0.677968699,0.0,-0.196603797,0.0,-0.720099124,0.061081138,0.0,0.0028,0.0,0.0,0.0,0.025208864,0.0,0.015188904,0.0,-0.7588591458904776,-0.7588591458904776,-0.196603797,-0.720099124,0.061081138,0.0028,0.0,0.015188904,0.025208864,-0.7588591458904776
2024-01-24,0.269905697,0.0,-0.710310928,1.011992658,0.0,0.142377732,0.0,0.0028,0.0,0.0,0.0,0.025208864,0.0,0.015188904,0.0,-0.7588591458904776,-0.7588591458904776,-0.710310928,1.011992658,0.142377732,0.0028,0.0,0.015188904,0.025208864,-0.7588591458904776
2024-01-25,-0.269905697,0.0,-0.170273671,3.168659384,0.0,0.020323138,0.0,0.0028,0.0,0.0,0.0,0.025208864,0.0,0.015188904,0.0,-0.7588591458904776,-0.7588591458904776,-0.170273671,3.168659384,0.020323138,0.0028,0.0,0.015188904,0.025208864,-0.7588591458904776
2024-01-26,0.404585852,0.0,-0.012782221,0.690716484,0.0,0.0,-0.040650407,0.0028,0.0,0.0,0.0,0.025208864,0.0,0.015188904,0.0,-0.7588591458904776,-0.7588591458904776,-0.012782221,0.690716484,-0.040650407,0.0028,0.0,0.015188904,0.025208864,-0.7588591458904776
2024-01-29,0.0,0.323313734,0.0,0.0,-1.54145634,0.0,-0.264631198,0.0028,0.0,0.0,0.0,0.025208864,0.0,0.015188904,0.0,-0.7588591458904776,-0.7588591458904776,0.323313734,-1.54145634,-0.264631198,0.0028,0.0,0.015188904,0.025208864,-0.7588591458904776
2024-01-30,0.80429388,0.0,-0.102836512,1.350068722,0.0,0.0,-0.436554171,0.0028,0.0,0.0,0.0,0.025208864,0.0,0.015188904,0.0,-0.7588591458904776,-0.7588591458904776,-0.102836512,1.350068722,-0.436554171,0.0028,0.0,0.015188904,0.025208864,-0.7588591458904776
2024-01-31,0.665338449,0.475052216,0.0,0.0,-2.613682226,0.081950425,0.0,0.0013,0.0,0.0,0.0,0.00803037,0.0,0.022744769,0.0,-0.7588591458904776,-0.7588591458904776,0.475052216,-2.613682226,0.081950425,0.0013,0.0,0.022744769,0.00803037,-0.7588591458904776
2024-02-01,0.792606527,0.0,-1.60726886,0.0,-2.549261788,0.0,-0.061456521,0.0013,0.0,0.0,0.0,0.00803037,0.0,0.022744769,0.0,-0.7588591458904776,-0.7588591458904776,-1.60726886,-2.549261788,-0.061456521,0.0013,0.0,0.022744769,0.00803037,-0.7588591458904776
2024-02-02,0.262812241,0.954340472,0.0,0.0,-2.230171298,0.0,-0.266748901,0.0013,0.0,0.0,0.0,0.00803037,0.0,0.022744769,0.0,-0.7588591458904776,-0.7588591458904776,0.954340472,-2.230171298,-0.266748901,0.0013,0.0,0.022744769,0.00803037,-0.7588591458904776
2024-02-05,0.0,0.024700296,0.0,0.671557379,0.0,0.143722435,0.0,0.0013,0.0,0.0,0.0,0.00803037,0.0,0.022744769,0.0,-0.7588591458904776,-0.7588591458904776,0.024700296,0.671557379,0.143722435,0.0013,0.0,0.022744769,0.00803037,-0.7588591458904776
2024-02-06,0.13114756,1.25758015,0.0,0.843312941,0.0,0.0,-0.061570038,0.0013,0.0,0.0,0.0,0.00803037,0.0,0.022744769,0.0,-0.7588591458904776,-0.7588591458904776,1.25758015,0.843312941,-0.061570038,0.0013,0.0,0.022744769,0.00803037,-0.7588591458904776
2024-02-07,0.522877008,0.120188786,0.0,0.580729568,0.0,0.184596504,0.0,0.0013,0.0,0.0,0.0,0.00803037,0.0,0.022744769,0.0,-0.7588591458904776,-0.7588591458904776,0.120188786,0.580729568,0.184596504,0.0013,0.0,0.022744769,0.00803037,-0.7588591458904776
2024-02-08,0.0,0.0,0.0,3.193804882,0.0,0.0,0.0,0.0013,0.0,0.0,0.0,0.00803037,0.0,0.022744769,0.0,-0.7588591458904776,-0.7588591458904776,0.0,3.193804882,0.0,0.0013,0.0,0.022744769,0.00803037,-0.7588591458904776
2024-02-09,0.0,0.0,0.0,0.766585967,0.0,0.0,0.0,0.0013,0.0,0.0,0.0,0.00803037,0.0,0.022744769,0.0,-0.7588591458904776,-0.7588591458904776,0.0,0.766585967,0.0,0.0013,0.0,0.022744769,0.00803037,-0.7588591458904776
2024-02-12,0.0,0.0,0.0,0.103492894,0.0,0.0,0.0,0.0013,0.0,0.0,0.0,0.00803037,0.0,0.022744769,0.0,-0.7588591458904776,-0.7588591458904776,0.0,0.103492894,0.0,0.0013,0.0,0.022744769,0.00803037,-0.7588591458904776
2024-02-13,0.0,0.0,0.0,1.208085635,0.0,0.0,0.0,0.0013,0.0,0.0,0.0,0.00803037,0.0,0.022744769,0.0,-0.7588591458904776,-0.7588591458904776,0.0,1.208085635,0.0,0.0013,0.0,0.022744769,0.00803037,-0.7588591458904776
2024-02-14,0.0,0.0,0.0,0.0,-1.531857206,0.0,0.0,0.0013,0.0,0.0,0.0,0.00803037,0.0,0.022744769,0.0,-0.7588591458904776,-0.7588591458904776,0.0,-1.531857206,0.0,0.0013,0.0,0.022744769,0.00803037,-0.7588591458904776
2024-02-15,0.0,1.050314846,0.0,1.774281567,0.0,0.204708362,0.0,0.0013,0.0,0.0,0.0,0.00803037,0.0,0.022744769,0.0,-0.7588591458904776,-0.7588591458904776,1.050314846,1.774281567,0.204708362,0.0013,0.0,0.022744769,0.00803037,-0.7588591458904776
2024-02-16,-0.654024568,0.151164075,0.0,1.492565022,0.0,0.245098162,0.0,0.0013,0.0,0.0,0.0,0.00803037,0.0,0.022744769,0.0,-0.7588591458904776,-0.7588591458904776,0.151164075,1.492565022,0.245098162,0.0013,0.0,0.022744769,0.00803037,-0.7588591458904776
2024-02-19,-1.587334916,0.6897891,0.0,0.0,0.0,0.081566073,0.0,0.0013,0.0,0.0,0.0,0.00803037,0.0,0.022744769,0.0,-0.7588591458904776,-0.7588591458904776,0.6897891,0.0,0.081566073,0.0013,0.0,0.022744769,0.00803037,-0.7588591458904776
2024-02-20,1.192857087,1.188875899,0.0,0.0,-1.174478361,0.0,-0.020385282,0.0013,0.0,0.0,0.0,0.00803037,0.0,0.022744769,0.0,-0.7588591458904776,-0.7588591458904776,1.188875899,-1.174478361,-0.020385282,0.0013,0.0,0.022744769,0.00803037,-0.7588591458904776
2024-02-21,-0.131839175,0.32770518,0.0,0.215722436,0.0,0.0,0.0,0.0013,0.0,0.0,0.0,0.00803037,0.0,0.022744769,0.0,-0.7588591458904776,-0.7588591458904776,0.32770518,0.215722436,0.0,0.0013,0.0,0.022744769,0.00803037,-0.7588591458904776
2024-02-22,0.919244818,0.0,-0.156806701,0.946200209,0.0,0.264685078,0.0,0.0013,0.0,0.0,0.0,0.00803037,0.0,0.022744769,0.0,-0.7588591458904776,-0.7588591458904776,-0.156806701,0.946200209,0.264685078,0.0013,0.0,0.022744769,0.00803037,-0.7588591458904776
2024-02-23,-0.261780254,0.036583136,0.0,0.0,-2.594905201,0.16253559,0.0,0.0013,0.0,0.0,0.0,0.00803037,0.0,0.022744769,0.0,-0.7588591458904776,-0.7588591458904776,0.036583136,-2.594905201,0.16253559,0.0013,0.0,0.022744769,0.00803037,-0.7588591458904776
2024-02-26,0.653170186,0.0,-1.421912195,1.19132902,0.0,0.12172856,0.0,0.0013,0.0,0.0,0.0,0.00803037,0.0,0.022744769,0.0,-0.7588591458904776,-0.7588591458904776,-1.421912195,1.19132902,0.12172856,0.0013,0.0,0.022744769,0.00803037,-0.7588591458904776
2024-02-27,0.130123636,1.310495195,0.0,1.604278707,0.0,0.0,-0.142031068,0.0013,0.0,0.0,0.0,0.00803037,0.0,0.022744769,0.0,-0.7588591458904776,-0.7588591458904776,1.310495195,1.604278707,-0.142031068,0.0013,0.0,0.022744769,0.00803037,-0.7588591458904776
2024-02-28,0.518807908,1.039390909,0.0,0.0,-0.452148472,0.0,-0.02030663,0.0013,0.0,0.0,0.0,0.00803037,0.0,0.022744769,0.0,-0.7588591458904776,-0.7588591458904776,1.039390909,-0.452148472,-0.02030663,0.0013,0.0,0.022744769,0.00803037,-0.7588591458904776
2024-02-29,0.258398077,1.424849001,0.0,0.0,-0.277322754,0.081201791,0.0,0.0035,0.0,0.0,0.0,0.0,-0.012831451,0.0,-0.04111863,-0.7588591458904776,-0.7588591458904776,1.424849001,-0.277322754,0.081201791,0.0035,0.0,-0.04111863,-0.012831451,-0.7588591458904776
2024-03-01,0.386349483,0.0,-0.228111898,2.098503187,0.0,0.0,0.0,0.0035,0.0,0.0,0.0,0.0,-0.012831451,0.0,-0.04111863,-0.7588591458904776,-0.7588591458904776,-0.228111898,2.098503187,0.0,0.0035,0.0,-0.04111863,-0.012831451,-0.7588591458904776
2024-03-04,0.768249617,0.583152173,0.0,0.0,-1.532072067,0.145997268,0.0,0.0035,0.0,0.0,0.0,0.0,-0.012831451,0.0,-0.04111863,-0.7588591458904776,-0.7588591458904776,0.583152173,-1.532072067,0.145997268,0.0035,0.0,-0.04111863,-0.012831451,-0.7588591458904776
2024-03-05,0.508906951,0.0,-0.093392858,0.0,-0.705381436,0.056719201,0.0,0.0035,0.0,0.0,0.0,0.0,-0.012831451,0.0,-0.04111863,-0.7588591458904776,-0.7588591458904776,-0.093392858,-0.705381436,0.056719201,0.0035,0.0,-0.04111863,-0.012831451,-0.7588591458904776
2024-03-06,0.25348556,0.54566624,0.0,1.218684597,0.0,0.0,-0.101306867,0.0035,0.0,0.0,0.0,0.0,-0.012831451,0.0,-0.04111863,-0.7588591458904776,-0.7588591458904776,0.54566624,1.218684597,-0.101306867,0.0035,0.0,-0.04111863,-0.012831451,-0.7588591458904776
2024-03-07,1.007565199,0.0,-0.518747487,0.0,-0.337732512,0.060796435,0.0,0.0035,0.0,0.0,0.0,0.0,-0.012831451,0.0,-0.04111863,-0.7588591458904776,-0.7588591458904776,-0.518747487,-0.337732512,0.060796435,0.0035,0.0,-0.04111863,-0.012831451,-0.7588591458904776
2024-03-08,0.125234832,0.740583466,0.0,0.0,-1.070741476,0.0,-0.162206037,0.0035,0.0,0.0,0.0,0.0,-0.012831451,0.0,-0.04111863,-0.7588591458904776,-0.7588591458904776,0.740583466,-1.070741476,-0.162206037,0.0035,0.0,-0.04111863,-0.012831451,-0.7588591458904776
2024-03-11,0.37476621,0.0,-1.927912021,0.0,-0.114046772,0.0,-0.020294267,0.0035,0.0,0.0,0.0,0.0,-0.012831451,0.0,-0.04111863,-0.7588591458904776,-0.7588591458904776,-1.927912021,-0.114046772,-0.020294267,0.0035,0.0,-0.04111863,-0.012831451,-0.7588591458904776
2024-03-12,0.373366955,0.0,-1.040384306,0.0,-0.45749222,0.040584416,0.0,0.0035,0.0,0.0,0.0,0.0,-0.012831451,0.0,-0.04111863,-0.7588591458904776,-0.7588591458904776,-1.040384306,-0.45749222,0.040584416,0.0035,0.0,-0.04111863,-0.012831451,-0.7588591458904776
2024-03-13,-2.345690035,1.190873424,0.0,2.714075374,0.0,0.121654516,0.0,0.0035,0.0,0.0,0.0,0.0,-0.012831451,0.0,-0.04111863,-0.7588591458904776,-0.7588591458904776,1.190873424,2.714075374,0.121654516,0.0035,0.0,-0.04111863,-0.012831451,-0.7588591458904776
2024-03-14,1.648737411,2.042664641,0.0,1.830180667,0.0,0.060771804,0.0,0.0035,0.0,0.0,0.0,0.0,-0.012831451,0.0,-0.04111863,-0.7588591458904776,-0.7588591458904776,2.042664641,1.830180667,0.060771804,0.0035,0.0,-0.04111863,-0.012831451,-0.7588591458904776
2024-03-15,0.251256414,0.0,-0.963878064,0.0,-0.26812935,0.080971664,0.0,0.0035,0.0,0.0,0.0,0.0,-0.012831451,0.0,-0.04111863,-0.7588591458904776,-0.7588591458904776,-0.963878064,-0.26812935,0.080971664,0.0035,0.0,-0.04111863,-0.012831451,-0.7588591458904776
2024-03-18,-0.377121754,0.18578035,0.0,2.10127282,0.0,0.020232676,0.0,0.0035,0.0,0.0,0.0,0.0,-0.012831451,0.0,-0.04111863,-0.7588591458904776,-0.7588591458904776,0.18578035,2.10127282,0.020232676,0.0035,0.0,-0.04111863,-0.012831451,-0.7588591458904776
2024-03-19,0.125865341,0.0,-1.557749446,0.844891085,0.0,0.101102021,0.0,0.0035,0.0,0.0,0.0,0.0,-0.012831451,0.0,-0.04111863,-0.7588591458904776,-0.7588591458904776,-1.557749446,0.844891085,0.101102021,0.0035,0.0,-0.04111863,-0.012831451,-0.7588591458904776
2024-03-20,-0.125865341,0.0,-0.220854354,0.0,-1.914163002,0.141371325,0.0,0.0035,0.0,0.0,0.0,0.0,-0.012831451,0.0,-0.04111863,-0.7588591458904776,-0.7588591458904776,-0.220854354,-1.914163002,0.141371325,0.0035,0.0,-0.04111863,-0.012831451,-0.7588591458904776
2024-03-21,-0.758537139,2.082223413,0.0,0.0,-0.970999254,0.040355126,0.0,0.0035,0.0,0.0,0.0,0.0,-0.012831451,0.0,-0.04111863,-0.7588591458904776,-0.7588591458904776,2.082223413,-0.970999254,0.040355126,0.0035,0.0,-0.04111863,-0.012831451,-0.7588591458904776
2024-03-22,-1.020417017,0.909268195,0.0,0.0,-1.091432749,0.0,-0.068613407,0.0035,0.0,0.0,0.0,0.0,-0.012831451,0.0,-0.04111863,-0.7588591458904776,-0.7588591458904776,0.909268195,-1.091432749,-0.068613407,0.0035,0.0,-0.04111863,-0.012831451,-0.7588591458904776
2024-03-25,-0.128287381,0.0,-0.210902977,1.602382765,0.0,0.0,-0.113113044,0.0035,0.0,0.0,0.0,0.0,-0.012831451,0.0,-0.04111863,-0.7588591458904776,-0.7588591458904776,-0.210902977,1.602382765,-0.113113044,0.0035,0.0,-0.04111863,-0.012831451,-0.7588591458904776
2024-03-26,0.512165012,0.0,-0.856763303,0.0,0.0,0.121187654,0.0,0.0035,0.0,0.0,0.0,0.0,-0.012831451,0.0,-0.04111863,-0.7588591458904776,-0.7588591458904776,-0.856763303,0.0,0.121187654,0.0035,0.0,-0.04111863,-0.012831451,-0.7588591458904776
2024-03-27,0.763362486,1.43995535,0.0,0.0,-0.315994429,0.060538797,0.0,0.0035,0.0,0.0,0.0,0.0,-0.012831451,0.0,-0.04111863,-0.7588591458904776,-0.7588591458904776,1.43995535,-0.315994429,0.060538797,0.0035,0.0,-0.04111863,-0.012831451,-0.7588591458904776
2024-03-28,0.126662462,0.518732481,0.0,2.179365047,0.0,0.020171457,0.0,0.0035,0.0,0.0,0.0,0.0,-0.012831451,0.0,-0.04111863,-0.7588591458904776,-0.7588591458904776,0.518732481,2.179365047,0.020171457,0.0035,0.0,-0.04111863,-0.012831451,-0.7588591458904776
2024-03-29,0.0,0.0,-0.025524707,0.0,0.0,0.080645166,0.0,0.0035,0.0,0.0,0.0,0.0,-0.012831451,0.0,-0.04111863,-0.7588591458904776,-0.7588591458904776,-0.025524707,0.0,0.080645166,0.0035,0.0,-0.04111863,-0.012831451,-0.7588591458904776
2024-04-01,-0.507615303,0.0,-0.802312591,0.688430019,0.0,0.0,-0.060477776,0.0119,0.0,0.0,0.0,0.0,-0.000709322,0.0,-0.005362162,0.14402527171667412,0.14402527171667412,-0.802312591,0.688430019,-0.060477776,0.0119,0.0,-0.005362162,-0.000709322,0.1440252717166741
2024-04-02,0.886642921,0.0,-0.468198217,1.654093669,0.0,0.422578353,0.0,0.0119,0.0,0.0,0.0,0.0,-0.000709322,0.0,-0.005362162,0.14402527171667412,0.14402527171667412,-0.468198217,1.654093669,0.422578353,0.0119,0.0,-0.005362162,-0.000709322,0.1440252717166741
2024-04-03,-0.252525387,0.69642079,0.0,0.313643749,0.0,0.40080214,0.0,0.0119,0.0,0.0,0.0,0.0,-0.000709322,0.0,-0.005362162,0.14402527171667412,0.14402527171667412,0.69642079,0.313643749,0.40080214,0.0119,0.0,-0.005362162,-0.000709322,0.1440252717166741
2024-04-04,0.252525387,0.0,-1.05038957,1.324980499,0.0,0.0,-0.260338587,0.0119,0.0,0.0,0.0,0.0,-0.000709322,0.0,-0.005362162,0.14402527171667412,0.14402527171667412,-1.05038957,1.324980499,-0.260338587,0.0119,0.0,-0.005362162,-0.000709322,0.1440252717166741
2024-04-05,0.251889302,0.0,-1.050415712,0.365589348,0.0,0.06013832,0.0,0.0119,0.0,0.0,0.0,0.0,-0.000709322,0.0,-0.005362162,0.14402527171667412,0.14402527171667412,-1.050415712,0.365589348,0.06013832,0.0119,0.0,-0.005362162,-0.000709322,0.1440252717166741
2024-04-08,1.125715452,0.0,-0.255375146,0.0,-0.514492646,0.04007213,0.0,0.0119,0.0,0.0,0.0,0.0,-0.000709322,0.0,-0.005362162,0.14402527171667412,0.14402527171667412,-0.255375146,-0.514492646,0.04007213,0.0119,0.0,-0.005362162,-0.000709322,0.1440252717166741
2024-04-09,2.573241397,0.0,-0.236863938,0.0,-1.385063693,0.0,-0.060114219,0.0119,0.0,0.0,0.0,0.0,-0.000709322,0.0,-0.005362162,0.14402527171667412,0.14402527171667412,-0.236863938,-1.385063693,-0.060114219,0.0119,0.0,-0.005362162,-0.000709322,0.1440252717166741
2024-04-10,-0.484262448,1.117968831,0.0,1.086590277,0.0,0.0,-0.040096231,0.0119,0.0,0.0,0.0,0.0,-0.000709322,0.0,-0.005362162,0.14402527171667412,0.14402527171667412,1.117968831,1.086590277,-0.040096231,0.0119,0.0,-0.005362162,-0.000709322,0.1440252717166741
2024-04-11,-0.243013485,0.0,-1.319385208,0.0,-1.377575758,0.18030657,0.0,0.0119,0.0,0.0,0.0,0.0,-0.000709322,0.0,-0.005362162,0.14402527171667412,0.14402527171667412,-1.319385208,-1.377575758,0.18030657,0.0119,0.0,-0.005362162,-0.000709322,0.1440252717166741
2024-04-12,0.364299128,1.041062554,0.0,0.777942965,0.0,0.140014024,0.0,0.0119,0.0,0.0,0.0,0.0,-0.000709322,0.0,-0.005362162,0.14402527171667412,0.14402527171667412,1.041062554,0.777942965,0.140014024,0.0119,0.0,-0.005362162,-0.000709322,0.1440252717166741
2024-04-15,-0.486027688,0.871908337,0.0,0.0,-0.289569902,0.507615303,0.0,0.0119,0.0,0.0,0.0,0.0,-0.000709322,0.0,-0.005362162,0.14402527171667412,0.14402527171667412,0.871908337,-0.289569902,0.507615303,0.0119,0.0,-0.005362162,-0.000709322,0.1440252717166741
2024-04-16,-0.488401459,0.0,-4.195604674,0.0,-0.069621725,0.396354066,0.0,0.0119,0.0,0.0,0.0,0.0,-0.000709322,0.0,-0.005362162,0.14402527171667412,0.14402527171667412,-4.195604674,-0.069621725,0.396354066,0.0119,0.0,-0.005362162,-0.000709322,0.1440252717166741
2024-04-17,0.488401459,0.23195686,0.0,0.0,-3.028570595,0.473560475,0.0,0.0119,0.0,0.0,0.0,0.0,-0.000709322,0.0,-0.005362162,0.14402527171667412,0.14402527171667412,0.23195686,-3.028570595,0.473560475,0.0119,0.0,-0.005362162,-0.000709322,0.1440252717166741
2024-04-18,0.0,0.0,0.0,0.0,-0.095762516,0.0,0.0,0.0119,0.0,0.0,0.0,0.0,-0.000709322,0.0,-0.005362162,0.14402527171667412,0.14402527171667412,0.0,-0.095762516,0.0,0.0119,0.0,-0.005362162,-0.000709322,0.1440252717166741
2024-04-19,-0.366077285,0.0,-3.38035965,0.346703677,0.0,0.157356445,0.0,0.0119,0.0,0.0,0.0,0.0,-0.000709322,0.0,-0.005362162,0.14402527171667412,0.14402527171667412,-3.38035965,0.346703677,0.157356445,0.0119,0.0,-0.005362162,-0.000709322,0.1440252717166741
2024-04-22,-0.982808894,0.245280588,0.0,0.035797387,0.0,0.058944888,0.0,0.0119,0.0,0.0,0.0,0.0,-0.000709322,0.0,-0.005362162,0.14402527171667412,0.14402527171667412,0.245280588,0.035797387,0.058944888,0.0119,0.0,-0.005362162,-0.000709322,0.1440252717166741
2024-04-23,0.0,0.571952383,0.0,0.416692073,0.0,0.0,-0.058944888,0.0119,0.0,0.0,0.0,0.0,-0.000709322,0.0,-0.005362162,0.14402527171667412,0.14402527171667412,0.571952383,0.416692073,-0.058944888,0.0119,0.0,-0.005362162,-0.000709322,0.1440252717166741
2024-04-24,1.834913867,0.0,-0.344127254,0.0,-0.095090938,0.0,-0.137673343,0.0119,0.0,0.0,0.0,0.0,-0.000709322,0.0,-0.005362162,0.14402527171667412,0.14402527171667412,-0.344127254,-0.095090938,-0.137673343,0.0119,0.0,-0.005362162,-0.000709322,0.1440252717166741
2024-04-25,-0.607904608,1.653386155,0.0,0.982198299,0.0,0.0,-0.216727501,0.0119,0.0,0.0,0.0,0.0,-0.000709322,0.0,-0.005362162,0.14402527171667412,0.14402527171667412,1.653386155,0.982198299,-0.216727501,0.0119,0.0,-0.005362162,-0.000709322,0.1440252717166741
2024-04-26,1.212136053,0.0,-0.533649358,0.540224449,0.0,0.0,-0.078926602,0.0119,0.0,0.0,0.0,0.0,-0.000709322,0.0,-0.005362162,0.14402527171667412,0.14402527171667412,-0.533649358,0.540224449,-0.078926602,0.0119,0.0,-0.005362162,-0.000709322,0.1440252717166741
2024-04-29,0.0,0.0,0.0,0.0,-1.320462478,0.0,0.0,0.0119,0.0,0.0,0.0,0.0,-0.000709322,0.0,-0.005362162,0.14402527171667412,0.14402527171667412,0.0,-1.320462478,0.0,0.0119,0.0,-0.005362162,-0.000709322,0.1440252717166741
2024-04-30,0.0,0.0,0.0,0.0,-0.918039234,0.0,0.0,0.0,-0.0027,0.0,0.0,0.092648142,0.0,0.011533248,0.0,0.14402527171667412,0.14402527171667412,0.0,-0.918039234,0.0,-0.0027,0.0,0.011533248,0.092648142,0.1440252717166741
2024-05-01,0.0,0.0,0.0,0.0,-3.398828893,0.0,0.0,0.0,-0.0027,0.0,0.0,0.092648142,0.0,0.011533248,0.0,0.14402527171667412,0.14402527171667412,0.0,-3.398828893,0.0,-0.0027,0.0,0.011533248,0.092648142,0.1440252717166741
2024-05-02,-0.120554566,1.019926253,0.0,0.0,-0.136400294,0.23659317,0.0,0.0,-0.0027,0.0,0.0,0.092648142,0.0,0.011533248,0.0,0.14402527171667412,0.14402527171667412,1.019926253,-0.136400294,0.23659317,-0.0027,0.0,0.011533248,0.092648142,0.1440252717166741
2024-05-03,0.721156972,0.855151905,0.0,0.0,-1.173253598,0.039377831,0.0,0.0,-0.0027,0.0,0.0,0.092648142,0.0,0.011533248,0.0,0.14402527171667412,0.14402527171667412,0.855151905,-1.173253598,0.039377831,-0.0027,0.0,0.011533248,0.092648142,0.1440252717166741
2024-05-06,0.953523315,0.355185049,0.0,0.563381772,0.0,0.0,-0.118180041,0.0,-0.0027,0.0,0.0,0.092648142,0.0,0.011533248,0.0,0.14402527171667412,0.14402527171667412,0.355185049,0.563381772,-0.118180041,-0.0027,0.0,0.011533248,0.092648142,0.1440252717166741
2024-05-07,1.179258949,1.505454356,0.0,0.0,-0.162428973,0.118180041,0.0,0.0,-0.0027,0.0,0.0,0.092648142,0.0,0.011533248,0.0,0.14402527171667412,0.14402527171667412,1.505454356,-0.162428973,0.118180041,-0.0027,0.0,0.011533248,0.092648142,0.1440252717166741
2024-05-08,-0.117302066,0.0,-0.151861538,0.747480745,0.0,0.098376791,0.0,0.0,-0.0027,0.0,0.0,0.092648142,0.0,0.011533248,0.0,0.14402527171667412,0.14402527171667412,-0.151861538,0.747480745,0.098376791,-0.0027,0.0,0.011533248,0.092648142,0.1440252717166741
2024-05-09,2.320289708,0.7370588,0.0,0.359289242,0.0,0.058979654,0.0,0.0,-0.0027,0.0,0.0,0.092648142,0.0,0.011533248,0.0,0.14402527171667412,0.14402527171667412,0.7370588,0.359289242,0.058979654,-0.0027,0.0,0.011533248,0.092648142,0.1440252717166741
2024-05-10,2.573241397,0.0,-0.082248995,0.0,-1.307045432,0.039300452,0.0,0.0,-0.0027,0.0,0.0,0.092648142,0.0,0.011533248,0.0,0.14402527171667412,0.14402527171667412,-0.082248995,-1.307045432,0.039300452,-0.0027,0.0,0.011533248,0.092648142,0.1440252717166741
2024-05-13,-2.345690035,0.0,-0.287203644,1.121367345,0.0,0.011787125,0.0,0.0,-0.0027,0.0,0.0,0.092648142,0.0,0.011533248,0.0,0.14402527171667412,0.14402527171667412,-0.287203644,1.121367345,0.011787125,-0.0027,0.0,0.011533248,0.092648142,0.1440252717166741
2024-05-14,-1.729149711,0.0,-0.157150793,0.0,-1.359716576,0.0,-0.011787125,0.0,-0.0027,0.0,0.0,0.092648142,0.0,0.011533248,0.0,0.14402527171667412,0.14402527171667412,-0.157150793,-1.359716576,-0.011787125,-0.0027,0.0,0.011533248,0.092648142,0.1440252717166741
2024-05-15,1.957460312,0.190793856,0.0,0.763219219,0.0,0.0,-0.019648296,0.0,-0.0027,0.0,0.0,0.092648142,0.0,0.011533248,0.0,0.14402527171667412,0.14402527171667412,0.190793856,0.763219219,-0.019648296,-0.0027,0.0,0.011533248,0.092648142,0.1440252717166741
2024-05-16,-0.228310601,1.265376278,0.0,0.769807626,0.0,0.0,-0.055035775,0.0,-0.0027,0.0,0.0,0.092648142,0.0,0.011533248,0.0,0.14402527171667412,0.14402527171667412,1.265376278,0.769807626,-0.055035775,-0.0027,0.0,0.011533248,0.092648142,0.1440252717166741
2024-05-17,0.0,0.459988582,0.0,0.996869987,0.0,0.066825215,0.0,0.0,-0.0027,0.0,0.0,0.092648142,0.0,0.011533248,0.0,0.14402527171667412,0.14402527171667412,0.459988582,0.996869987,0.066825215,-0.0027,0.0,0.011533248,0.092648142,0.1440252717166741
2024-05-20,1.699757637,0.874668565,0.0,0.0,-0.331187055,0.015717092,0.0,0.0,-0.0027,0.0,0.0,0.092648142,0.0,0.011533248,0.0,0.14402527171667412,0.14402527171667412,0.874668565,-0.331187055,0.015717092,-0.0027,0.0,0.011533248,0.092648142,0.1440252717166741
2024-05-21,-0.563381772,0.0,-0.285228865,0.0,-0.900962589,0.035354429,0.0,0.0,-0.0027,0.0,0.0,0.092648142,0.0,0.011533248,0.0,0.14402527171667412,0.14402527171667412,-0.285228865,-0.900962589,0.035354429,-0.0027,0.0,0.011533248,0.092648142,0.1440252717166741
2024-05-22,0.450959051,0.188420413,0.0,0.0,-1.889800312,0.011782032,0.0,0.0,-0.0027,0.0,0.0,0.092648142,0.0,0.011533248,0.0,0.14402527171667412,0.14402527171667412,0.188420413,-1.889800312,0.011782032,-0.0027,0.0,0.011533248,0.092648142,0.1440252717166741
2024-05-23,-1.245064188,0.0,-1.151686427,0.0,-2.145402168,0.019633636,0.0,0.0,-0.0027,0.0,0.0,0.092648142,0.0,0.011533248,0.0,0.14402527171667412,0.14402527171667412,-1.151686427,-2.145402168,0.019633636,-0.0027,0.0,0.011533248,0.092648142,0.1440252717166741
2024-05-24,-0.342270728,0.87166403,0.0,1.295305061,0.0,0.0,-0.015706601,0.0,-0.0027,0.0,0.0,0.092648142,0.0,0.011533248,0.0,0.14402527171667412,0.14402527171667412,0.87166403,1.295305061,-0.015706601,-0.0027,0.0,0.011533248,0.092648142,0.1440252717166741
2024-05-27,0.456101133,0.0,-1.040896908,0.0,0.0,0.0,-0.07857003,0.0,-0.0027,0.0,0.0,0.092648142,0.0,0.011533248,0.0,0.14402527171667412,0.14402527171667412,-1.040896908,0.0,-0.07857003,-0.0027,0.0,0.011533248,0.092648142,0.1440252717166741
2024-05-28,0.680274732,0.691727693,0.0,3.037000881,0.0,0.011789441,0.0,0.0,-0.0027,0.0,0.0,0.092648142,0.0,0.011533248,0.0,0.14402527171667412,0.14402527171667412,0.691727693,3.037000881,0.011789441,-0.0027,0.0,0.011533248,0.092648142,0.1440252717166741
2024-05-29,-0.22624444,0.978509706,0.0,0.0,-0.819168041,0.007858855,0.0,0.0,-0.0027,0.0,0.0,0.092648142,0.0,0.011533248,0.0,0.14402527171667412,0.14402527171667412,0.978509706,-0.819168041,0.007858855,-0.0027,0.0,0.011533248,0.092648142,0.1440252717166741
2024-05-30,-2.291050952,0.0,-1.591911822,0.0,-1.608074853,0.0,0.0,0.0,-0.0027,0.0,0.0,0.092648142,0.0,0.011533248,0.0,0.14402527171667412,0.14402527171667412,-1.591911822,-1.608074853,0.0,-0.0027,0.0,0.011533248,0.092648142,0.1440252717166741
2024-05-31,-2.345690035,0.309536653,0.0,0.0,-1.26172578,0.0,-0.039300452,0.0008,0.0,0.0,0.0,0.041551083,0.0,0.0,-0.005789493,0.14402527171667412,0.14402527171667412,0.309536653,-1.26172578,-0.039300452,0.0008,0.0,-0.005789493,0.041551083,0.1440252717166741
2024-06-03,-2.345690035,0.258265827,0.0,0.0,-3.537535216,0.0,-0.031451486,0.0008,0.0,0.0,0.0,0.041551083,0.0,0.0,-0.005789493,0.14402527171667412,0.14402527171667412,0.258265827,-3.537535216,-0.031451486,0.0008,0.0,-0.005789493,0.041551083,0.1440252717166741
2024-06-04,-0.643254502,1.084025695,0.0,0.0,-1.324168348,0.0,-0.086542628,0.0008,0.0,0.0,0.0,0.041551083,0.0,0.0,-0.005789493,0.14402527171667412,0.14402527171667412,1.084025695,-1.324168348,-0.086542628,0.0008,0.0,-0.005789493,0.041551083,0.1440252717166741
2024-06-05,-0.907564897,0.125163759,0.0,1.084711004,0.0,0.019675357,0.0,0.0008,0.0,0.0,0.0,0.041551083,0.0,0.0,-0.005789493,0.14402527171667412,0.14402527171667412,0.125163759,1.084711004,0.019675357,0.0008,0.0,-0.005789493,0.041551083,0.1440252717166741
2024-06-06,0.0,0.129662933,0.0,1.899793285,0.0,0.019671486,0.0,0.0008,0.0,0.0,0.0,0.041551083,0.0,0.0,-0.005789493,0.14402527171667412,0.14402527171667412,0.129662933,1.899793285,0.019671486,0.0008,0.0,-0.005789493,0.041551083,0.1440252717166741
2024-06-07,-2.345690035,0.020171927,0.0,0.013067625,0.0,0.0,-0.078709174,0.0008,0.0,0.0,0.0,0.041551083,0.0,0.0,-0.005789493,0.14402527171667412,0.14402527171667412,0.020171927,0.013067625,-0.078709174,0.0008,0.0,-0.005789493,0.041551083,0.1440252717166741
2024-06-10,0.0,0.280433383,0.0,2.859545688,0.0,0.059037687,0.0,0.0008,0.0,0.0,0.0,0.041551083,0.0,0.0,-0.005789493,0.14402527171667412,0.14402527171667412,0.280433383,2.859545688,0.059037687,0.0008,0.0,-0.005789493,0.041551083,0.1440252717166741
2024-06-11,0.0,0.182401411,0.0,0.164943259,0.0,0.078662738,0.0,0.0008,0.0,0.0,0.0,0.041551083,0.0,0.0,-0.005789493,0.14402527171667412,0.14402527171667412,0.182401411,0.164943259,0.078662738,0.0008,0.0,-0.005789493,0.041551083,0.1440252717166741
2024-06-12,0.0,0.0,-0.776736049,0.858374369,0.0,0.0,0.0,0.0008,0.0,0.0,0.0,0.041551083,0.0,0.0,-0.005789493,0.14402527171667412,0.14402527171667412,-0.776736049,0.858374369,0.0,0.0008,0.0,-0.005789493,0.041551083,0.1440252717166741
2024-06-13,0.0,1.596513626,0.0,0.062825911,0.0,0.0,0.0,0.0008,0.0,0.0,0.0,0.041551083,0.0,0.0,-0.005789493,0.14402527171667412,0.14402527171667412,1.596513626,0.062825911,0.0,0.0008,0.0,-0.005789493,0.041551083,0.1440252717166741
2024-06-14,0.0,0.0,-0.177841875,0.0,-0.251540819,0.058956472,0.0,0.0008,0.0,0.0,0.0,0.041551083,0.0,0.0,-0.005789493,0.14402527171667412,0.14402527171667412,-0.177841875,-0.251540819,0.058956472,0.0008,0.0,-0.005789493,0.041551083,0.1440252717166741
2024-06-17,0.0,0.0,-1.646945888,2.389064727,0.0,0.0,0.0,0.0008,0.0,0.0,0.0,0.041551083,0.0,0.0,-0.005789493,0.14402527171667412,0.14402527171667412,-1.646945888,2.389064727,0.0,0.0008,0.0,-0.005789493,0.041551083,0.1440252717166741
2024-06-18,0.0,0.0,-0.210035721,1.634182709,0.0,0.0,-0.019648296,0.0008,0.0,0.0,0.0,0.041551083,0.0,0.0,-0.005789493,0.14402527171667412,0.14402527171667412,-0.210035721,1.634182709,-0.019648296,0.0008,0.0,-0.005789493,0.041551083,0.1440252717166741
2024-06-19,0.0,0.281768379,0.0,0.0,0.0,0.019648296,0.0,0.0008,0.0,0.0,0.0,0.041551083,0.0,0.0,-0.005789493,0.14402527171667412,0.14402527171667412,0.281768379,0.0,0.019648296,0.0008,0.0,-0.005789493,0.041551083,0.1440252717166741
2024-06-20,0.0,0.0,-0.092014261,0.807184673,0.0,0.0,0.0,0.0008,0.0,0.0,0.0,0.041551083,0.0,0.0,-0.005789493,0.14402527171667412,0.14402527171667412,-0.092014261,0.807184673,0.0,0.0008,0.0,-0.005789493,0.041551083,0.1440252717166741
2024-06-21,0.0,0.253224855,0.0,0.0,-1.97522326,0.0,0.0,0.0008,0.0,0.0,0.0,0.041551083,0.0,0.0,-0.005789493,0.14402527171667412,0.14402527171667412,0.253224855,-1.97522326,0.0,0.0008,0.0,-0.005789493,0.041551083,0.1440252717166741
2024-06-24,0.0,0.0,-0.302385803,1.119641732,0.0,0.019644436,0.0,0.0008,0.0,0.0,0.0,0.041551083,0.0,0.0,-0.005789493,0.14402527171667412,0.14402527171667412,-0.302385803,1.119641732,0.019644436,0.0008,0.0,-0.005789493,0.041551083,0.1440252717166741
2024-06-25,0.0,0.0,-2.004040328,0.0,-0.801948405,0.0,0.0,0.0008,0.0,0.0,0.0,0.041551083,0.0,0.0,-0.005789493,0.14402527171667412,0.14402527171667412,-2.004040328,-0.801948405,0.0,0.0008,0.0,-0.005789493,0.041551083,0.1440252717166741
2024-06-26,0.0,0.252910996,0.0,0.26803135,0.0,0.039277298,0.0,0.0008,0.0,0.0,0.0,0.041551083,0.0,0.0,-0.005789493,0.14402527171667412,0.14402527171667412,0.252910996,0.26803135,0.039277298,0.0008,0.0,-0.005789493,0.041551083,0.1440252717166741
2024-06-27,0.0,0.139701411,0.0,1.028877926,0.0,0.0,-0.039277298,0.0008,0.0,0.0,0.0,0.041551083,0.0,0.0,-0.005789493,0.14402527171667412,0.14402527171667412,0.139701411,1.028877926,-0.039277298,0.0008,0.0,-0.005789493,0.041551083,0.1440252717166741
2024-06-28,0.0,0.0,-0.03490706,0.0,-0.253210481,0.0,-0.039292731,0.0008,0.0,0.0,0.0,0.041551083,0.0,0.0,-0.005789493,0.14402527171667412,0.14402527171667412,-0.03490706,-0.253210481,-0.039292731,0.0008,0.0,-0.005789493,0.041551083,0.1440252717166741
2024-07-01,0.0,0.0,-1.112275091,2.232528705,0.0,0.019648296,0.0,0.0006,0.0,0.0,0.0,0.008805998,0.0,0.006483529,0.0,0.22494373181835758,0.22494373181835758,-1.112275091,2.232528705,0.019648296,0.0006,0.0,0.006483529,0.008805998,0.2249437318183575
2024-07-02,0.0,1.001126037,0.0,0.0,-0.722794781,0.0,0.0,0.0006,0.0,0.0,0.0,0.008805998,0.0,0.006483529,0.0,0.22494373181835758,0.22494373181835758,1.001126037,-0.722794781,0.0,0.0006,0.0,0.006483529,0.008805998,0.2249437318183575
2024-07-03,0.0,1.136604749,0.0,1.299640221,0.0,0.0,0.0,0.0006,0.0,0.0,0.0,0.008805998,0.0,0.006483529,0.0,0.22494373181835758,0.22494373181835758,1.136604749,1.299640221,0.0,0.0006,0.0,0.006483529,0.008805998,0.2249437318183575
2024-07-04,0.0,0.439633485,0.0,0.0,0.0,0.0,0.0,0.0006,0.0,0.0,0.0,0.008805998,0.0,0.006483529,0.0,0.22494373181835758,0.22494373181835758,0.439633485,0.0,0.0,0.0006,0.0,0.006483529,0.008805998,0.2249437318183575
2024-07-05,0.0,0.182806838,0.0,0.0,-0.884283307,0.0,-0.149423959,0.0006,0.0,0.0,0.0,0.008805998,0.0,0.006483529,0.0,0.22494373181835758,0.22494373181835758,0.182806838,-0.884283307,-0.149423959,0.0006,0.0,0.006483529,0.008805998,0.2249437318183575
2024-07-08,0.0,0.321833088,0.0,0.0,-0.963891559,0.011804749,0.0,0.0006,0.0,0.0,0.0,0.008805998,0.0,0.006483529,0.0,0.22494373181835758,0.22494373181835758,0.321833088,-0.963891559,0.011804749,0.0006,0.0,0.006483529,0.008805998,0.2249437318183575
2024-07-09,0.0,0.076992775,0.0,0.0,-1.021582107,0.0,-0.007869678,0.0006,0.0,0.0,0.0,0.008805998,0.0,0.006483529,0.0,0.22494373181835758,0.22494373181835758,0.076992775,-1.021582107,-0.007869678,0.0006,0.0,0.006483529,0.008805998,0.2249437318183575
2024-07-10,0.0,0.715755021,0.0,0.734191178,0.0,0.007869678,0.0,0.0006,0.0,0.0,0.0,0.008805998,0.0,0.006483529,0.0,0.22494373181835758,0.22494373181835758,0.715755021,0.734191178,0.007869678,0.0006,0.0,0.006483529,0.008805998,0.2249437318183575
2024-07-11,0.0,0.0,-0.34252037,0.633556599,0.0,0.031472521,0.0,0.0006,0.0,0.0,0.0,0.008805998,0.0,0.006483529,0.0,0.22494373181835758,0.22494373181835758,-0.34252037,0.633556599,0.031472521,0.0006,0.0,0.006483529,0.008805998,0.2249437318183575
2024-07-12,0.664630919,0.0,-0.510151706,0.0,-0.513709988,0.0,-0.051147877,0.0006,0.0,0.0,0.0,0.008805998,0.0,0.006483529,0.0,0.22494373181835758,0.22494373181835758,-0.510151706,-0.513709988,-0.051147877,0.0006,0.0,0.006483529,0.008805998,0.2249437318183575
2024-07-15,0.0,0.0,-0.03347984,0.0,-0.323916065,0.0,-0.196966776,0.0006,0.0,0.0,0.0,0.008805998,0.0,0.006483529,0.0,0.22494373181835758,0.22494373181835758,-0.03347984,-0.323916065,-0.196966776,0.0006,0.0,0.006483529,0.008805998,0.2249437318183575
2024-07-16,0.0,0.0,-0.102065869,0.0,-1.574454226,0.059130779,0.0,0.0006,0.0,0.0,0.0,0.008805998,0.0,0.006483529,0.0,0.22494373181835758,0.22494373181835758,-0.102065869,-1.574454226,0.059130779,0.0006,0.0,0.006483529,0.008805998,0.2249437318183575
2024-07-17,0.660242726,0.252248178,0.0,2.69765877,0.0,0.0,-0.236733194,0.0006,0.0,0.0,0.0,0.008805998,0.0,0.006483529,0.0,0.22494373181835758,0.22494373181835758,0.252248178,2.69765877,-0.236733194,0.0006,0.0,0.006483529,0.008805998,0.2249437318183575
2024-07-18,2.573241397,0.0,-1.182640435,0.011881423,0.0,0.0,-0.019753086,0.0006,0.0,0.0,0.0,0.008805998,0.0,0.006483529,0.0,0.22494373181835758,0.22494373181835758,-1.182640435,0.011881423,-0.019753086,0.0006,0.0,0.006483529,0.008805998,0.2249437318183575
2024-07-19,0.0,0.340111001,0.0,0.0,-3.309480774,0.019753086,0.0,0.0006,0.0,0.0,0.0,0.008805998,0.0,0.006483529,0.0,0.22494373181835758,0.22494373181835758,0.340111001,-3.309480774,0.019753086,0.0006,0.0,0.006483529,0.008805998,0.2249437318183575
2024-07-22,-0.63897981,0.0,-1.092769182,0.0,-0.221293427,0.039494471,0.0,0.0006,0.0,0.0,0.0,0.008805998,0.0,0.006483529,0.0,0.22494373181835758,0.22494373181835758,-1.092769182,-0.221293427,0.039494471,0.0006,0.0,0.006483529,0.008805998,0.2249437318183575
2024-07-23,-0.643089033,0.0,-0.373291831,0.0,-3.774979548,0.118389911,0.0,0.0006,0.0,0.0,0.0,0.008805998,0.0,0.006483529,0.0,0.22494373181835758,0.22494373181835758,-0.373291831,-3.774979548,0.118389911,0.0006,0.0,0.006483529,0.008805998,0.2249437318183575
2024-07-24,0.0,0.0,-2.515622822,0.687813182,0.0,0.0,-0.019721921,0.0006,0.0,0.0,0.0,0.008805998,0.0,0.006483529,0.0,0.22494373181835758,0.22494373181835758,-2.515622822,0.687813182,-0.019721921,0.0006,0.0,0.006483529,0.008805998,0.2249437318183575
2024-07-25,0.0,0.603641569,0.0,0.82169731,0.0,0.0,-0.256739551,0.0006,0.0,0.0,0.0,0.008805998,0.0,0.006483529,0.0,0.22494373181835758,0.22494373181835758,0.603641569,0.82169731,-0.256739551,0.0006,0.0,0.006483529,0.008805998,0.2249437318183575
2024-07-26,0.0,0.185565643,0.0,0.0,-1.075891651,0.05930612,0.0,0.0006,0.0,0.0,0.0,0.008805998,0.0,0.006483529,0.0,0.22494373181835758,0.22494373181835758,0.185565643,-1.075891651,0.05930612,0.0006,0.0,0.006483529,0.008805998,0.2249437318183575
2024-07-29,0.0,1.006887504,0.0,0.0,-1.681143218,0.0,-0.098863083,0.0006,0.0,0.0,0.0,0.008805998,0.0,0.006483529,0.0,0.22494373181835758,0.22494373181835758,1.006887504,-1.681143218,-0.098863083,0.0006,0.0,0.006483529,0.008805998,0.2249437318183575
2024-07-30,-0.647251451,0.0,-0.03847788,0.0,-1.433809756,0.0,0.0,0.0006,0.0,0.0,0.0,0.008805998,0.0,0.006483529,0.0,0.22494373181835758,0.22494373181835758,-0.03847788,-1.433809756,0.0,0.0006,0.0,0.006483529,0.008805998,0.2249437318183575
2024-07-31,0.0,0.017637533,0.0,4.102677859,0.0,0.0,-0.158384511,0.0019,0.0,0.0,0.0,0.0,-0.041915784,0.016583757,0.0,0.22494373181835758,0.22494373181835758,0.017637533,4.102677859,-0.158384511,0.0019,0.0,0.016583757,-0.041915784,0.2249437318183575
2024-08-01,1.033600933,0.57073583,0.0,0.0,-2.062453755,0.0,-0.079286426,0.0019,0.0,0.0,0.0,0.0,-0.041915784,0.016583757,0.0,0.22494373181835758,0.22494373181835758,0.57073583,-2.062453755,-0.079286426,0.0019,0.0,0.016583757,-0.041915784,0.2249437318183575
2024-08-02,0.640617181,0.0,-3.151346085,0.0,-3.601515411,0.0,-0.039666799,0.0019,0.0,0.0,0.0,0.0,-0.041915784,0.016583757,0.0,0.22494373181835758,0.22494373181835758,-3.151346085,-3.601515411,-0.039666799,0.0019,0.0,0.016583757,-0.041915784,0.2249437318183575
2024-08-05,0.0,0.277650175,0.0,0.0,-0.709270287,0.0,-0.436554171,0.0019,0.0,0.0,0.0,0.0,-0.041915784,0.016583757,0.0,0.22494373181835758,0.22494373181835758,0.277650175,-0.709270287,-0.436554171,0.0019,0.0,0.016583757,-0.041915784,0.2249437318183575
2024-08-06,-1.674218114,0.0,-1.781911526,0.187843877,0.0,0.199163579,0.0,0.0019,0.0,0.0,0.0,0.0,-0.041915784,0.016583757,0.0,0.22494373181835758,0.22494373181835758,-1.781911526,0.187843877,0.199163579,0.0019,0.0,0.016583757,-0.041915784,0.2249437318183575
2024-08-07,0.0,1.610319413,0.0,2.750041097,0.0,0.099433239,0.0,0.0019,0.0,0.0,0.0,0.0,-0.041915784,0.016583757,0.0,0.22494373181835758,0.22494373181835758,1.610319413,2.750041097,0.099433239,0.0019,0.0,0.016583757,-0.041915784,0.2249437318183575
2024-08-08,-0.651468102,0.0,-0.422433197,1.244184012,0.0,0.0,-0.07953868,0.0019,0.0,0.0,0.0,0.0,-0.041915784,0.016583757,0.0,0.22494373181835758,0.22494373181835758,-0.422433197,1.244184012,-0.07953868,0.0019,0.0,0.016583757,-0.041915784,0.2249437318183575
2024-08-09,0.0,0.285934611,0.0,0.820938423,0.0,0.0,-0.179193677,0.0019,0.0,0.0,0.0,0.0,-0.041915784,0.016583757,0.0,0.22494373181835758,0.22494373181835758,0.285934611,0.820938423,-0.179193677,0.0019,0.0,0.016583757,-0.041915784,0.2249437318183575
2024-08-12,0.0,0.872509375,0.0,3.969719252,0.0,0.119498122,0.0,0.0019,0.0,0.0,0.0,0.0,-0.041915784,0.016583757,0.0,0.22494373181835758,0.22494373181835758,0.872509375,3.969719252,0.119498122,0.0019,0.0,0.016583757,-0.041915784,0.2249437318183575
2024-08-13,1.941808586,0.314363226,0.0,0.0,-2.034052516,0.0,-0.01990644,0.0019,0.0,0.0,0.0,0.0,-0.041915784,0.016583757,0.0,0.22494373181835758,0.22494373181835758,0.314363226,-2.034052516,-0.01990644,0.0019,0.0,0.016583757,-0.041915784,0.2249437318183575
2024-08-14,0.0,0.315809819,0.0,0.0,-1.693242375,0.0,-0.378977216,0.0019,0.0,0.0,0.0,0.0,-0.041915784,0.016583757,0.0,0.22494373181835758,0.22494373181835758,0.315809819,-1.693242375,-0.378977216,0.0019,0.0,0.016583757,-0.041915784,0.2249437318183575
2024-08-15,0.0,0.0,-0.253218114,1.505119161,0.0,0.059934074,0.0,0.0019,0.0,0.0,0.0,0.0,-0.041915784,0.016583757,0.0,0.22494373181835758,0.22494373181835758,-0.253218114,1.505119161,0.059934074,0.0019,0.0,0.016583757,-0.041915784,0.2249437318183575
2024-08-16,0.0,0.0,-0.187892769,0.0,-2.041793079,0.059898175,0.0,0.0019,0.0,0.0,0.0,0.0,-0.041915784,0.016583757,0.0,0.22494373181835758,0.22494373181835758,-0.187892769,-2.041793079,0.059898175,0.0019,0.0,0.016583757,-0.041915784,0.2249437318183575
2024-08-19,0.0,2.499698015,0.0,0.0,-2.898753687,0.0,-0.359928403,0.0019,0.0,0.0,0.0,0.0,-0.041915784,0.016583757,0.0,0.22494373181835758,0.22494373181835758,2.499698015,-2.898753687,-0.359928403,0.0019,0.0,0.016583757,-0.041915784,0.2249437318183575
2024-08-20,1.273902578,0.340070323,0.0,0.0,-0.728046104,0.0,-0.180451177,0.0019,0.0,0.0,0.0,0.0,-0.041915784,0.016583757,0.0,0.22494373181835758,0.22494373181835758,0.340070323,-0.728046104,-0.180451177,0.0019,0.0,0.016583757,-0.041915784,0.2249437318183575
2024-08-21,0.0,0.685336615,0.0,0.0,-3.39152954,0.06018658,0.0,0.0019,0.0,0.0,0.0,0.0,-0.041915784,0.016583757,0.0,0.22494373181835758,0.22494373181835758,0.685336615,-3.39152954,0.06018658,0.0019,0.0,0.016583757,-0.041915784,0.2249437318183575
2024-08-22,0.0,1.172034919,0.0,1.310777915,0.0,0.120264597,0.0,0.0019,0.0,0.0,0.0,0.0,-0.041915784,0.016583757,0.0,0.22494373181835758,0.22494373181835758,1.172034919,1.310777915,0.120264597,0.0019,0.0,0.016583757,-0.041915784,0.2249437318183575
2024-08-23,0.0,0.0,-0.320552995,2.808797729,0.0,0.020030045,0.0,0.0019,0.0,0.0,0.0,0.0,-0.041915784,0.016583757,0.0,0.22494373181835758,0.22494373181835758,-0.320552995,2.808797729,0.020030045,0.0019,0.0,0.016583757,-0.041915784,0.2249437318183575
2024-08-26,0.0,0.499831969,0.0,3.346181727,0.0,0.0,-0.421475787,0.0019,0.0,0.0,0.0,0.0,-0.041915784,0.016583757,0.0,0.22494373181835758,0.22494373181835758,0.499831969,3.346181727,-0.421475787,0.0019,0.0,0.016583757,-0.041915784,0.2249437318183575
2024-08-27,0.0,0.0,-0.786241011,0.0,-2.453318652,0.0,-0.161030631,0.0019,0.0,0.0,0.0,0.0,-0.041915784,0.016583757,0.0,0.22494373181835758,0.22494373181835758,-0.786241011,-2.453318652,-0.161030631,0.0019,0.0,0.016583757,-0.041915784,0.2249437318183575
2024-08-28,0.0,0.301214449,0.0,0.0,-1.329054368,0.140915977,0.0,0.0019,0.0,0.0,0.0,0.0,-0.041915784,0.016583757,0.0,0.22494373181835758,0.22494373181835758,0.301214449,-1.329054368,0.140915977,0.0019,0.0,0.016583757,-0.041915784,0.2249437318183575
2024-08-29,0.0,0.0,-0.184054395,1.850567936,0.0,0.060331827,0.0,0.0019,0.0,0.0,0.0,0.0,-0.041915784,0.016583757,0.0,0.22494373181835758,0.22494373181835758,-0.184054395,1.850567936,0.060331827,0.0019,0.0,0.016583757,-0.041915784,0.2249437318183575
2024-08-30,0.0,0.199636665,0.0,0.0,-3.143833078,0.0,-0.040217173,0.0019,0.0,0.0,0.0,0.0,-0.041915784,0.016583757,0.0,0.22494373181835758,0.22494373181835758,0.199636665,-3.143833078,-0.040217173,0.0019,0.0,0.016583757,-0.041915784,0.2249437318183575
2024-09-02,0.0,0.0,0.0,0.0,0.0,0.0,0.0,0.0055,0.0,0.0,0.0,0.045429624,0.0,0.0,-0.030257797,0.22494373181835758,0.22494373181835758,0.0,0.0,0.0,0.0055,0.0,-0.030257797,0.045429624,0.2249437318183575
2024-09-03,0.0,0.0,0.0,0.0,-4.445176257,0.0,0.0,0.0055,0.0,0.0,0.0,0.045429624,0.0,0.0,-0.030257797,0.22494373181835758,0.22494373181835758,0.0,-4.445176257,0.0,0.0055,0.0,-0.030257797,0.045429624,0.2249437318183575
2024-09-04,0.0,0.0,-0.956563067,0.0,-1.655034594,0.0,-0.032185388,0.0055,0.0,0.0,0.0,0.045429624,0.0,0.0,-0.030257797,0.22494373181835758,0.22494373181835758,-0.956563067,-1.655034594,-0.032185388,0.0055,0.0,-0.030257797,0.045429624,0.2249437318183575
2024-09-05,-0.634922768,0.389365184,0.0,0.0,-0.028530671,0.0,-0.436554171,0.0055,0.0,0.0,0.0,0.045429624,0.0,0.0,-0.030257797,0.22494373181835758,0.22494373181835758,0.389365184,-0.028530671,-0.436554171,0.0055,0.0,-0.030257797,0.045429624,0.2249437318183575
2024-09-06,0.0,0.0,-0.639009944,0.0,-2.177918348,0.0,-0.436554171,0.0055,0.0,0.0,0.0,0.045429624,0.0,0.0,-0.030257797,0.22494373181835758,0.22494373181835758,-0.639009944,-2.177918348,-0.436554171,0.0055,0.0,-0.030257797,0.045429624,0.2249437318183575
2024-09-09,0.0,0.12686907,0.0,1.548175319,0.0,0.32467561,0.0,0.0055,0.0,0.0,0.0,0.045429624,0.0,0.0,-0.030257797,0.22494373181835758,0.22494373181835758,0.12686907,1.548175319,0.32467561,0.0055,0.0,-0.030257797,0.045429624,0.2249437318183575
2024-09-10,0.0,0.0,0.0,0.0,-4.282807331,0.0,-0.08107013,0.0055,0.0,0.0,0.0,0.045429624,0.0,0.0,-0.030257797,0.22494373181835758,0.22494373181835758,0.0,-4.282807331,-0.08107013,0.0055,0.0,-0.030257797,0.045429624,0.2249437318183575
2024-09-11,0.0,0.0,-1.234524886,2.252280715,0.0,0.0,-0.436554171,0.0055,0.0,0.0,0.0,0.045429624,0.0,0.0,-0.030257797,0.22494373181835758,0.22494373181835758,-1.234524886,2.252280715,-0.436554171,0.0055,0.0,-0.030257797,0.045429624,0.2249437318183575
2024-09-12,0.0,0.331918145,0.0,2.374514342,0.0,0.101781179,0.0,0.0055,0.0,0.0,0.0,0.045429624,0.0,0.0,-0.030257797,0.22494373181835758,0.22494373181835758,0.331918145,2.374514342,0.101781179,0.0055,0.0,-0.030257797,0.045429624,0.2249437318183575
2024-09-13,0.0,0.0,-0.393328267,0.0,-0.430169863,0.0,-0.183280776,0.0055,0.0,0.0,0.0,0.045429624,0.0,0.0,-0.030257797,0.22494373181835758,0.22494373181835758,-0.393328267,-0.430169863,-0.183280776,0.0055,0.0,-0.030257797,0.045429624,0.2249437318183575
2024-09-16,0.0,0.0,-0.198045168,2.146645795,0.0,0.0,0.0,0.0055,0.0,0.0,0.0,0.045429624,0.0,0.0,-0.030257797,0.22494373181835758,0.22494373181835758,-0.198045168,2.146645795,0.0,0.0055,0.0,-0.030257797,0.045429624,0.2249437318183575
2024-09-17,1.892800989,0.0,-0.883185187,1.479853895,0.0,0.366226249,0.0,0.0055,0.0,0.0,0.0,0.045429624,0.0,0.0,-0.030257797,0.22494373181835758,0.22494373181835758,-0.883185187,1.479853895,0.366226249,0.0055,0.0,-0.030257797,0.045429624,0.2249437318183575
2024-09-18,0.0,1.697605566,0.0,0.0,-0.402694427,0.0,-0.081267782,0.0055,0.0,0.0,0.0,0.045429624,0.0,0.0,-0.030257797,0.22494373181835758,0.22494373181835758,1.697605566,-0.402694427,-0.081267782,0.0055,0.0,-0.030257797,0.045429624,0.2249437318183575
2024-09-19,-0.250313022,0.541651023,0.0,1.36808601,0.0,0.0,-0.142377732,0.0055,0.0,0.0,0.0,0.045429624,0.0,0.0,-0.030257797,0.22494373181835758,0.22494373181835758,0.541651023,1.36808601,-0.142377732,0.0055,0.0,-0.030257797,0.045429624,0.2249437318183575
2024-09-20,0.250313022,0.758112052,0.0,0.0,-0.192334171,0.101719061,0.0,0.0055,0.0,0.0,0.0,0.045429624,0.0,0.0,-0.030257797,0.22494373181835758,0.22494373181835758,0.758112052,-0.192334171,0.101719061,0.0055,0.0,-0.030257797,0.045429624,0.2249437318183575
2024-09-23,0.0,0.0,-0.202124728,0.0,-1.929945358,0.101615698,0.0,0.0055,0.0,0.0,0.0,0.045429624,0.0,0.0,-0.030257797,0.22494373181835758,0.22494373181835758,-0.202124728,-1.929945358,0.101615698,0.0055,0.0,-0.030257797,0.045429624,0.2249437318183575
2024-09-24,1.857638557,0.0,-0.542582128,1.406023023,0.0,0.0,-0.101615698,0.0055,0.0,0.0,0.0,0.045429624,0.0,0.0,-0.030257797,0.22494373181835758,0.22494373181835758,-0.542582128,1.406023023,-0.101615698,0.0055,0.0,-0.030257797,0.045429624,0.2249437318183575
2024-09-25,0.0,1.115770593,0.0,0.0,-2.68999128,0.0,-0.040675209,0.0055,0.0,0.0,0.0,0.045429624,0.0,0.0,-0.030257797,0.22494373181835758,0.22494373181835758,1.115770593,-2.68999128,-0.040675209,0.0055,0.0,-0.030257797,0.045429624,0.2249437318183575
2024-09-26,0.0,0.586977052,0.0,0.0,-3.08604158,0.142290907,0.0,0.0055,0.0,0.0,0.0,0.045429624,0.0,0.0,-0.030257797,0.22494373181835758,0.22494373181835758,0.586977052,-3.08604158,0.142290907,0.0055,0.0,-0.030257797,0.045429624,0.2249437318183575
2024-09-27,0.0,0.386838699,0.0,0.642337975,0.0,0.0,-0.101615698,0.0055,0.0,0.0,0.0,0.045429624,0.0,0.0,-0.030257797,0.22494373181835758,0.22494373181835758,0.386838699,0.642337975,-0.101615698,0.0055,0.0,-0.030257797,0.045429624,0.2249437318183575
2024-09-30,0.0,0.0,-0.375986827,0.043645887,0.0,0.0,-0.142435674,0.0,0.0,0.0,0.0,0.066631643,0.0,0.022329511,0.0,0.22494373181835758,0.22494373181835758,-0.375986827,0.043645887,-0.142435674,0.0,0.0,0.022329511,0.066631643,0.2249437318183575
2024-10-01,0.611622702,0.039521863,0.0,2.385856198,0.0,0.162767076,0.0,0.0,0.0,0.0,0.0,0.066631643,0.0,0.022329511,0.0,-0.1173334964265158,-0.1173334964265158,0.039521863,2.385856198,0.162767076,0.0,0.0,0.022329511,0.066631643,-0.1173334964265158
2024-10-02,0.0,0.0,-0.079834754,0.467588525,0.0,0.231486285,0.0,0.0,0.0,0.0,0.0,0.066631643,0.0,0.022329511,0.0,-0.1173334964265158,-0.1173334964265158,-0.079834754,0.467588525,0.231486285,0.0,0.0,0.022329511,0.066631643,-0.1173334964265158
2024-10-03,0.0,0.0,-0.093091819,4.950345496,0.0,0.37654153,0.0,0.0,0.0,0.0,0.0,0.066631643,0.0,0.022329511,0.0,-0.1173334964265158,-0.1173334964265158,-0.093091819,4.950345496,0.37654153,0.0,0.0,0.022329511,0.066631643,-0.1173334964265158
2024-10-04,0.0,0.0,-0.743961209,0.803970564,0.0,0.040404041,0.0,0.0,0.0,0.0,0.0,0.066631643,0.0,0.022329511,0.0,-0.1173334964265158,-0.1173334964265158,-0.743961209,0.803970564,0.040404041,0.0,0.0,0.022329511,0.066631643,-0.1173334964265158
2024-10-07,0.0,0.0,-0.259151678,3.707281578,0.0,0.342776825,0.0,0.0,0.0,0.0,0.0,0.066631643,0.0,0.022329511,0.0,-0.1173334964265158,-0.1173334964265158,-0.259151678,3.707281578,0.342776825,0.0,0.0,0.022329511,0.066631643,-0.1173334964265158
2024-10-08,1.212136053,0.0,-0.283407515,0.0,-4.60547114,0.0,-0.020130851,0.0,0.0,0.0,0.0,0.066631643,0.0,0.022329511,0.0,-0.1173334964265158,-0.1173334964265158,-0.283407515,-4.60547114,-0.020130851,0.0,0.0,0.022329511,0.066631643,-0.1173334964265158
2024-10-09,0.0,0.155541796,0.0,0.0,-0.553643977,0.0,-0.020134904,0.0,0.0,0.0,0.0,0.066631643,0.0,0.022329511,0.0,-0.1173334964265158,-0.1173334964265158,0.155541796,-0.553643977,-0.020134904,0.0,0.0,0.022329511,0.066631643,-0.1173334964265158
2024-10-10,-0.604231446,1.22096876,0.0,3.473171929,0.0,0.0,0.0,0.0,0.0,0.0,0.0,0.066631643,0.0,0.022329511,0.0,-0.1173334964265158,-0.1173334964265158,1.22096876,3.473171929,0.0,0.0,0.0,0.022329511,0.066631643,-0.1173334964265158
2024-10-11,0.0,0.0,-0.15132294,0.0,-0.458806599,0.0,-0.100735377,0.0,0.0,0.0,0.0,0.066631643,0.0,0.022329511,0.0,-0.1173334964265158,-0.1173334964265158,-0.15132294,-0.458806599,-0.100735377,0.0,0.0,0.022329511,0.066631643,-0.1173334964265158
2024-10-14,0.604231446,0.687256014,0.0,0.0,0.0,0.141001131,0.0,0.0,0.0,0.0,0.0,0.066631643,0.0,0.022329511,0.0,-0.1173334964265158,-0.1173334964265158,0.687256014,0.0,0.141001131,0.0,0.0,0.022329511,0.066631643,-0.1173334964265158
2024-10-15,0.0,0.0,-0.675607654,0.0,-6.640598443,0.341605878,0.0,0.0,0.0,0.0,0.0,0.066631643,0.0,0.022329511,0.0,-0.1173334964265158,-0.1173334964265158,-0.675607654,-6.640598443,0.341605878,0.0,0.0,0.022329511,0.066631643,-0.1173334964265158
2024-10-16,1.197619105,0.0,-0.619240432,0.0,-0.351642531,0.180378844,0.0,0.0,0.0,0.0,0.0,0.066631643,0.0,0.022329511,0.0,-0.1173334964265158,-0.1173334964265158,-0.619240432,-0.351642531,0.180378844,0.0,0.0,0.022329511,0.066631643,-0.1173334964265158
2024-10-17,0.0,0.217755334,0.0,0.407790764,0.0,0.507615303,0.0,0.0,0.0,0.0,0.0,0.066631643,0.0,0.022329511,0.0,-0.1173334964265158,-0.1173334964265158,0.217755334,0.407790764,0.507615303,0.0,0.0,0.022329511,0.066631643,-0.1173334964265158
2024-10-18,0.0,0.661278883,0.0,0.0,-2.098772442,0.0,-0.119213207,0.0,0.0,0.0,0.0,0.066631643,0.0,0.022329511,0.0,-0.1173334964265158,-0.1173334964265158,0.661278883,-2.098772442,-0.119213207,0.0,0.0,0.022329511,0.066631643,-0.1173334964265158
2024-10-21,2.353049741,0.0,-0.542844386,1.958342704,0.0,0.507615303,0.0,0.0,0.0,0.0,0.0,0.066631643,0.0,0.022329511,0.0,-0.1173334964265158,-0.1173334964265158,-0.542844386,1.958342704,0.507615303,0.0,0.0,0.022329511,0.066631643,-0.1173334964265158
2024-10-22,1.15608224,0.0,-0.308846828,2.333439206,0.0,0.414406118,0.0,0.0,0.0,0.0,0.0,0.066631643,0.0,0.022329511,0.0,-0.1173334964265158,-0.1173334964265158,-0.308846828,2.333439206,0.414406118,0.0,0.0,0.022329511,0.066631643,-0.1173334964265158
2024-10-23,0.0,0.0,-0.755063784,0.0,-2.038764188,0.039377831,0.0,0.0,0.0,0.0,0.0,0.066631643,0.0,0.022329511,0.0,-0.1173334964265158,-0.1173334964265158,-0.755063784,-2.038764188,0.039377831,0.0,0.0,0.022329511,0.066631643,-0.1173334964265158
2024-10-24,0.0,0.046424708,0.0,0.0,-1.113079474,0.0,-0.059072563,0.0,0.0,0.0,0.0,0.066631643,0.0,0.022329511,0.0,-0.1173334964265158,-0.1173334964265158,0.046424708,-1.113079474,-0.059072563,0.0,0.0,0.022329511,0.066631643,-0.1173334964265158
2024-10-25,0.0,0.0,-0.808026165,2.019703997,0.0,0.0,-0.118249915,0.0,0.0,0.0,0.0,0.066631643,0.0,0.022329511,0.0,-0.1173334964265158,-0.1173334964265158,-0.808026165,2.019703997,-0.118249915,0.0,0.0,0.022329511,0.066631643,-0.1173334964265158
2024-10-28,0.0,0.0,-0.65083573,0.0,-6.25965036,0.0,-0.039447732,0.0,0.0,0.0,0.0,0.066631643,0.0,0.022329511,0.0,-0.1173334964265158,-0.1173334964265158,-0.65083573,-6.25965036,-0.039447732,0.0,0.0,0.022329511,0.066631643,-0.1173334964265158
2024-10-29,0.0,0.419788811,0.0,0.0,-0.251609694,0.0,-0.197472418,0.0,0.0,0.0,0.0,0.066631643,0.0,0.022329511,0.0,-0.1173334964265158,-0.1173334964265158,0.419788811,-0.251609694,-0.197472418,0.0,0.0,0.022329511,0.066631643,-0.1173334964265158
2024-10-30,1.142869582,0.43940426,0.0,2.097004769,0.0,0.0,-0.059317847,0.0,0.0,0.0,0.0,0.066631643,0.0,0.022329511,0.0,-0.1173334964265158,-0.1173334964265158,0.43940426,2.097004769,-0.059317847,0.0,0.0,0.022329511,0.066631643,-0.1173334964265158
2024-10-31,0.0,0.0,-0.264680399,0.967586435,0.0,0.0,-0.039564788,0.0033,0.0,0.0,0.0,0.055937077,0.0,0.001763256,0.0,-0.1173334964265158,-0.1173334964265158,-0.264680399,0.967586435,-0.039564788,0.0033,0.0,0.001763256,0.055937077,-0.1173334964265158
2024-11-01,-0.569802111,0.171250567,0.0,0.330009626,0.0,0.039564788,0.0,0.0033,0.0,0.0,0.0,0.055937077,0.0,0.001763256,0.0,-0.1173334964265158,-0.1173334964265158,0.171250567,0.330009626,0.039564788,0.0033,0.0,0.001763256,0.055937077,-0.1173334964265158
2024-11-04,-0.573067471,0.0,-0.513837791,2.85249501,0.0,0.118600528,0.0,0.0033,0.0,0.0,0.0,0.055937077,0.0,0.001763256,0.0,-0.1173334964265158,-0.1173334964265158,-0.513837791,2.85249501,0.118600528,0.0033,0.0,0.001763256,0.055937077,-0.1173334964265158
2024-11-05,0.0,0.0,-0.885333102,0.596850963,0.0,0.078988946,0.0,0.0033,0.0,0.0,0.0,0.055937077,0.0,0.001763256,0.0,-0.1173334964265158,-0.1173334964265158,-0.885333102,0.596850963,0.078988946,0.0033,0.0,0.001763256,0.055937077,-0.1173334964265158
2024-11-06,0.0,0.510403461,0.0,0.0,-0.388242307,0.15779096,0.0,0.0033,0.0,0.0,0.0,0.055937077,0.0,0.001763256,0.0,-0.1173334964265158,-0.1173334964265158,0.510403461,-0.388242307,0.15779096,0.0033,0.0,0.001763256,0.055937077,-0.1173334964265158
2024-11-07,-2.345690035,1.222496489,0.0,0.981552085,0.0,0.0,-0.078864357,0.0033,0.0,0.0,0.0,0.055937077,0.0,0.001763256,0.0,-0.1173334964265158,-0.1173334964265158,1.222496489,0.981552085,-0.078864357,0.0033,0.0,0.001763256,0.055937077,-0.1173334964265158
2024-11-08,1.227009259,0.0,-0.298088738,0.0,-2.789970331,0.0,-0.355661311,0.0033,0.0,0.0,0.0,0.055937077,0.0,0.001763256,0.0,-0.1173334964265158,-0.1173334964265158,-0.298088738,-2.789970331,-0.355661311,0.0033,0.0,0.001763256,0.055937077,-0.1173334964265158
2024-11-11,-0.122025641,0.0,-0.717623726,0.0,0.0,0.197745763,0.0,0.0033,0.0,0.0,0.0,0.055937077,0.0,0.001763256,0.0,-0.1173334964265158,-0.1173334964265158,-0.717623726,0.0,0.197745763,0.0033,0.0,0.001763256,0.055937077,-0.1173334964265158
2024-11-12,-1.724180643,0.0,-0.16123886,0.0,-3.249279522,0.118460034,0.0,0.0033,0.0,0.0,0.0,0.055937077,0.0,0.001763256,0.0,-0.1173334964265158,-0.1173334964265158,-0.16123886,-3.249279522,0.118460034,0.0033,0.0,0.001763256,0.055937077,-0.1173334964265158
2024-11-13,0.0,0.0,-0.709498593,0.481085555,0.0,0.0,-0.039471088,0.0033,0.0,0.0,0.0,0.055937077,0.0,0.001763256,0.0,-0.1173334964265158,-0.1173334964265158,-0.709498593,0.481085555,-0.039471088,0.0033,0.0,0.001763256,0.055937077,-0.1173334964265158
2024-11-14,-0.623054975,0.073186722,0.0,0.333938604,0.0,0.23659317,0.0,0.0033,0.0,0.0,0.0,0.055937077,0.0,0.001763256,0.0,-0.1173334964265158,-0.1173334964265158,0.073186722,0.333938604,0.23659317,0.0033,0.0,0.001763256,0.055937077,-0.1173334964265158
2024-11-15,0.0,0.0,-1.17176995,0.0,-2.4355664,0.0,-0.039393343,0.0033,0.0,0.0,0.0,0.055937077,0.0,0.001763256,0.0,-0.1173334964265158,-0.1173334964265158,-1.17176995,-2.4355664,-0.039393343,0.0033,0.0,0.001763256,0.055937077,-0.1173334964265158
2024-11-18,1.242252,0.0,-0.903726439,3.114514476,0.0,0.098454276,0.0,0.0033,0.0,0.0,0.0,0.055937077,0.0,0.001763256,0.0,-0.1173334964265158,-0.1173334964265158,-0.903726439,3.114514476,0.098454276,0.0033,0.0,0.001763256,0.055937077,-0.1173334964265158
2024-11-19,1.227009259,0.195163614,0.0,0.416637339,0.0,0.0,-0.039370079,0.0033,0.0,0.0,0.0,0.055937077,0.0,0.001763256,0.0,-0.1173334964265158,-0.1173334964265158,0.195163614,0.416637339,-0.039370079,0.0033,0.0,0.001763256,0.055937077,-0.1173334964265158
2024-11-20,0.850035477,0.0,-1.399962643,0.0,-0.719427563,0.078724665,0.0,0.0033,0.0,0.0,0.0,0.055937077,0.0,0.001763256,0.0,-0.1173334964265158,-0.1173334964265158,-1.399962643,-0.719427563,0.078724665,0.0033,0.0,0.001763256,0.055937077,-0.1173334964265158
2024-11-21,1.201937547,1.122683735,0.0,1.632806255,0.0,0.0,0.0,0.0033,0.0,0.0,0.0,0.055937077,0.0,0.001763256,0.0,-0.1173334964265158,-0.1173334964265158,1.122683735,1.632806255,0.0,0.0033,0.0,0.001763256,0.055937077,-0.1173334964265158
2024-11-22,1.541227899,0.952485484,0.0,1.816056105,0.0,0.007869059,0.0,0.0033,0.0,0.0,0.0,0.055937077,0.0,0.001763256,0.0,-0.1173334964265158,-0.1173334964265158,0.952485484,1.816056105,0.007869059,0.0033,0.0,0.001763256,0.055937077,-0.1173334964265158
2024-11-25,-0.471698988,0.035796513,0.0,0.0,-3.218081932,0.0,-0.027544416,0.0033,0.0,0.0,0.0,0.055937077,0.0,0.001763256,0.0,-0.1173334964265158,-0.1173334964265158,0.035796513,-3.218081932,-0.027544416,0.0033,0.0,0.001763256,0.055937077,-0.1173334964265158
2024-11-26,-2.271466458,0.506285006,0.0,0.0,-0.52000695,0.0,-0.019679229,0.0033,0.0,0.0,0.0,0.055937077,0.0,0.001763256,0.0,-0.1173334964265158,-0.1173334964265158,0.506285006,-0.52000695,-0.019679229,0.0033,0.0,0.001763256,0.055937077,-0.1173334964265158
2024-11-27,0.362100577,0.462659132,0.0,0.0,-0.028968714,0.0,-0.118156768,0.0033,0.0,0.0,0.0,0.055937077,0.0,0.001763256,0.0,-0.1173334964265158,-0.1173334964265158,0.462659132,-0.028968714,-0.118156768,0.0033,0.0,0.001763256,0.055937077,-0.1173334964265158
2024-11-28,-0.120554566,0.402777373,0.0,0.0,0.0,0.0,-0.067017526,0.0033,0.0,0.0,0.0,0.055937077,0.0,0.001763256,0.0,-0.1173334964265158,-0.1173334964265158,0.402777373,0.0,-0.067017526,0.0033,0.0,0.001763256,0.055937077,-0.1173334964265158
2024-11-29,0.481348703,0.0,-0.310179928,0.0,-1.121724924,0.0,-0.055224647,0.0033,0.0,0.0,0.0,0.055937077,0.0,0.001763256,0.0,-0.1173334964265158,-0.1173334964265158,-0.310179928,-1.121724924,-0.055224647,0.0033,0.0,0.001763256,0.055937077,-0.1173334964265158
2024-12-02,-0.602048778,1.058354954,0.0,0.131761969,0.0,0.118301209,0.0,0.0038,0.0,0.0,0.0,0.045814529,0.0,0.0,-0.008011554,-0.1173334964265158,-0.1173334964265158,1.058354954,0.131761969,0.118301209,0.0038,0.0,-0.008011554,0.045814529,-0.1173334964265158
2024-12-03,0.241254641,0.0,-0.343017934,2.599424338,0.0,0.082727653,0.0,0.0038,0.0,0.0,0.0,0.045814529,0.0,0.0,-0.008011554,-0.1173334964265158,-0.1173334964265158,-0.343017934,2.599424338,0.082727653,0.0038,0.0,-0.008011554,0.045814529,-0.1173334964265158
2024-12-04,0.0,0.0,-0.327361354,0.0,-1.928672333,0.019686977,0.0,0.0038,0.0,0.0,0.0,0.045814529,0.0,0.0,-0.008011554,-0.1173334964265158,-0.1173334964265158,-0.327361354,-1.928672333,0.019686977,0.0038,0.0,-0.008011554,0.045814529,-0.1173334964265158
2024-12-05,0.0,0.0,-0.444329116,0.0,-0.334813618,0.0,-0.078771174,0.0038,0.0,0.0,0.0,0.045814529,0.0,0.0,-0.008011554,-0.1173334964265158,-0.1173334964265158,-0.444329116,-0.334813618,-0.078771174,0.0038,0.0,-0.008011554,0.045814529,-0.1173334964265158
2024-12-06,-0.362100577,2.320252769,0.0,0.0,0.0,0.0,-0.019702492,0.0038,0.0,0.0,0.0,0.045814529,0.0,0.0,-0.008011554,-0.1173334964265158,-0.1173334964265158,2.320252769,0.0,-0.019702492,0.0038,0.0,-0.008011554,0.045814529,-0.1173334964265158
2024-12-09,0.0,0.039332605,0.0,0.102018518,0.0,0.0,-0.019706375,0.0038,0.0,0.0,0.0,0.045814529,0.0,0.0,-0.008011554,-0.1173334964265158,-0.1173334964265158,0.039332605,0.102018518,-0.019706375,0.0038,0.0,-0.008011554,0.045814529,-0.1173334964265158
2024-12-10,1.082391806,0.222331428,0.0,0.290909296,0.0,0.0,-0.039424404,0.0038,0.0,0.0,0.0,0.045814529,0.0,0.0,-0.008011554,-0.1173334964265158,-0.1173334964265158,0.222331428,0.290909296,-0.039424404,0.0038,0.0,-0.008011554,0.045814529,-0.1173334964265158
2024-12-11,0.952388151,0.0,-0.083218193,2.467489984,0.0,0.078833272,0.0,0.0038,0.0,0.0,0.0,0.045814529,0.0,0.0,-0.008011554,-0.1173334964265158,-0.1173334964265158,-0.083218193,2.467489984,0.078833272,0.0038,0.0,-0.008011554,0.045814529,-0.1173334964265158
2024-12-12,0.236686501,0.0,-0.186314217,0.0,-0.45448168,0.055146336,0.0,0.0038,0.0,0.0,0.0,0.045814529,0.0,0.0,-0.008011554,-0.1173334964265158,-0.1173334964265158,-0.186314217,-0.45448168,0.055146336,0.0038,0.0,-0.008011554,0.045814529,-0.1173334964265158
2024-12-13,-0.950125912,0.0,-0.463752487,1.819642562,0.0,0.023624838,0.0,0.0038,0.0,0.0,0.0,0.045814529,0.0,0.0,-0.008011554,-0.1173334964265158,-0.1173334964265158,-0.463752487,1.819642562,0.023624838,0.0038,0.0,-0.008011554,0.045814529,-0.1173334964265158
2024-12-16,-1.442332696,0.0,-0.075128216,0.0,-0.715441082,0.0,-0.059072563,0.0038,0.0,0.0,0.0,0.045814529,0.0,0.0,-0.008011554,-0.1173334964265158,-0.1173334964265158,-0.075128216,-0.715441082,-0.059072563,0.0038,0.0,-0.008011554,0.045814529,-0.1173334964265158
2024-12-17,0.0,0.069594378,0.0,0.0,-1.01882868,0.177113103,0.0,0.0038,0.0,0.0,0.0,0.045814529,0.0,0.0,-0.008011554,-0.1173334964265158,-0.1173334964265158,0.069594378,-1.01882868,0.177113103,0.0038,0.0,-0.008011554,0.045814529,-0.1173334964265158
2024-12-18,0.603502133,0.0,-0.185164723,0.694496449,0.0,0.058968061,0.0,0.0038,0.0,0.0,0.0,0.045814529,0.0,0.0,-0.008011554,-0.1173334964265158,-0.1173334964265158,-0.185164723,0.694496449,0.058968061,0.0038,0.0,-0.008011554,0.045814529,-0.1173334964265158
2024-12-19,-1.21066854,0.0,-0.450095423,0.0,-0.993620666,0.019648296,0.0,0.0038,0.0,0.0,0.0,0.045814529,0.0,0.0,-0.008011554,-0.1173334964265158,-0.1173334964265158,-0.450095423,-0.993620666,0.019648296,0.0038,0.0,-0.008011554,0.045814529,-0.1173334964265158
2024-12-20,-0.366077285,0.0,-0.103482596,0.0,-0.557901454,0.0,-0.019648296,0.0038,0.0,0.0,0.0,0.045814529,0.0,0.0,-0.008011554,-0.1173334964265158,-0.1173334964265158,-0.103482596,-0.557901454,-0.019648296,0.0038,0.0,-0.008011554,0.045814529,-0.1173334964265158
2024-12-23,0.852104973,0.544073144,0.0,0.0,-0.301702693,0.0,-0.019652157,0.0038,0.0,0.0,0.0,0.045814529,0.0,0.0,-0.008011554,-0.1173334964265158,-0.1173334964265158,0.544073144,-0.301702693,-0.019652157,0.0038,0.0,-0.008011554,0.045814529,-0.1173334964265158
2024-12-24,-0.242718566,0.045931863,0.0,1.952046025,0.0,0.0,-0.058979654,0.0038,0.0,0.0,0.0,0.045814529,0.0,0.0,-0.008011554,-0.1173334964265158,-0.1173334964265158,0.045931863,1.952046025,-0.058979654,0.0038,0.0,-0.008011554,0.045814529,-0.1173334964265158
2024-12-25,0.0,0.0,-0.079206043,0.0,0.0,0.0,-0.019667617,0.0038,0.0,0.0,0.0,0.045814529,0.0,0.0,-0.008011554,-0.1173334964265158,-0.1173334964265158,-0.079206043,0.0,-0.019667617,0.0038,0.0,-0.008011554,0.045814529,-0.1173334964265158
2024-12-26,0.242718566,1.075783414,0.0,0.0,-0.693808093,0.019667617,0.0,0.0038,0.0,0.0,0.0,0.045814529,0.0,0.0,-0.008011554,-0.1173334964265158,-0.1173334964265158,1.075783414,-0.693808093,0.019667617,0.0038,0.0,-0.008011554,0.045814529,-0.1173334964265158
2024-12-27,0.242130869,0.0,-0.00940719,1.270665127,0.0,0.078631811,0.0,0.0038,0.0,0.0,0.0,0.045814529,0.0,0.0,-0.008011554,-0.1173334964265158,-0.1173334964265158,-0.00940719,1.270665127,0.078631811,0.0038,0.0,-0.008011554,0.045814529,-0.1173334964265158
2024-12-30,-0.242130869,0.0,-0.141999231,0.629328698,0.0,0.121757247,0.0,0.0038,0.0,0.0,0.0,0.045814529,0.0,0.0,-0.008011554,-0.1173334964265158,-0.1173334964265158,-0.141999231,0.629328698,0.121757247,0.0038,0.0,-0.008011554,0.045814529,-0.1173334964265158
2024-12-31,-0.364299128,0.0,-0.117831907,0.984956288,0.0,0.015699819,0.0,0.0015,0.0,0.0,0.0,0.0,-0.055994327,0.002013227,0.0,-0.1173334964265158,-0.1173334964265158,-0.117831907,0.984956288,0.015699819,0.0015,0.0,0.002013227,-0.055994327,-0.1173334964265158
2025-01-01,0.0,0.0,0.0,0.0,0.0,0.0,0.0,0.0015,0.0,0.0,0.0,0.0,-0.055994327,0.002013227,0.0,-0.3442326076373021,-0.3442326076373021,0.0,0.0,0.0,0.0015,0.0,0.002013227,-0.055994327,-0.3442326076373021
2025-01-02,1.569132979,0.0,-0.258931913,1.846458806,0.0,0.0,-0.117808771,0.0015,0.0,0.0,0.0,0.0,-0.055994327,0.002013227,0.0,-0.3442326076373021,-0.3442326076373021,-0.258931913,1.846458806,-0.117808771,0.0015,0.0,0.002013227,-0.055994327,-0.3442326076373021
2025-01-03,0.597016699,0.0,-0.017338535,1.145333547,0.0,0.0,-0.196656897,0.0015,0.0,0.0,0.0,0.0,-0.055994327,0.002013227,0.0,-0.3442326076373021,-0.3442326076373021,-0.017338535,1.145333547,-0.196656897,0.0015,0.0,0.002013227,-0.055994327,-0.3442326076373021
2025-01-06,-0.597016699,0.0,-1.10560541,0.0,-0.443102437,0.0,-0.118180041,0.0015,0.0,0.0,0.0,0.0,-0.055994327,0.002013227,0.0,-0.3442326076373021,-0.3442326076373021,-1.10560541,-0.443102437,-0.118180041,0.0015,0.0,0.002013227,-0.055994327,-0.3442326076373021
2025-01-07,0.358637563,0.0,-0.447288663,0.910923914,0.0,0.0,-0.039424404,0.0015,0.0,0.0,0.0,0.0,-0.055994327,0.002013227,0.0,-0.3442326076373021,-0.3442326076373021,-0.447288663,0.910923914,-0.039424404,0.0015,0.0,0.002013227,-0.055994327,-0.3442326076373021
2025-01-08,0.238379136,0.0,-0.242851824,0.0,-1.342482238,0.039424404,0.0,0.0015,0.0,0.0,0.0,0.0,-0.055994327,0.002013227,0.0,-0.3442326076373021,-0.3442326076373021,-0.242851824,-1.342482238,0.039424404,0.0015,0.0,0.002013227,-0.055994327,-0.3442326076373021
2025-01-09,0.593473552,0.352462796,0.0,0.0,0.0,0.019706375,0.0,0.0015,0.0,0.0,0.0,0.0,-0.055994327,0.002013227,0.0,-0.3442326076373021,-0.3442326076373021,0.352462796,0.0,0.019706375,0.0015,0.0,0.002013227,-0.055994327,-0.3442326076373021
2025-01-10,0.0,0.0,-0.390988544,4.337583301,0.0,0.0,-0.059130779,0.0015,0.0,0.0,0.0,0.0,-0.055994327,0.002013227,0.0,-0.3442326076373021,-0.3442326076373021,-0.390988544,4.337583301,-0.059130779,0.0015,0.0,0.002013227,-0.055994327,-0.3442326076373021
2025-01-13,0.354400843,0.0,-1.538653684,2.933135544,0.0,0.118226615,0.0,0.0015,0.0,0.0,0.0,0.0,-0.055994327,0.002013227,0.0,-0.3442326076373021,-0.3442326076373021,-1.538653684,2.933135544,0.118226615,0.0015,0.0,0.002013227,-0.055994327,-0.3442326076373021
2025-01-14,-0.47281412,0.65896892,0.0,0.0,-1.736748984,0.0,-0.039393343,0.0015,0.0,0.0,0.0,0.0,-0.055994327,0.002013227,0.0,-0.3442326076373021,-0.3442326076373021,0.65896892,-1.736748984,-0.039393343,0.0015,0.0,0.002013227,-0.055994327,-0.3442326076373021
2025-01-15,0.236686501,0.0,-0.119932269,3.184060586,0.0,0.0,-0.019702492,0.0015,0.0,0.0,0.0,0.0,-0.055994327,0.002013227,0.0,-0.3442326076373021,-0.3442326076373021,-0.119932269,3.184060586,-0.019702492,0.0015,0.0,0.002013227,-0.055994327,-0.3442326076373021
2025-01-16,0.471698988,0.682822659,0.0,0.0,-1.724180643,0.0,-0.019706375,0.0015,0.0,0.0,0.0,0.0,-0.055994327,0.002013227,0.0,-0.3442326076373021,-0.3442326076373021,0.682822659,-1.724180643,-0.019706375,0.0015,0.0,0.002013227,-0.055994327,-0.3442326076373021
2025-01-17,0.352319801,0.051527303,0.0,0.0,-1.000578293,0.0,-0.217026819,0.0015,0.0,0.0,0.0,0.0,-0.055994327,0.002013227,0.0,-0.3442326076373021,-0.3442326076373021,0.051527303,-1.000578293,-0.217026819,0.0015,0.0,0.002013227,-0.055994327,-0.3442326076373021
2025-01-20,-0.470036118,0.613865618,0.0,0.0,0.0,0.0,0.0,0.0015,0.0,0.0,0.0,0.0,-0.055994327,0.002013227,0.0,-0.3442326076373021,-0.3442326076373021,0.613865618,0.0,0.0,0.0015,0.0,0.002013227,-0.055994327,-0.3442326076373021
2025-01-21,0.704228263,0.217358383,0.0,0.0,-2.27882407,0.0,-0.21749885,0.0015,0.0,0.0,0.0,0.0,-0.055994327,0.002013227,0.0,-0.3442326076373021,-0.3442326076373021,0.217358383,-2.27882407,-0.21749885,0.0015,0.0,0.002013227,-0.055994327,-0.3442326076373021
2025-01-22,0.815380173,0.0,-0.359055328,0.0,-0.876338091,0.0,-0.436554171,0.0015,0.0,0.0,0.0,0.0,-0.055994327,0.002013227,0.0,-0.3442326076373021,-0.3442326076373021,-0.359055328,-0.876338091,-0.436554171,0.0015,0.0,0.002013227,-0.055994327,-0.3442326076373021
2025-01-23,-0.116076624,0.0,-0.214126834,0.0,-1.442300887,0.119688823,0.0,0.0015,0.0,0.0,0.0,0.0,-0.055994327,0.002013227,0.0,-0.3442326076373021,-0.3442326076373021,-0.214126834,-1.442300887,0.119688823,0.0015,0.0,0.002013227,-0.055994327,-0.3442326076373021
2025-01-24,0.809721023,1.09149336,0.0,0.0,-0.080000004,0.0,-0.07977663,0.0015,0.0,0.0,0.0,0.0,-0.055994327,0.002013227,0.0,-0.3442326076373021,-0.3442326076373021,1.09149336,-0.080000004,-0.07977663,0.0015,0.0,0.002013227,-0.055994327,-0.3442326076373021
2025-01-27,0.0,0.0,0.0,0.0,-1.966658213,0.0,0.0,0.0015,0.0,0.0,0.0,0.0,-0.055994327,0.002013227,0.0,-0.3442326076373021,-0.3442326076373021,0.0,-1.966658213,0.0,0.0015,0.0,0.002013227,-0.055994327,-0.3442326076373021
2025-01-28,0.0,0.0,0.0,0.86686172,0.0,0.0,0.0,0.0015,0.0,0.0,0.0,0.0,-0.055994327,0.002013227,0.0,-0.3442326076373021,-0.3442326076373021,0.0,0.86686172,0.0,0.0015,0.0,0.002013227,-0.055994327,-0.3442326076373021
2025-01-29,0.0,0.0,0.0,0.0,-1.64528832,0.0,0.0,0.0015,0.0,0.0,0.0,0.0,-0.055994327,0.002013227,0.0,-0.3442326076373021,-0.3442326076373021,0.0,-1.64528832,0.0,0.0015,0.0,0.002013227,-0.055994327,-0.3442326076373021
2025-01-30,0.0,0.0,0.0,0.219118138,0.0,0.0,0.0,0.0015,0.0,0.0,0.0,0.0,-0.055994327,0.002013227,0.0,-0.3442326076373021,-0.3442326076373021,0.0,0.219118138,0.0,0.0015,0.0,0.002013227,-0.055994327,-0.3442326076373021
2025-01-31,0.0,0.0,0.0,0.0,-0.35631119,0.0,0.0,0.0034,0.0,0.0,0.0,0.0,-0.010790903,0.023494512,0.0,-0.3442326076373021,-0.3442326076373021,0.0,-0.35631119,0.0,0.0034,0.0,0.023494512,-0.010790903,-0.3442326076373021
2025-02-03,1.145487897,0.0,-0.013500903,0.929222319,0.0,0.507615303,0.0,0.0034,0.0,0.0,0.0,0.0,-0.010790903,0.023494512,0.0,-0.3442326076373021,-0.3442326076373021,-0.013500903,0.929222319,0.507615303,0.0034,0.0,0.023494512,-0.010790903,-0.3442326076373021
2025-02-04,-0.22805027,0.0,-0.173290981,0.0,-0.655024176,0.0,-0.436554171,0.0034,0.0,0.0,0.0,0.0,-0.010790903,0.023494512,0.0,-0.3442326076373021,-0.3442326076373021,-0.173290981,-0.655024176,-0.436554171,0.0034,0.0,0.023494512,-0.010790903,-0.3442326076373021
2025-02-05,0.455581654,0.912358725,0.0,0.0,-2.284943277,0.0,-0.059636221,0.0034,0.0,0.0,0.0,0.0,-0.010790903,0.023494512,0.0,-0.3442326076373021,-0.3442326076373021,0.912358725,-2.284943277,-0.059636221,0.0034,0.0,0.023494512,-0.010790903,-0.3442326076373021
2025-02-06,-1.834913867,0.405191722,0.0,0.0,-0.590055098,0.45630473,0.0,0.0034,0.0,0.0,0.0,0.0,-0.010790903,0.023494512,0.0,-0.3442326076373021,-0.3442326076373021,0.405191722,-0.590055098,0.45630473,0.0034,0.0,0.023494512,-0.010790903,-0.3442326076373021
2025-02-07,0.461894586,0.0,-0.125709094,0.491954046,0.0,0.118694376,0.0,0.0034,0.0,0.0,0.0,0.0,-0.010790903,0.023494512,0.0,-0.3442326076373021,-0.3442326076373021,-0.125709094,0.491954046,0.118694376,0.0034,0.0,0.023494512,-0.010790903,-0.3442326076373021
2025-02-10,1.713348594,0.022796502,0.0,1.957716117,0.0,0.35524016,0.0,0.0034,0.0,0.0,0.0,0.0,-0.010790903,0.023494512,0.0,-0.3442326076373021,-0.3442326076373021,0.022796502,1.957716117,0.35524016,0.0034,0.0,0.023494512,-0.010790903,-0.3442326076373021
2025-02-11,-0.340329313,0.0,-0.538281876,1.284170653,0.0,0.507615303,0.0,0.0034,0.0,0.0,0.0,0.0,-0.010790903,0.023494512,0.0,-0.3442326076373021,-0.3442326076373021,-0.538281876,1.284170653,0.507615303,0.0034,0.0,0.023494512,-0.010790903,-0.3442326076373021
2025-02-12,-1.488293069,0.425034252,0.0,0.0,-2.682601196,0.07830854,0.0,0.0034,0.0,0.0,0.0,0.0,-0.010790903,0.023494512,0.0,-0.3442326076373021,-0.3442326076373021,0.425034252,-2.682601196,0.07830854,0.0034,0.0,0.023494512,-0.010790903,-0.3442326076373021
2025-02-13,1.146801559,0.0,-0.282103194,0.0,-0.083693686,0.0,-0.431457818,0.0034,0.0,0.0,0.0,0.0,-0.010790903,0.023494512,0.0,-0.3442326076373021,-0.3442326076373021,-0.282103194,-0.083693686,-0.431457818,0.0034,0.0,0.023494512,-0.010790903,-0.3442326076373021
2025-02-14,0.681820823,0.807150018,0.0,0.0,-0.854885733,0.0,-0.275536486,0.0034,0.0,0.0,0.0,0.0,-0.010790903,0.023494512,0.0,-0.3442326076373021,-0.3442326076373021,0.807150018,-0.854885733,-0.275536486,0.0034,0.0,0.023494512,-0.010790903,-0.3442326076373021
2025-02-17,-0.795910967,0.0,-0.031315567,0.0,0.0,0.393391538,0.0,0.0034,0.0,0.0,0.0,0.0,-0.010790903,0.023494512,0.0,-0.3442326076373021,-0.3442326076373021,-0.031315567,0.0,0.393391538,0.0034,0.0,0.023494512,-0.010790903,-0.3442326076373021
2025-02-18,1.135085967,0.0,-0.240674003,1.619468592,0.0,0.117716317,0.0,0.0034,0.0,0.0,0.0,0.0,-0.010790903,0.023494512,0.0,-0.3442326076373021,-0.3442326076373021,-0.240674003,1.619468592,0.117716317,0.0034,0.0,0.023494512,-0.010790903,-0.3442326076373021
2025-02-19,1.122346237,0.512791525,0.0,0.511086132,0.0,0.058806235,0.0,0.0034,0.0,0.0,0.0,0.0,-0.010790903,0.023494512,0.0,-0.3442326076373021,-0.3442326076373021,0.512791525,0.511086132,0.058806235,0.0034,0.0,0.023494512,-0.010790903,-0.3442326076373021
2025-02-20,0.445435035,0.95899769,0.0,0.412485117,0.0,0.0,-0.058806235,0.0034,0.0,0.0,0.0,0.0,-0.010790903,0.023494512,0.0,-0.3442326076373021,-0.3442326076373021,0.95899769,0.412485117,-0.058806235,0.0034,0.0,0.023494512,-0.010790903,-0.3442326076373021
2025-02-21,-0.668898815,0.053352511,0.0,0.0,-3.008583462,0.039207999,0.0,0.0034,0.0,0.0,0.0,0.0,-0.010790903,0.023494512,0.0,-0.3442326076373021,-0.3442326076373021,0.053352511,-3.008583462,0.039207999,0.0034,0.0,0.023494512,-0.010790903,-0.3442326076373021
2025-02-24,0.335008689,0.36728153,0.0,0.479617226,0.0,0.0,-0.164777,0.0034,0.0,0.0,0.0,0.0,-0.010790903,0.023494512,0.0,-0.3442326076373021,-0.3442326076373021,0.36728153,0.479617226,-0.164777,0.0034,0.0,0.023494512,-0.010790903,-0.3442326076373021
2025-02-25,0.0,0.650227797,0.0,0.0,-2.724653248,0.203969632,0.0,0.0034,0.0,0.0,0.0,0.0,-0.010790903,0.023494512,0.0,-0.3442326076373021,-0.3442326076373021,0.650227797,-2.724653248,0.203969632,0.0034,0.0,0.023494512,-0.010790903,-0.3442326076373021
2025-02-26,-0.783439933,0.0,-0.130167475,0.0,-0.405738855,0.058760162,0.0,0.0034,0.0,0.0,0.0,0.0,-0.010790903,0.023494512,0.0,-0.3442326076373021,-0.3442326076373021,-0.130167475,-0.405738855,0.058760162,0.0034,0.0,0.023494512,-0.010790903,-0.3442326076373021
2025-02-27,-0.112422721,0.164595229,0.0,2.509272094,0.0,0.0,-0.058760162,0.0034,0.0,0.0,0.0,0.0,-0.010790903,0.023494512,0.0,-0.3442326076373021,-0.3442326076373021,0.164595229,2.509272094,-0.058760162,0.0034,0.0,0.023494512,-0.010790903,-0.3442326076373021
2025-02-28,-0.450959051,0.0,-0.013004647,0.0,-0.924681174,0.039177278,0.0,0.0115,0.0,0.0,0.0,0.05682983,0.0,0.0,-0.020262235,-0.3442326076373021,-0.3442326076373021,-0.013004647,-0.924681174,0.039177278,0.0115,0.0,-0.020262235,0.05682983,-0.3442326076373021
2025-03-03,0.563381772,0.0,-0.013006339,0.0,-1.933682184,0.176108058,0.0,0.0115,0.0,0.0,0.0,0.05682983,0.0,0.0,-0.020262235,-0.3442326076373021,-0.3442326076373021,-0.013006339,-1.933682184,0.176108058,0.0115,0.0,-0.020262235,0.05682983,-0.3442326076373021
2025-03-04,1.892098739,0.0,-0.011477586,0.0,-0.233406379,0.0,-0.136946123,0.0115,0.0,0.0,0.0,0.05682983,0.0,0.0,-0.020262235,-0.3442326076373021,-0.3442326076373021,-0.011477586,-0.233406379,-0.136946123,0.0115,0.0,-0.020262235,0.05682983,-0.3442326076373021
2025-03-05,0.0,0.459602437,0.0,0.0,-2.799146099,0.0,-0.195963222,0.0115,0.0,0.0,0.0,0.05682983,0.0,0.0,-0.020262235,-0.3442326076373021,-0.3442326076373021,0.459602437,-2.799146099,-0.195963222,0.0115,0.0,-0.020262235,0.05682983,-0.3442326076373021
2025-03-06,0.0,0.0,-0.367818612,0.060060062,0.0,0.0,-0.01961746,0.0115,0.0,0.0,0.0,0.05682983,0.0,0.0,-0.020262235,-0.3442326076373021,-0.3442326076373021,-0.367818612,0.060060062,-0.01961746,0.0115,0.0,-0.020262235,0.05682983,-0.3442326076373021
2025-03-07,0.220264406,0.917779738,0.0,1.000680443,0.0,0.0,-0.019621309,0.0115,0.0,0.0,0.0,0.05682983,0.0,0.0,-0.020262235,-0.3442326076373021,-0.3442326076373021,0.917779738,1.000680443,-0.019621309,0.0115,0.0,-0.020262235,0.05682983,-0.3442326076373021
2025-03-10,0.0,0.86888859,0.0,0.0,-1.467092182,0.176453335,0.0,0.0115,0.0,0.0,0.0,0.05682983,0.0,0.0,-0.020262235,-0.3442326076373021,-0.3442326076373021,0.86888859,-1.467092182,0.176453335,0.0115,0.0,-0.020262235,0.05682983,-0.3442326076373021
2025-03-11,0.109950533,0.0,-0.937847577,0.316193894,0.0,0.0,-0.294262105,0.0115,0.0,0.0,0.0,0.05682983,0.0,0.0,-0.020262235,-0.3442326076373021,-0.3442326076373021,-0.937847577,0.316193894,-0.294262105,0.0115,0.0,-0.020262235,0.05682983,-0.3442326076373021
2025-03-12,0.875279111,1.389664038,0.0,1.684470029,0.0,0.0,-0.019648296,0.0115,0.0,0.0,0.0,0.05682983,0.0,0.0,-0.020262235,-0.3442326076373021,-0.3442326076373021,1.389664038,1.684470029,-0.019648296,0.0115,0.0,-0.020262235,0.05682983,-0.3442326076373021
2025-03-13,1.191134819,0.0,-0.147383962,0.0,-1.234491769,0.176695835,0.0,0.0115,0.0,0.0,0.0,0.05682983,0.0,0.0,-0.020262235,-0.3442326076373021,-0.3442326076373021,-0.147383962,-1.234491769,0.176695835,0.0115,0.0,-0.020262235,0.05682983,-0.3442326076373021
2025-03-14,1.495754382,0.0,-0.737933088,0.908758582,0.0,0.039223378,0.0,0.0115,0.0,0.0,0.0,0.05682983,0.0,0.0,-0.020262235,-0.3442326076373021,-0.3442326076373021,-0.737933088,0.908758582,0.039223378,0.0115,0.0,-0.020262235,0.05682983,-0.3442326076373021
2025-03-17,0.528821962,0.359877819,0.0,0.606196874,0.0,0.039207999,0.0,0.0115,0.0,0.0,0.0,0.05682983,0.0,0.0,-0.020262235,-0.3442326076373021,-0.3442326076373021,0.359877819,0.606196874,0.039207999,0.0115,0.0,-0.020262235,0.05682983,-0.3442326076373021
2025-03-18,1.98439932,0.714401079,0.0,0.0,-0.517255273,0.0,0.0,0.0115,0.0,0.0,0.0,0.05682983,0.0,0.0,-0.020262235,-0.3442326076373021,-0.3442326076373021,0.714401079,-0.517255273,0.0,0.0115,0.0,-0.020262235,0.05682983,-0.3442326076373021
2025-03-19,1.335407621,0.0,-0.730936092,0.0,-0.133442084,0.097952795,0.0,0.0115,0.0,0.0,0.0,0.05682983,0.0,0.0,-0.020262235,-0.3442326076373021,-0.3442326076373021,-0.730936092,-0.133442084,0.097952795,0.0115,0.0,-0.020262235,0.05682983,-0.3442326076373021
2025-03-20,-0.204290163,0.0,-0.270962081,1.691838809,0.0,0.039154268,0.0,0.0115,0.0,0.0,0.0,0.05682983,0.0,0.0,-0.020262235,-0.3442326076373021,-0.3442326076373021,-0.270962081,1.691838809,0.039154268,0.0115,0.0,-0.020262235,0.05682983,-0.3442326076373021
2025-03-21,-2.345690035,0.0,-0.211257058,0.0,-0.043773255,0.156463947,0.0,0.0115,0.0,0.0,0.0,0.05682983,0.0,0.0,-0.020262235,-0.3442326076373021,-0.3442326076373021,-0.211257058,-0.043773255,0.156463947,0.0115,0.0,-0.020262235,0.05682983,-0.3442326076373021
2025-03-24,0.421496936,0.0,-0.083116103,1.362537386,0.0,0.136705421,0.0,0.0115,0.0,0.0,0.0,0.05682983,0.0,0.0,-0.020262235,-0.3442326076373021,-0.3442326076373021,-0.083116103,1.362537386,0.136705421,0.0115,0.0,-0.020262235,0.05682983,-0.3442326076373021
2025-03-25,0.837701234,0.932220024,0.0,0.028789406,0.0,0.0,-0.078094498,0.0115,0.0,0.0,0.0,0.05682983,0.0,0.0,-0.020262235,-0.3442326076373021,-0.3442326076373021,0.932220024,0.028789406,-0.078094498,0.0115,0.0,-0.020262235,0.05682983,-0.3442326076373021
2025-03-26,0.830742057,0.0,-0.146892428,0.817033141,0.0,0.0,-0.175935927,0.0115,0.0,0.0,0.0,0.05682983,0.0,0.0,-0.020262235,-0.3442326076373021,-0.3442326076373021,-0.146892428,0.817033141,-0.175935927,0.0115,0.0,-0.020262235,0.05682983,-0.3442326076373021
2025-03-27,0.721280819,0.0,-0.552776375,0.356252603,0.0,0.019563729,0.0,0.0115,0.0,0.0,0.0,0.05682983,0.0,0.0,-0.020262235,-0.3442326076373021,-0.3442326076373021,-0.552776375,0.356252603,0.019563729,0.0115,0.0,-0.020262235,0.05682983,-0.3442326076373021
2025-03-28,0.818000471,0.0,-0.117718094,0.0,-0.799775757,0.0,-0.039131286,0.0115,0.0,0.0,0.0,0.05682983,0.0,0.0,-0.020262235,-0.3442326076373021,-0.3442326076373021,-0.117718094,-0.799775757,-0.039131286,0.0115,0.0,-0.020262235,0.05682983,-0.3442326076373021
2025-03-31,1.31514288,0.0,-0.827168439,3.008489023,0.0,0.058691188,0.0,0.004,0.0,0.0,0.0,0.0,-0.115101723,0.0,-0.01562517,-0.3442326076373021,-0.3442326076373021,-0.827168439,3.008489023,0.058691188,0.004,0.0,-0.01562517,-0.115101723,-0.3442326076373021
2025-04-01,-0.10055305,0.0,-0.036549986,0.0,-0.362420246,0.214906794,0.0,0.004,0.0,0.0,0.0,0.0,-0.115101723,0.0,-0.01562517,0.20095888820745245,0.20095888820745245,-0.036549986,-0.362420246,0.214906794,0.004,0.0,-0.01562517,-0.115101723,0.2009588882074524
2025-04-02,-0.302267233,0.645271278,0.0,0.709666932,0.0,0.0,-0.078094498,0.004,0.0,0.0,0.0,0.0,-0.115101723,0.0,-0.01562517,0.20095888820745245,0.20095888820745245,0.645271278,0.709666932,-0.078094498,0.004,0.0,-0.01562517,-0.115101723,0.2009588882074524
2025-04-03,0.402820283,0.0,-3.751596289,0.0,-6.724137559,0.507615303,0.0,0.004,0.0,0.0,0.0,0.0,-0.115101723,0.0,-0.01562517,0.20095888820745245,0.20095888820745245,-3.751596289,-6.724137559,0.507615303,0.004,0.0,-0.01562517,-0.115101723,0.2009588882074524
2025-04-04,-0.706003941,0.0,-4.195604674,0.0,-6.814898374,0.0,-0.038782238,0.004,0.0,0.0,0.0,0.0,-0.115101723,0.0,-0.01562517,0.20095888820745245,0.20095888820745245,-4.195604674,-6.814898374,-0.038782238,0.004,0.0,-0.01562517,-0.115101723,0.2009588882074524
2025-04-07,0.0,0.0,0.0,0.0,-2.219253629,0.0,0.0,0.004,0.0,0.0,0.0,0.0,-0.115101723,0.0,-0.01562517,0.20095888820745245,0.20095888820745245,0.0,-2.219253629,0.0,0.004,0.0,-0.01562517,-0.115101723,0.2009588882074524
2025-04-08,-1.119604571,1.184166259,0.0,0.0,-1.668219379,0.507615303,0.0,0.004,0.0,0.0,0.0,0.0,-0.115101723,0.0,-0.01562517,0.20095888820745245,0.20095888820745245,1.184166259,-1.668219379,0.507615303,0.004,0.0,-0.01562517,-0.115101723,0.2009588882074524
2025-04-09,2.026411792,0.0,-4.195604674,4.223338977,0.0,0.0,-0.134732,0.004,0.0,0.0,0.0,0.0,-0.115101723,0.0,-0.01562517,0.20095888820745245,0.20095888820745245,-4.195604674,4.223338977,-0.134732,0.004,0.0,-0.01562517,-0.115101723,0.2009588882074524
2025-04-10,0.89865807,3.540507138,0.0,0.0,-3.344467554,0.0,-0.436554171,0.004,0.0,0.0,0.0,0.0,-0.115101723,0.0,-0.01562517,0.20095888820745245,0.20095888820745245,3.540507138,-3.344467554,-0.436554171,0.004,0.0,-0.01562517,-0.115101723,0.2009588882074524
2025-04-11,1.57794201,1.681197785,0.0,2.188199654,0.0,0.0,-0.097172294,0.004,0.0,0.0,0.0,0.0,-0.115101723,0.0,-0.01562517,0.20095888820745245,0.20095888820745245,1.681197785,2.188199654,-0.097172294,0.004,0.0,-0.01562517,-0.115101723,0.2009588882074524
2025-04-14,2.573241397,3.540507138,0.0,0.129136418,0.0,0.422981286,0.0,0.004,0.0,0.0,0.0,0.0,-0.115101723,0.0,-0.01562517,0.20095888820745245,0.20095888820745245,3.540507138,0.129136418,0.422981286,0.004,0.0,-0.01562517,-0.115101723,0.2009588882074524
2025-04-15,0.475060276,0.0,-0.192085647,0.0,-0.404106264,0.0,-0.131747219,0.004,0.0,0.0,0.0,0.0,-0.115101723,0.0,-0.01562517,0.20095888820745245,0.20095888820745245,-0.192085647,-0.404106264,-0.131747219,0.004,0.0,-0.01562517,-0.115101723,0.2009588882074524
2025-04-16,2.573241397,0.0,-0.598066007,1.829612905,0.0,0.154978721,0.0,0.004,0.0,0.0,0.0,0.0,-0.115101723,0.0,-0.01562517,0.20095888820745245,0.20095888820745245,-0.598066007,1.829612905,0.154978721,0.004,0.0,-0.01562517,-0.115101723,0.2009588882074524
2025-04-17,2.188271125,0.0,-1.949858225,3.423546539,0.0,0.0270966,0.0,0.004,0.0,0.0,0.0,0.0,-0.115101723,0.0,-0.01562517,0.20095888820745245,0.20095888820745245,-1.949858225,3.423546539,0.0270966,0.004,0.0,-0.01562517,-0.115101723,0.2009588882074524
2025-04-18,1.290340484,2.200911885,0.0,0.0,0.0,0.340018101,0.0,0.004,0.0,0.0,0.0,0.0,-0.115101723,0.0,-0.01562517,0.20095888820745245,0.20095888820745245,2.200911885,0.0,0.340018101,0.004,0.0,-0.01562517,-0.115101723,0.2009588882074524
2025-04-21,-0.858374369,0.0,-0.652580162,0.0,-2.473871785,0.0,-0.208510385,0.004,0.0,0.0,0.0,0.0,-0.115101723,0.0,-0.01562517,0.20095888820745245,0.20095888820745245,-0.652580162,-2.473871785,-0.208510385,0.004,0.0,-0.01562517,-0.115101723,0.2009588882074524
2025-04-22,2.573241397,0.0,-1.569138961,1.748951513,0.0,0.362682703,0.0,0.004,0.0,0.0,0.0,0.0,-0.115101723,0.0,-0.01562517,0.20095888820745245,0.20095888820745245,-1.569138961,1.748951513,0.362682703,0.004,0.0,-0.01562517,-0.115101723,0.2009588882074524
2025-04-23,-2.345690035,1.180801712,0.0,0.0,-3.081035911,0.115473454,0.0,0.004,0.0,0.0,0.0,0.0,-0.115101723,0.0,-0.01562517,0.20095888820745245,0.20095888820745245,1.180801712,-3.081035911,0.115473454,0.004,0.0,-0.01562517,-0.115101723,0.2009588882074524
2025-04-24,1.702168757,0.0,-0.071592273,1.442294595,0.0,0.130708922,0.0,0.004,0.0,0.0,0.0,0.0,-0.115101723,0.0,-0.01562517,0.20095888820745245,0.20095888820745245,-0.071592273,1.442294595,0.130708922,0.004,0.0,-0.01562517,-0.115101723,0.2009588882074524
2025-04-25,0.0,1.013956614,0.0,0.470958484,0.0,0.0,-0.028818167,0.004,0.0,0.0,0.0,0.0,-0.115101723,0.0,-0.01562517,0.20095888820745245,0.20095888820745245,1.013956614,0.470958484,-0.028818167,0.004,0.0,-0.01562517,-0.115101723,0.2009588882074524
2025-04-28,-0.847462699,0.580145119,0.0,0.0,-0.865125333,0.0,-0.082658136,0.004,0.0,0.0,0.0,0.0,-0.115101723,0.0,-0.01562517,0.20095888820745245,0.20095888820745245,0.580145119,-0.865125333,-0.082658136,0.004,0.0,-0.01562517,-0.115101723,0.2009588882074524
2025-04-29,1.520299552,0.0,-0.572811381,0.0,-2.333492487,0.01922892,0.0,0.004,0.0,0.0,0.0,0.0,-0.115101723,0.0,-0.01562517,0.20095888820745245,0.20095888820745245,-0.572811381,-2.333492487,0.01922892,0.004,0.0,-0.01562517,-0.115101723,0.2009588882074524
2025-04-30,0.0,0.0,0.0,0.0,-3.773410848,0.0,0.0,0.0,-0.0003,0.0,0.0,0.014306574,0.0,0.017086273,0.0,0.20095888820745245,0.20095888820745245,0.0,-3.773410848,0.0,-0.0003,0.0,0.017086273,0.014306574,0.2009588882074524
2025-05-01,0.0,0.0,0.0,1.731356716,0.0,0.0,0.0,0.0,-0.0003,0.0,0.0,0.014306574,0.0,0.017086273,0.0,0.20095888820745245,0.20095888820745245,0.0,1.731356716,0.0,-0.0003,0.0,0.017086273,0.014306574,0.2009588882074524
2025-05-02,0.0,0.0,0.0,0.0,-1.530048142,0.0,0.0,0.0,-0.0003,0.0,0.0,0.014306574,0.0,0.017086273,0.0,0.20095888820745245,0.20095888820745245,0.0,-1.530048142,0.0,-0.0003,0.0,0.017086273,0.014306574,0.2009588882074524
2025-05-05,-1.265305789,0.546072005,0.0,0.0,-1.98026273,0.0,-0.182824203,0.0,-0.0003,0.0,0.0,0.014306574,0.0,0.017086273,0.0,0.20095888820745245,0.20095888820745245,0.546072005,-1.98026273,-0.182824203,-0.0003,0.0,0.017086273,0.014306574,0.2009588882074524
2025-05-06,2.016875088,0.833650879,0.0,3.229342172,0.0,0.023112036,0.0,0.0,-0.0003,0.0,0.0,0.014306574,0.0,0.017086273,0.0,0.20095888820745245,0.20095888820745245,0.833650879,3.229342172,0.023112036,-0.0003,0.0,0.017086273,0.014306574,0.2009588882074524
2025-05-07,0.0,0.0,-0.257503965,0.0,-1.668930592,0.0,-0.003851635,0.0,-0.0003,0.0,0.0,0.014306574,0.0,0.017086273,0.0,0.20095888820745245,0.20095888820745245,-0.257503965,-1.668930592,-0.003851635,-0.0003,0.0,0.017086273,0.014306574,0.2009588882074524
2025-05-08,-1.424406153,1.140836907,0.0,3.033297939,0.0,0.003851635,0.0,0.0,-0.0003,0.0,0.0,0.014306574,0.0,0.017086273,0.0,0.20095888820745245,0.20095888820745245,1.140836907,3.033297939,0.003851635,-0.0003,0.0,0.017086273,0.014306574,0.2009588882074524
2025-05-09,0.84034108,1.514749261,0.0,1.812054111,0.0,0.05775673,0.0,0.0,-0.0003,0.0,0.0,0.014306574,0.0,0.017086273,0.0,0.20095888820745245,0.20095888820745245,1.514749261,1.812054111,0.05775673,-0.0003,0.0,0.017086273,0.014306574,0.2009588882074524
2025-05-12,-1.943449423,0.0,-0.124047091,1.511684447,0.0,0.0,-0.028874195,0.0,-0.0003,0.0,0.0,0.014306574,0.0,0.017086273,0.0,0.20095888820745245,0.20095888820745245,-0.124047091,1.511684447,-0.028874195,-0.0003,0.0,0.017086273,0.014306574,0.2009588882074524
2025-05-13,1.103108343,1.545825837,0.0,2.680123023,0.0,0.0,-0.036585953,0.0,-0.0003,0.0,0.0,0.014306574,0.0,0.017086273,0.0,0.20095888820745245,0.20095888820745245,1.545825837,2.680123023,-0.036585953,-0.0003,0.0,0.017086273,0.014306574,0.2009588882074524
2025-05-14,-0.422833611,0.197059626,0.0,0.0,-0.864736704,0.0,-0.121407182,0.0,-0.0003,0.0,0.0,0.014306574,0.0,0.017086273,0.0,0.20095888820745245,0.20095888820745245,0.197059626,-0.864736704,-0.121407182,-0.0003,0.0,0.017086273,0.014306574,0.2009588882074524
2025-05-15,-2.14140945,1.447817771,0.0,0.0,-2.274429467,0.067466631,0.0,0.0,-0.0003,0.0,0.0,0.014306574,0.0,0.017086273,0.0,0.20095888820745245,0.20095888820745245,1.447817771,-2.274429467,0.067466631,-0.0003,0.0,0.017086273,0.014306574,0.2009588882074524
2025-05-16,0.173010424,0.004565446,0.0,1.276914962,0.0,0.0,-0.100252568,0.0,-0.0003,0.0,0.0,0.014306574,0.0,0.017086273,0.0,0.20095888820745245,0.20095888820745245,0.004565446,1.276914962,-0.100252568,-0.0003,0.0,0.017086273,0.014306574,0.2009588882074524
2025-05-19,0.946243619,0.0,-1.58294011,0.219058138,0.0,0.100252568,0.0,0.0,-0.0003,0.0,0.0,0.014306574,0.0,0.017086273,0.0,0.20095888820745245,0.20095888820745245,-1.58294011,0.219058138,0.100252568,-0.0003,0.0,0.017086273,0.014306574,0.2009588882074524
2025-05-20,0.0,0.386540256,0.0,0.0,-0.015631106,0.086675982,0.0,0.0,-0.0003,0.0,0.0,0.014306574,0.0,0.017086273,0.0,0.20095888820745245,0.20095888820745245,0.386540256,-0.015631106,0.086675982,-0.0003,0.0,0.017086273,0.014306574,0.2009588882074524
2025-05-21,1.444989018,2.374895234,0.0,0.0,-1.639122592,0.011551123,0.0,0.0,-0.0003,0.0,0.0,0.014306574,0.0,0.017086273,0.0,0.20095888820745245,0.20095888820745245,2.374895234,-1.639122592,0.011551123,-0.0003,0.0,0.017086273,0.014306574,0.2009588882074524
2025-05-22,0.0,0.0,-0.744210545,0.0,-0.605676063,0.013474624,0.0,0.0,-0.0003,0.0,0.0,0.014306574,0.0,0.017086273,0.0,0.20095888820745245,0.20095888820745245,-0.744210545,-0.605676063,0.013474624,-0.0003,0.0,0.017086273,0.014306574,0.2009588882074524
2025-05-23,0.0,0.0,-0.458636287,0.542093164,0.0,0.0,-0.086654284,0.0,-0.0003,0.0,0.0,0.014306574,0.0,0.017086273,0.0,0.20095888820745245,0.20095888820745245,-0.458636287,0.542093164,-0.086654284,-0.0003,0.0,0.017086273,0.014306574,0.2009588882074524
2025-05-26,-1.702168757,0.239451884,0.0,0.0,0.0,0.0,-0.160026255,0.0,-0.0003,0.0,0.0,0.014306574,0.0,0.017086273,0.0,0.20095888820745245,0.20095888820745245,0.239451884,0.0,-0.160026255,-0.0003,0.0,0.017086273,0.014306574,0.2009588882074524
2025-05-27,-0.862074304,1.582605899,0.0,0.0,-2.056297353,0.019293845,0.0,0.0,-0.0003,0.0,0.0,0.014306574,0.0,0.017086273,0.0,0.20095888820745245,0.20095888820745245,1.582605899,-2.056297353,0.019293845,-0.0003,0.0,0.017086273,0.014306574,0.2009588882074524
2025-05-28,0.604231446,0.446654012,0.0,1.4982157,0.0,0.202360946,0.0,0.0,-0.0003,0.0,0.0,0.014306574,0.0,0.017086273,0.0,0.20095888820745245,0.20095888820745245,0.446654012,1.4982157,0.202360946,-0.0003,0.0,0.017086273,0.014306574,0.2009588882074524
2025-05-29,-0.604231446,0.193254011,0.0,0.0,-1.417092957,0.211558883,0.0,0.0,-0.0003,0.0,0.0,0.014306574,0.0,0.017086273,0.0,0.20095888820745245,0.20095888820745245,0.193254011,-1.417092957,0.211558883,-0.0003,0.0,0.017086273,0.014306574,0.2009588882074524
2025-05-30,0.431966114,0.0,-0.281829624,0.0,-0.324886576,0.0,-0.013449512,0.0,-0.0003,0.0,0.0,0.014306574,0.0,0.017086273,0.0,0.20095888820745245,0.20095888820745245,-0.281829624,-0.324886576,-0.013449512,-0.0003,0.0,0.017086273,0.014306574,0.2009588882074524
2025-06-02,-0.172562597,0.0,-0.911137363,2.902472646,0.0,0.028818167,0.0,0.0008,0.0,0.0,0.0,0.008754224,0.0,0.0,-0.001390225,0.20095888820745245,0.20095888820745245,-0.911137363,2.902472646,0.028818167,0.0008,0.0,-0.001390225,0.008754224,0.2009588882074524
2025-06-03,-0.780238028,0.793411397,0.0,1.303308077,0.0,0.09983873,0.0,0.0008,0.0,0.0,0.0,0.008754224,0.0,0.0,-0.001390225,0.20095888820745245,0.20095888820745245,0.793411397,1.303308077,0.09983873,0.0008,0.0,-0.001390225,0.008754224,0.2009588882074524
2025-06-04,0.0,0.684295512,0.0,0.0,-0.830270298,0.111241117,0.0,0.0008,0.0,0.0,0.0,0.008754224,0.0,0.0,-0.001390225,0.20095888820745245,0.20095888820745245,0.684295512,-0.830270298,0.111241117,0.0008,0.0,-0.001390225,0.008754224,0.2009588882074524
2025-06-05,0.434216922,0.0,-0.310733142,0.767848323,0.0,0.0,-0.005750817,0.0008,0.0,0.0,0.0,0.008754224,0.0,0.0,-0.001390225,0.20095888820745245,0.20095888820745245,-0.310733142,0.767848323,-0.005750817,0.0008,0.0,-0.001390225,0.008754224,0.2009588882074524
2025-06-06,0.518583703,0.0,-0.536222267,1.91718921,0.0,0.0,-0.109328408,0.0008,0.0,0.0,0.0,0.008754224,0.0,0.0,-0.001390225,0.20095888820745245,0.20095888820745245,-0.536222267,1.91718921,-0.109328408,0.0008,0.0,-0.001390225,0.008754224,0.2009588882074524
2025-06-09,-0.258955691,0.0,-0.709687892,1.051117911,0.0,0.0,-0.04414884,0.0008,0.0,0.0,0.0,0.008754224,0.0,0.0,-0.001390225,0.20095888820745245,0.20095888820745245,-0.709687892,1.051117911,-0.04414884,0.0008,0.0,-0.001390225,0.008754224,0.2009588882074524
2025-06-10,0.689063881,0.0,-1.662281394,0.0,-0.501330332,0.0,-0.115262716,0.0008,0.0,0.0,0.0,0.008754224,0.0,0.0,-0.001390225,0.20095888820745245,0.20095888820745245,-1.662281394,-0.501330332,-0.115262716,0.0008,0.0,-0.001390225,0.008754224,0.2009588882074524
2025-06-11,0.257179739,1.089823359,0.0,4.83113933,0.0,0.067252729,0.0,0.0008,0.0,0.0,0.0,0.008754224,0.0,0.0,-0.001390225,0.20095888820745245,0.20095888820745245,1.089823359,4.83113933,0.067252729,0.0008,0.0,-0.001390225,0.008754224,0.2009588882074524
2025-06-12,0.17108644,0.0,-0.06204319,0.0,-0.261552024,0.028808758,0.0,0.0008,0.0,0.0,0.0,0.008754224,0.0,0.0,-0.001390225,0.20095888820745245,0.20095888820745245,-0.06204319,-0.261552024,0.028808758,0.0008,0.0,-0.001390225,0.008754224,0.2009588882074524
2025-06-13,0.426439879,0.0,-0.620273557,6.428831324,0.0,0.14391943,0.0,0.0008,0.0,0.0,0.0,0.008754224,0.0,0.0,-0.001390225,0.20095888820745245,0.20095888820745245,-0.620273557,6.428831324,0.14391943,0.0008,0.0,-0.001390225,0.008754224,0.2009588882074524
2025-06-16,0.085070188,0.024367214,0.0,0.0,-1.790032082,0.0,-0.051787137,0.0008,0.0,0.0,0.0,0.008754224,0.0,0.0,-0.001390225,0.20095888820745245,0.20095888820745245,0.024367214,-1.790032082,-0.051787137,0.0008,0.0,-0.001390225,0.008754224,0.2009588882074524
2025-06-17,0.0,2.280780812,0.0,4.172052909,0.0,0.076712122,0.0,0.0008,0.0,0.0,0.0,0.008754224,0.0,0.0,-0.001390225,0.20095888820745245,0.20095888820745245,2.280780812,4.172052909,0.076712122,0.0008,0.0,-0.001390225,0.008754224,0.2009588882074524
2025-06-18,0.0,0.480350755,0.0,0.356412495,0.0,0.07665332,0.0,0.0008,0.0,0.0,0.0,0.008754224,0.0,0.0,-0.001390225,0.20095888820745245,0.20095888820745245,0.480350755,0.356412495,0.07665332,0.0008,0.0,-0.001390225,0.008754224,0.2009588882074524
2025-06-19,-0.170212807,0.0,-0.28481384,0.0,0.0,0.101475229,0.0,0.0008,0.0,0.0,0.0,0.008754224,0.0,0.0,-0.001390225,0.20095888820745245,0.20095888820745245,-0.28481384,0.0,0.101475229,0.0008,0.0,-0.001390225,0.008754224,0.2009588882074524
2025-06-20,0.0,0.619027382,0.0,0.0,-0.224259707,0.001913638,0.0,0.0008,0.0,0.0,0.0,0.008754224,0.0,0.0,-0.001390225,0.20095888820745245,0.20095888820745245,0.619027382,-0.224259707,0.001913638,0.0008,0.0,-0.001390225,0.008754224,0.2009588882074524
2025-06-23,0.255210687,0.0,-0.700021007,0.0,-6.814898374,0.330509342,0.0,0.0008,0.0,0.0,0.0,0.008754224,0.0,0.0,-0.001390225,0.20095888820745245,0.20095888820745245,-0.700021007,-6.814898374,0.330509342,0.0008,0.0,-0.001390225,0.008754224,0.2009588882074524
2025-06-24,-0.170068068,1.508735963,0.0,0.0,-5.802384012,0.0,-0.171804948,0.0008,0.0,0.0,0.0,0.008754224,0.0,0.0,-0.001390225,0.20095888820745245,0.20095888820745245,1.508735963,-5.802384012,-0.171804948,0.0008,0.0,-0.001390225,0.008754224,0.2009588882074524
2025-06-25,0.0,0.245727323,0.0,0.806517344,0.0,0.0,-0.057333972,0.0008,0.0,0.0,0.0,0.008754224,0.0,0.0,-0.001390225,0.20095888820745245,0.20095888820745245,0.245727323,0.806517344,-0.057333972,0.0008,0.0,-0.001390225,0.008754224,0.2009588882074524
2025-06-26,0.424629088,0.0,-0.023376605,0.694761894,0.0,0.0,-0.133907241,0.0008,0.0,0.0,0.0,0.008754224,0.0,0.0,-0.001390225,0.20095888820745245,0.20095888820745245,-0.023376605,0.694761894,-0.133907241,0.0008,0.0,-0.001390225,0.008754224,0.2009588882074524
2025-06-27,-0.25456102,0.029219902,0.0,0.330578813,0.0,0.0,-0.095757931,0.0008,0.0,0.0,0.0,0.008754224,0.0,0.0,-0.001390225,0.20095888820745245,0.20095888820745245,0.029219902,0.330578813,-0.095757931,0.0008,0.0,-0.001390225,0.008754224,0.2009588882074524
2025-06-30,-0.170068068,0.420549958,0.0,0.0,-0.541517569,0.097672155,0.0,0.0019,0.0,0.0,0.0,0.006287614,0.0,0.0,-0.001261677,0.20095888820745245,0.20095888820745245,0.420549958,-0.541517569,0.097672155,0.0019,0.0,-0.001261677,0.006287614,0.2009588882074524
2025-07-01,1.016096803,0.235376275,0.0,0.511510067,0.0,0.0,0.0,0.0019,0.0,0.0,0.0,0.006287614,0.0,0.0,-0.001261677,,,0.235376275,0.511510067,0.0,0.0019,0.0,-0.001261677,0.006287614,
2025-07-02,0.0,0.0,-0.063874576,2.986179017,0.0,0.0,0.0,0.0019,0.0,0.0,0.0,0.006287614,0.0,0.0,-0.001261677,,,-0.063874576,2.986179017,0.0,0.0019,0.0,-0.001261677,0.006287614,
2025-07-03,0.504202749,0.317518118,0.0,0.0,-0.774914324,0.0,0.0,0.0019,0.0,0.0,0.0,0.006287614,0.0,0.0,-0.001261677,,,0.317518118,-0.774914324,0.0,0.0019,0.0,-0.001261677,0.006287614,
2025-07-04,-0.335852541,0.256611497,0.0,0.0,0.0,0.0,0.0,0.0019,0.0,0.0,0.0,0.006287614,0.0,0.0,-0.001261677,,,0.256611497,0.0,0.0,0.0019,0.0,-0.001261677,0.006287614,
2025-07-07,-0.336984312,0.58664282,0.0,1.500501603,0.0,0.0,0.0,0.0019,0.0,0.0,0.0,0.006287614,0.0,0.0,-0.001261677,,,0.58664282,1.500501603,0.0,0.0019,0.0,-0.001261677,0.006287614,
2025-07-08,0.421053254,0.980578559,0.0,0.562325755,0.0,0.0,0.0,0.0019,0.0,0.0,0.0,0.006287614,0.0,0.0,-0.001261677,,,0.980578559,0.562325755,0.0,0.0019,0.0,-0.001261677,0.006287614,
2025-07-09,-0.336700655,0.993576498,0.0,0.086231681,0.0,0.0,0.0,0.0019,0.0,0.0,0.0,0.006287614,0.0,0.0,-0.001261677,,,0.993576498,0.086231681,0.0,0.0019,0.0,-0.001261677,0.006287614,
2025-07-10,0.168492036,1.120277613,0.0,0.0,-2.6641069,0.0,0.0,0.0019,0.0,0.0,0.0,0.006287614,0.0,0.0,-0.001261677,,,1.120277613,-2.6641069,0.0,0.0019,0.0,-0.001261677,0.006287614,
2025-07-11,0.168208618,0.968760281,0.0,2.692834278,0.0,0.0,0.0,0.0019,0.0,0.0,0.0,0.006287614,0.0,0.0,-0.001261677,,,0.968760281,2.692834278,0.0,0.0019,0.0,-0.001261677,0.006287614,
2025-07-14,0.419287826,1.387865645,0.0,0.0,-2.089758242,0.0,0.0,0.0019,0.0,0.0,0.0,0.006287614,0.0,0.0,-0.001261677,,,1.387865645,-2.089758242,0.0,0.0019,0.0,-0.001261677,0.006287614,
2025-07-15,-0.335289501,0.162977083,0.0,0.0,-0.632587619,0.0,0.0,0.0019,0.0,0.0,0.0,0.006287614,0.0,0.0,-0.001261677,,,0.162977083,-0.632587619,0.0,0.0019,0.0,-0.001261677,0.006287614,
2025-07-16,-0.42069898,0.0,-0.949670869,0.0,-0.934101239,0.0,0.0,0.0019,0.0,0.0,0.0,0.006287614,0.0,0.0,-0.001261677,,,-0.949670869,-0.934101239,0.0,0.0019,0.0,-0.001261677,0.006287614,
2025-07-17,0.0,1.494391652,0.0,2.399114256,0.0,0.0,0.0,0.0019,0.0,0.0,0.0,0.006287614,0.0,0.0,-0.001261677,,,1.494391652,2.399114256,0.0,0.0019,0.0,-0.001261677,0.006287614,
2025-07-18,0.755988481,1.052577702,0.0,0.0,-0.335057492,0.0,0.0,0.0019,0.0,0.0,0.0,0.006287614,0.0,0.0,-0.001261677,,,1.052577702,-0.335057492,0.0,0.0019,0.0,-0.001261677,0.006287614,
2025-07-21,0.0,0.736498424,0.0,0.0,-0.204499049,0.0,0.0,0.0019,0.0,0.0,0.0,0.006287614,0.0,0.0,-0.001261677,,,0.736498424,-0.204499049,0.0,0.0019,0.0,-0.001261677,0.006287614,
2025-07-22,0.417537141,0.0,-1.559222733,0.0,-1.221052317,0.0,0.0,0.0019,0.0,0.0,0.0,0.006287614,0.0,0.0,-0.001261677,,,-1.559222733,-1.221052317,0.0,0.0019,0.0,-0.001261677,0.006287614,
2025-07-23,0.581638532,2.284413978,0.0,0.0,-2.260406097,0.0,0.0,0.0019,0.0,0.0,0.0,0.006287614,0.0,0.0,-0.001261677,,,2.284413978,-2.260406097,0.0,0.0019,0.0,-0.001261677,0.006287614,
2025-07-24,-0.831951554,0.044081413,0.0,1.666580124,0.0,0.0,0.0,0.0019,0.0,0.0,0.0,0.006287614,0.0,0.0,-0.001261677,,,0.044081413,1.666580124,0.0,0.0019,0.0,-0.001261677,0.006287614,
2025-07-25,0.0,0.086132933,0.0,0.0,-1.168202592,0.0,0.0,0.0019,0.0,0.0,0.0,0.006287614,0.0,0.0,-0.001261677,,,0.086132933,-1.168202592,0.0,0.0019,0.0,-0.001261677,0.006287614,
2025-07-28,-0.083577105,1.322741246,0.0,2.13138704,0.0,0.0,0.0,0.0019,0.0,0.0,0.0,0.006287614,0.0,0.0,-0.001261677,,,1.322741246,2.13138704,0.0,0.0019,0.0,-0.001261677,0.006287614,
2025-07-29,0.083577105,1.338756377,0.0,3.563528851,0.0,0.0,0.0,0.0019,0.0,0.0,0.0,0.006287614,0.0,0.0,-0.001261677,,,1.338756377,3.563528851,0.0,0.0019,0.0,-0.001261677,0.006287614,
2025-07-30,0.0,0.0,-4.073267089,1.160171474,0.0,0.0,0.0,0.0019,0.0,0.0,0.0,0.006287614,0.0,0.0,-0.001261677,,,-4.073267089,1.160171474,0.0,0.0019,0.0,-0.001261677,0.006287614,
2025-07-31,0.166944947,1.43805482,0.0,0.0,-1.032176007,0.0,0.0,0.0019,0.0,0.0,0.0,0.006287614,0.0,0.0,-0.001261677,,,1.43805482,-1.032176007,0.0,0.0019,0.0,-0.001261677,0.006287614,
2025-08-01,0.0,0.0,-0.995768981,0.0,-2.839830476,0.0,0.0,0.0019,0.0,0.0,0.0,0.006287614,0.0,0.0,-0.001261677,,,-0.995768981,-2.839830476,0.0,0.0019,0.0,-0.001261677,0.006287614,
2025-08-04,1.490093796,0.0,-0.900597704,0.0,-1.562071255,0.0,0.0,0.0019,0.0,0.0,0.0,0.006287614,0.0,0.0,-0.001261677,,,-0.900597704,-1.562071255,0.0,0.0019,0.0,-0.001261677,0.006287614,
2025-08-05,0.0,3.540507138,0.0,0.0,-1.692543961,0.0,0.0,0.0019,0.0,0.0,0.0,0.006287614,0.0,0.0,-0.001261677,,,3.540507138,-1.692543961,0.0,0.0019,0.0,-0.001261677,0.006287614,
2025-08-06,0.573537008,0.732193563,0.0,0.0,-1.246406165,0.0,0.0,0.0019,0.0,0.0,0.0,0.006287614,0.0,0.0,-0.001261677,,,0.732193563,-1.246406165,0.0,0.0019,0.0,-0.001261677,0.006287614,
2025-08-07,0.0,1.861228404,0.0,0.0,-0.736877759,0.0,0.0,0.0019,0.0,0.0,0.0,0.006287614,0.0,0.0,-0.001261677,,,1.861228404,-0.736877759,0.0,0.0019,0.0,-0.001261677,0.006287614,
2025-08-08,0.0,0.109522831,0.0,0.061614296,0.0,0.0,0.0,0.0019,0.0,0.0,0.0,0.006287614,0.0,0.0,-0.001261677,,,0.109522831,0.061614296,0.0,0.0019,0.0,-0.001261677,0.006287614,
2025-08-11,0.244798164,0.088034817,0.0,0.138493521,0.0,0.0,0.0,0.0019,0.0,0.0,0.0,0.006287614,0.0,0.0,-0.001261677,,,0.088034817,0.138493521,0.0,0.0019,0.0,-0.001261677,0.006287614,
2025-08-12,0.0,0.783856158,0.0,0.0,-1.253401322,0.0,0.0,0.0019,0.0,0.0,0.0,0.006287614,0.0,0.0,-0.001261677,,,0.783856158,-1.253401322,0.0,0.0019,0.0,-0.001261677,0.006287614,
2025-08-13,0.244200366,0.749909543,0.0,0.0,-0.844414713,0.0,0.0,0.0019,0.0,0.0,0.0,0.006287614,0.0,0.0,-0.001261677,,,0.749909543,-0.844414713,0.0,0.0019,0.0,-0.001261677,0.006287614,
2025-08-14,0.567492403,0.469935253,0.0,2.036287037,0.0,0.0,0.0,0.0019,0.0,0.0,0.0,0.006287614,0.0,0.0,-0.001261677,,,0.469935253,2.036287037,0.0,0.0019,0.0,-0.001261677,0.006287614,
